169724328, 3867888838
3089920557, 319303459
1525572648, 1921524503
2402156327, 1952515788
1893256191, 2200221663
464014030, 1015139869
4287726797, 708094268
3491700125, 3387314512
772463658, 1086757755
1822691496, 4185859301
3437403813, 2587094368
320570332, 1569993116
2626520994, 1489418454
3064821257, 2407064766
2863817292, 335308652
391480522, 3471448796
503820955, 1367441706
2878498109, 359720261
3995389594, 2428412487
240818366, 1322472770
629047987, 1754910421
4255284038, 1535582922
1647312277, 2224648240
2816662602, 3694731926
1827342041, 1998711134
3160024285, 3029114584
340521290, 1869225243
1124380027, 2650232656
4096832548, 2897021065
3790430535, 1212565492
1324440854, 1974971487
3745103601, 311528846
4171203398, 2871953456
1555587971, 4223736334
3865028522, 3043714513
1900097553, 1734967793
3100116337, 694765291
719540242, 2528237713
1245759097, 807584817
873460913, 1572868528
25262299, 1038536929
565089277, 1817006140
2515617931, 1041808480
803339183, 3539070186
451978634, 1181908857
3553484105, 3071500241
1680774932, 2803379098
4132558608, 437578265
3646850117, 425040033
4280776361, 1585482097
2307845069, 1833514632
2641338468, 1590298878
2627136050, 4061056590
2866036148, 1031534846
1076612353, 1067740422
1057171672, 1031836426
2410877297, 452881360
1766080466, 3952694825
3318542556, 3023327653
1725171478, 3784064932
1348692745, 3941753309
2792279381, 3492979866
4150361728, 1456447147
824959962, 1139266410
844751671, 1304185000
2877858133, 1867214937
3826410838, 1463073477
3283082567, 3044218318
3318381913, 3806217059
3567918074, 3604264006
3847799511, 2426859484
4288320531, 2990731563
529843243, 4148980803
3508911554, 2247439277
2374428906, 2036982327
1919338685, 407359197
119888249, 996566140
3553452565, 4254119664
1388084530, 4215342909
838553288, 2292188342
843316881, 3729815694
2619089976, 2225258983
2985319636, 28578346
69978075, 3797388448
714395628, 1075348185
4141099977, 4107049455
3703513772, 3480156380
541946100, 422072174
1357214220, 3874745032
4097184856, 4170152506
152460814, 706436000
2105409969, 2115209887
1904788872, 2572920478
3717588279, 683197770
3064860939, 1036899610
4184591803, 2509852747
1187632551, 567263074
1415371411, 1050500655
110117436, 2940333989
899934245, 1194149477
2541007666, 1161439019
1392981455, 1401640548
4089958449, 344014055
3150258310, 2852021051
365793425, 1260691830
3848505022, 713080305
316509907, 3737665900
1510990848, 2725493876
1660664171, 3190711961
1680781929, 816099319
3338850490, 2998444654
2318076960, 205714164
4284589597, 648760876
111893920, 696674503
537378873, 1361442951
3301125406, 1254642468
3759701695, 1535065566
2329357431, 347199737
2119129893, 3692991844
3421613248, 2648716346
2850992591, 3759459117
1765289675, 2055043498
3824170551, 4239368120
887162807, 2696354540
1923399204, 585562322
2647057202, 4275658728
3722445286, 1401159710
392965524, 374122331
3948734319, 161331727
158031824, 3065368371
636518671, 3988873439
2959922561, 3434949183
1045919898, 433720014
3832672116, 2269457101
3231393768, 3547282473
1286022227, 3594118214
3144970208, 2263534308
3569549862, 3679608669
3452665617, 1791641003
24129333, 182001869
1409602581, 2779936090
339639056, 2736807060
526887223, 3692460577
786499580, 970994242
2472910445, 3742895029
668792125, 3247212891
631921492, 143480212
2750051720, 2287945370
3660671577, 4181751387
2142457481, 1329128697
1253209664, 1962060985
1786454609, 4264491920
2643301130, 3283195611
1032744935, 2581535079
375524250, 6685378
2530967625, 1545482425
2425231999, 528992421
3581139680, 784100913
3399188993, 249067816
484081647, 2846312624
123069581, 2113822355
2787480507, 4215197163
1572773601, 2504943170
1417843443, 373313370
2677049635, 1373411285
3473807965, 1609012076
1245079027, 3918352596
868306601, 2463587378
721845771, 72006045
3196602268, 195234399
4122843985, 2946909430
2338551893, 571284910
3656473892, 1952441508
1236762328, 1674904725
2862439219, 2336643935
2683489194, 1910166796
2440424449, 2086159700
31439864, 3289201832
597180898, 440208549
1527402917, 2022638599
3376633008, 4011250746
3408146014, 3497005077
144309548, 2134777033
1452339972, 3117387601
2545108704, 1041409880
3302946178, 3198354005
3398275993, 167834916
333213123, 779597250
412451277, 1198603727
2800894672, 257529438
3490815436, 217084870
2874912957, 4217676415
4160502177, 3907460797
2431269422, 266723496
2425739271, 1723677573
3112035257, 1186678927
599563820, 1895467282
2849238758, 1117509608
712403857, 47201547
18754742, 240383503
3039553271, 1355531333
751936187, 1629457662
1966652973, 1016553743
3886006107, 1022774901
2051362252, 3604074468
2657922235, 1273619996
942921541, 1236446108
1558240428, 673418725
3816301931, 4037024566
1263466682, 2941473923
1322060812, 3289877454
2382612294, 1816932163
973720426, 3638463033
3592233846, 3511103124
245246065, 2540340358
1935366734, 1561632780
4136470015, 3146828869
3510248813, 3565212089
1325894283, 2258587299
4287611803, 78609815
3345587542, 67857377
1084015862, 854755840
3729253965, 848283172
1211368458, 1310168693
1060044140, 1380362482
2518985133, 1159871075
4241819232, 3982939919
1773516306, 2727062410
2148495967, 3107353234
2957276190, 424490793
3913502941, 1546316112
2883546044, 106679986
3757421355, 345330812
1810090438, 2186645391
1838359458, 2113062046
4253186836, 1268851280
1441405565, 1447462231
3394079024, 2207897624
2372633292, 3381711244
3762419796, 2440162425
951619015, 3781737086
1504305684, 3063492952
2016496497, 1270772787
2831980831, 3830853609
2164908885, 3851891569
1797260300, 3780277898
4243910307, 154906856
809723660, 98685222
468865575, 1016709987
2596883742, 1040514355
1899380347, 1815197184
2409528953, 693187000
3047722639, 1701715110
3848214252, 3951708786
2732692804, 3978184757
3972480195, 2048922608
1210321102, 1348473925
3790434288, 1242042889
2315185962, 1937170697
1972606049, 691072408
4262323433, 2277325005
697209345, 1619433649
1806329295, 1344678240
1017142770, 2180786527
1237611423, 1812444952
2135674732, 319809346
3182854721, 1731222823
871499580, 3204557813
4015109025, 913905111
1513082409, 594535774
3525675080, 141078871
2573164748, 2804918255
2073593030, 983292251
3376609076, 1072638593
1320695317, 1417592556
1390511533, 524827282
1657325991, 2337536490
2523456268, 3761668678
3359475875, 140437360
3234813510, 3822669788
2117775752, 2770864391
662262232, 2185695972
380410552, 3642490092
1663581168, 1923768950
510360035, 2759828749
2264405076, 2148294758
351664535, 3802791317
3368028254, 3302668088
2081870830, 2272146861
3764139548, 2071143663
19817923, 921500695
1621690523, 4244020962
385408765, 3815306973
4115155608, 3735019574
3434593973, 2202509676
1280370059, 976860969
4086166584, 2214441965
3666210653, 3075565008
607266376, 3148044591
1701023495, 2857933772
2457541787, 374845555
2387555588, 2232792737
4213105866, 2651282534
3677756699, 3603607680
820052579, 935834157
2693499896, 1952541687
2281875375, 3470084486
3800708333, 4038482948
414785071, 2626078808
1181927747, 639376860
3461969101, 3787537404
65454346, 1711411505
2635158238, 3150596307
4004993234, 3542307221
1655216565, 2803508443
3254859788, 3615072696
2942090316, 3968664251
390594735, 82235172
3235886499, 507379796
2218624092, 1251260229
4288473087, 196455085
2355811522, 4139279572
1341563356, 2412190274
2151352212, 249477197
3045944479, 339845071
604960221, 1246622560
2161545902, 3296863839
3737122469, 3004015806
2397027292, 3756273773
2727356201, 2890367485
1144133857, 1559462173
2921485082, 393008392
1041941045, 3253657839
215026, 2799684619
346580769, 2713194889
2007762010, 4017481613
54300208, 3714921945
1931937382, 4000891703
2614403367, 3224158794
3365105645, 4217648591
3326696133, 1724117417
4133058131, 1320591254
1340404354, 3145718272
1873024677, 2015956589
1323180577, 1581233248
3315095277, 4200804206
2605054779, 4120590989
3305644956, 1567488353
1896838119, 3604735704
2584253525, 3529046856
1200792984, 2240025342
1369763171, 3105611377
3779018835, 3306020775
2360445504, 3575716687
300548069, 2097962132
3370528937, 3365884282
2431389051, 2155357764
2676363720, 94557939
1761076651, 456841933
733788703, 4022409427
2387045359, 1047171884
673973918, 3145556409
2221471567, 4269628286
3166836545, 568480955
663546513, 1445869236
1088599442, 2266894952
599136555, 2806561489
75566644, 2182565885
4092767524, 3053982938
1564263996, 2846471365
3823372166, 1833681031
3335485522, 4080877254
93334514, 2581943356
3723372929, 1468316269
3426272144, 1030822077
3625007269, 3544676047
1795011925, 621894081
2334432167, 3602675937
1049701074, 823989460
3884803642, 1483626131
774932153, 3850530808
1086951456, 2228820785
4120962583, 153332106
262213820, 321483898
1643424424, 3047687509
3822584978, 3770824226
3151047283, 815076517
1774505841, 2541632199
4145490624, 1622229933
298583341, 340299343
1410475573, 1153103087
3571928462, 2022603768
496146691, 1253940052
1457564124, 2314702998
4212125510, 2213916080
3208505436, 1356324328
4179536152, 2862974319
2418850282, 3404845915
2838915293, 292826133
2030230992, 2580658599
3697259857, 2437917107
1616932060, 3744583934
3953658099, 3801621917
3452366222, 2998050348
3150020038, 2205364051
1960430182, 124860791
2302233199, 3039010002
130597110, 1919192981
919707071, 3806431418
677596538, 2396687411
2429606050, 1938869391
2275596569, 3940266759
370051942, 3512383283
2763162325, 4234490847
378121402, 3591597941
3519539265, 786829554
4281503772, 835769802
941803360, 3650219861
2483770690, 2906052250
249581412, 3115662459
2144523628, 2474704519
1481753373, 3200927936
291665743, 753773602
3441826934, 3465915146
1077180108, 3947433824
1837781835, 1217072584
3500395303, 2872892948
2089669607, 533231562
1460253442, 2155473405
1200305565, 1437583111
950979683, 1551980130
1176953060, 1051161347
4110871415, 2385838742
2501629027, 4052194135
3394920820, 4001878808
101080008, 772530098
1662320761, 4134110092
2020815801, 3802229512
1167423298, 1804748527
2340531239, 3453892481
3587533299, 1989528639
696494452, 3894190720
1396687604, 624895327
4280259364, 810923733
2875734628, 2786756078
3524403994, 1173679875
2536391530, 893443642
3069334423, 2162308845
3706229001, 532877010
3241492456, 3688915241
227766304, 3090052234
2114085813, 1343106928
2959671700, 3013417005
1075762461, 3215799484
684734100, 1051966167
323989104, 1460230920
465909286, 2526929387
3703430121, 2817479468
1130377449, 3343948450
1019252952, 3812404349
4054832305, 15708460
3068987362, 3084621227
3785456948, 1108279996
3677275071, 898258494
773350662, 2236385040
1525222533, 3536918173
733330618, 1838302879
745146331, 3208244092
1957714448, 1511330718
3577357435, 1368551931
3983561888, 1471205349
58941625, 2727573175
2072668138, 1177204831
160811884, 1696149164
3767704735, 802900818
3627660961, 2171058904
3019873965, 3823882027
3754058704, 3841907707
2578125803, 40073582
1176556035, 2815442188
1221396732, 3298791358
475510176, 1562248181
1041507453, 2817032936
691421760, 2502339160
65994034, 1812690982
1052184274, 2987333149
4047281984, 1033721381
3798716723, 2274561864
2972704815, 3608886531
2103165930, 521824753
1886631399, 700353194
2842657180, 2024193424
3216882548, 3991678366
2824515691, 2037899777
4264169136, 1671582064
2981924923, 3870190489
3676857337, 1705292069
3328364092, 967023063
1531689101, 2289625027
3103419179, 2255014540
3144933938, 3240214233
1420840988, 2048333778
2962586211, 113214390
418562759, 4152369279
4208750930, 3291142206
2163207829, 4156256195
3855662245, 789932029
2164943530, 625391166
4276698781, 4284266544
2514044083, 675177609
675622624, 2920871791
3171912675, 1852455399
3905176749, 3264637521
3223835697, 2803831770
2923580232, 252167200
1772498054, 1928232352
682984482, 3867875820
220061472, 3993390638
3752508211, 2365265723
2032626937, 1097797457
137735174, 1193085226
783812008, 884513557
1384370468, 2958527861
3770575488, 1171324464
1985053054, 2686831699
460213238, 2918294937
2684779873, 463811014
771851464, 1770830559
3200202511, 3217862966
2690765588, 1220732240
3277302525, 2269603524
3300822359, 398221299
3250957741, 439131727
4072241848, 1552995852
183535209, 3517494083
2912700715, 297292614
900968021, 2031146403
2393749722, 3339790804
3427743778, 1491617465
824471536, 348843620
1916807264, 1747804508
294989326, 2293001062
1241712083, 3568419307
2131234683, 4082265716
3434155915, 3689698221
2862460982, 4023149469
2710205295, 2349965246
2756081209, 2599753098
644818923, 2960470230
3969002975, 4006337280
651854629, 1855150200
571581018, 4268499290
4198881813, 2568258580
3342991275, 609031001
2040989163, 1900376876
1766208685, 2049129627
3433618792, 797515617
121812752, 3643920634
1225538738, 1313470287
39371342, 4009846516
415441428, 2665147769
954326240, 1168450172
13417191, 1554607609
1268486385, 2527794677
4129369695, 1793478046
3604102598, 1607852750
595484858, 2674120351
184973989, 3073805493
2619874062, 52845263
3252835688, 3797823189
2311305601, 3307153556
1755327248, 1881809020
1543809791, 2213975340
673340488, 101357330
3575321207, 3484058337
263847925, 2042531658
4263970920, 1693170198
2986221935, 2859417848
399677397, 3354017766
3236153678, 742417274
2710937141, 1720804476
547917920, 2091846059
1824333443, 1734326363
1355161969, 3746947067
2423391739, 2359928403
2958211394, 4140191647
2674846316, 2039475914
2740261600, 3076883461
3113024157, 3603978485
3374476448, 2003625844
2989842501, 208963160
3819571862, 4273205762
248297010, 1141650567
3904187802, 2054703678
2607535029, 3857784268
842417280, 238405684
4051274502, 586280293
2573562038, 3004506827
1428649973, 3765778971
3868456713, 2649384289
671868139, 3732419951
2526381935, 3488095177
2197949676, 17308463
852778901, 2204381093
355001431, 1621275595
1041372714, 720703756
1397554625, 2751239808
4186259853, 3613246036
199285554, 4080466709
3821736568, 4088731689
1865789171, 3164878776
3146178006, 3525239403
3627386110, 2305068770
154860692, 4285355888
1783415819, 2232694815
658364977, 1408367553
4023889122, 947575500
300601299, 4112284838
530695078, 4237840708
2368576711, 3286205052
172372553, 2537067466
1444260753, 2483633459
1771024298, 2723675062
2373662806, 2581603084
553019142, 444429333
1630188058, 2973273409
2979477635, 2749446849
2814133572, 164971139
1111006737, 410617647
945457627, 4152520963
406792381, 2520888964
2983963101, 2048447025
2285266324, 2730892250
1170696926, 4164577890
2880007395, 481204059
1671387372, 3464680657
3512710756, 2305228396
3458454382, 980352825
4201997091, 3450781289
3051961746, 3113908134
3847894090, 1876292002
3798489730, 1195675273
2755719348, 1234156115
1049184717, 2626978431
2434975415, 4099046960
3655987509, 2944036482
3822936690, 3618221360
1649214522, 3893365288
3902192137, 2760640428
3798233323, 3260027504
3622971550, 3228434594
3801712570, 605502459
4234385071, 749219378
1596895832, 149928164
895903938, 377532685
166986317, 2515447269
653139666, 676284928
3768700279, 2671531093
352552708, 3558540068
615477045, 59314492
773302844, 1675087808
1224074914, 798884319
4040160803, 15456106
3543943591, 1905416995
1517491058, 3565667094
974291864, 1956518111
3625219369, 3836133876
1583317571, 2359575388
95743853, 1788722615
2699009219, 1991454866
665035776, 3830936326
3804012753, 867760481
1837376774, 4089191268
3056223868, 65291646
1320207320, 2944873106
1682750571, 650406389
2739358900, 2237504854
1566894680, 2818327049
2316273978, 1322149621
1847437831, 3202493893
659245952, 325660535
15777986, 4255195866
1682420771, 667895002
3840739181, 2062311898
2638448753, 3489005921
693832322, 893379880
1306206038, 3268363720
2509861420, 640783736
1794764213, 427203928
887728006, 4036882177
2474266236, 791928025
3064502454, 1831540350
553791767, 3116059838
1610847191, 633418097
448780189, 2131764022
3987519865, 3099301216
847072486, 2321570034
4043219855, 2987167265
3247892071, 934813958
3191789279, 1536789089
4212811068, 1540453844
1583618021, 3413342227
3592501756, 3308763267
2692104975, 2361652076
3373195125, 1067912151
3631420361, 1119449211
145307273, 2533096284
3745049260, 1033600525
1135042859, 4268818397
564914579, 3227516550
2875443046, 3652357615
1654225717, 1601342786
1714649369, 3460868864
2860357493, 1754332149
2914001275, 563247832
2745299193, 3686198860
1324167854, 1262881620
4120814284, 928538663
2581461321, 3949110634
418665964, 3171676719
1323326030, 4281466313
2765719689, 3976861309
3764114157, 472938612
2722429532, 3727757935
120074089, 275133157
1286975067, 456182127
2211449427, 194989006
449673260, 2763255394
2102208857, 4133485045
3788550656, 702259968
1009594993, 2797207109
2512075368, 37051309
2894937589, 920750311
4154823685, 910767818
485356038, 1667747652
2858071571, 3960020774
3100193851, 2784354357
325524861, 528661491
1269641692, 1259212917
1610368639, 4012504254
4079598170, 877612921
3263750049, 554208914
3665412719, 1008625597
2789364236, 260689061
1705041421, 2469982971
3795362802, 2997672167
3811888890, 288653863
1835459924, 376337731
766728075, 198456545
822540042, 3650456954
113550256, 3623755074
2288937316, 1038328203
2510713672, 799273695
287308951, 4098699638
3018747575, 2530909983
2404770098, 4079072337
2784424972, 3530080489
2759629849, 2012760079
3290516045, 2090905040
3095068188, 1499069245
2659347188, 2821802365
3678992831, 1036329289
3853115803, 2380035071
2827791504, 1808396046
1602066017, 2525038494
984628771, 2951465846
3143621196, 1211823941
3480363583, 3735671897
2913376942, 1902288660
151728526, 2432133921
3340981064, 4152216889
2517202758, 1044699231
3545934588, 291021118
2112723529, 794851645
1436076009, 2783078466
1342573900, 1218792292
1198244650, 992798572
4162958106, 782260505
2955336865, 1231784409
2400852005, 266326169
4024482324, 2853934238
2183391897, 1982418872
4053613239, 1861261507
396466255, 3363733751
547469880, 2108032720
335548086, 82756718
1456848964, 2753642841
2027399675, 792467020
2795080241, 1784081354
386062635, 1752155539
3648987428, 3753950188
3688233614, 2982912399
694087411, 3272398654
1405461003, 2293298404
2550985313, 3861906018
3536775451, 956934301
3608231559, 1253841984
222269501, 1505015268
548297400, 147278586
2676583218, 3185227654
1158601476, 604768582
1297843372, 465351788
3765062459, 3706830230
2284232344, 1398853643
3130850677, 1533016109
1367075891, 561873245
524054688, 2846823437
400376609, 966277072
1875720682, 4210440286
3818889558, 576701129
2000113943, 3362653466
2629789813, 907642987
95484044, 4050289840
3346815116, 2146948905
311762476, 333407717
2761965360, 1001088884
383275348, 815666976
2559723828, 2787289925
2109761334, 1155983002
106098612, 2087809038
2929261272, 1530241482
3630065591, 2106700694
3665863132, 2417263596
1944901236, 2476523416
1732696633, 2207966388
3042227153, 1731607107
2103372525, 446296708
2032413774, 4111520413
1770632504, 2854021319
1706666406, 634474209
1362399982, 243095944
2243658729, 1492303440
2693310897, 3830713234
3511492446, 3254211431
80898162, 947086634
2172368425, 1179717334
3588327626, 2601946979
2558915444, 4145116667
394752410, 3163861613
1522776100, 228874271
970999226, 203788147
2562372058, 1599287185
2010904957, 2293167573
4176448291, 2742542307
3132136237, 3966056870
3355929505, 3856642646
1425102138, 2111633817
2584241865, 3189491635
632499491, 798003421
1566940723, 233578734
3168722880, 3366319817
979688844, 1189498204
1087660779, 1687594506
3717044099, 2381598313
3633548010, 184067546
2794934481, 305343761
281146027, 1872758299
956665104, 3904427211
328187506, 1606959897
4018655090, 284027310
2325990422, 4193683054
2244071986, 2020016029
622423334, 523407922
2953033607, 4191331155
4153031355, 1629644693
66543604, 830026927
3845778553, 314167437
2871817941, 2216089797
214654792, 938325452
1853345654, 219308583
1278715372, 2657381100
4223154165, 1930833758
1446107996, 695247044
3599463356, 3786503728
1181042303, 4239954676
1179359500, 2520451583
3140337060, 4153751369
2651475031, 803837031
4245061412, 1493643779
3162853244, 2643498191
1631552400, 3034775871
1739176658, 3056824662
1385083217, 2172050217
470118420, 2996397753
3223012513, 1987553490
526242625, 4228388756
3372522747, 2592060748
4170503915, 366220364
2727680485, 639234686
3207081733, 2860206374
434691003, 4145692166
2322795329, 380893474
1372020156, 1697245808
1570459427, 2040146304
4170963254, 104538228
96829224, 2933449157
3562565401, 4031517965
1066662929, 3462933616
3153664842, 1008526376
2060266782, 4128630673
1834694251, 1946092637
4055701581, 3953672490
2276330217, 388550171
690417126, 1321281802
1334526816, 3873426299
3811555387, 574855299
3033383342, 3350666494
376377852, 2556316974
1693760438, 3181843177
232828374, 3482520271
348536784, 411122246
302841950, 357149544
817430134, 3515795328
2574495217, 1085377308
4125224490, 407558665
1987060415, 4056569577
4280671760, 2681347866
2260199875, 1854934127
859968010, 2839510325
722278000, 558704023
1648755384, 2120844185
398083895, 3150528382
1189637447, 3986151558
1480867427, 1480798228
1319360474, 697230766
767201578, 2025557813
1633321325, 821875233
2208505270, 2570722333
1097490434, 1749777719
1642667801, 3797752896
3688917517, 4103658862
3292557414, 1910796283
664098207, 297238165
1120531324, 2786813602
1501569650, 3616720458
1591504241, 2057137003
1554706405, 818341523
97852621, 322383709
1403703871, 885939614
3981345154, 554080898
1522848933, 719559783
1816835791, 781023986
3193210020, 1744045361
478321520, 3616829149
3291455820, 201609805
3818821257, 2894145611
3683272503, 1668030166
1150570596, 1813611249
890365716, 3358388173
2455979687, 2809781124
3219873074, 2276966448
3777115991, 3869022732
1397308011, 3558586702
636857125, 4243471263
70412122, 2936374502
1057605272, 1335900509
866290860, 3820811738
2477186335, 1869432414
2765923296, 3968276660
2361637392, 3244270292
2772619618, 3632129934
2052316352, 57781857
1513529829, 145995038
1077747492, 1335666750
1400437208, 953807928
3426425924, 1454505333
2075315587, 171295575
2143020085, 458265929
1328844747, 473504037
336507598, 3755690532
2771172209, 4164387018
3045340374, 3092578711
3178363019, 3682641219
2270204125, 1408666456
3227068247, 3555404452
4163112617, 4032457709
1877129292, 705540098
2959554071, 2843226888
731997407, 430704950
4024052087, 1872749053
685446395, 798288592
2177707325, 38748838
4110962324, 1573488871
722103820, 2371717503
1523742193, 4081993740
2351957539, 60686447
2333738997, 2426429887
976776931, 2200326695
3504980226, 1045047421
4044638366, 1198562888
2002554023, 3016423471
252755606, 3448049139
2547897416, 1647813067
2272092790, 2811733977
2494548088, 3879160634
1947311112, 1032860938
2425745757, 1648199368
2498088767, 1892544952
2545692018, 2398082023
971106926, 3671637249
2810936494, 2637624722
3935643409, 4251771432
4133554736, 4254781682
4048340345, 166580368
917934463, 4123288670
1889139953, 234511644
3771719546, 105605796
2760389037, 700917483
1690620946, 105403561
2525722040, 2947719758
2062318805, 1523133771
3257187602, 2499155929
1513397597, 2546086806
752320085, 527731697
207291715, 326839216
631495692, 1325934176
2907811981, 1821642200
1164554147, 2654629172
3776402231, 3651161979
1169891052, 1331078486
1531339730, 1958784406
3047958792, 931308727
3058966716, 2901001361
474483131, 2601744454
1864795097, 908877211
552710826, 3766741227
1723672512, 3833854096
2150423326, 4240256560
664597756, 3238828040
3186933772, 3328209919
325864577, 3009029918
1988896436, 1781480560
2500719446, 4279793563
3028604108, 1232061077
3909994980, 2516409996
3336476885, 190042904
4225727411, 3311791097
717882285, 980353663
3068297466, 1634369554
2310535269, 3917672021
2671814526, 3392639068
2282262699, 1162088104
2271277543, 4269361558
2233524655, 3763787964
396025906, 4182216485
431235680, 311439499
2299967034, 1530635659
1337647536, 781264506
1041322608, 433337714
204606007, 2240474342
1134628101, 3698885757
3829779664, 447651989
1809055430, 2498324767
4223253104, 886659509
269083322, 1934351299
3237476860, 2902878604
2936725393, 3290052501
184145260, 2034151428
3643967919, 267866505
3258781762, 3747662420
1121969192, 2963793635
3285063215, 3568498306
2808593476, 4189496777
402121413, 2035603875
3806427495, 3273598139
1348694775, 1996722205
1326556840, 2357605290
757687639, 522767748
987308612, 2762074319
4059358182, 2450430664
2512605940, 974025802
1320212980, 2743385807
1679907699, 1361523229
1621209228, 567002076
4270746802, 3592212491
2908957977, 2941692948
228502528, 1379580592
2668835882, 250911613
2131300678, 1835196632
4140046221, 4140885536
4053293925, 3724797951
624921049, 1766910091
2859643221, 4205169648
2916097282, 802676365
166917384, 1784524481
474106415, 1053803079
4155371202, 170443441
2458770781, 4216374758
1115002441, 2282144780
1260473610, 4042457506
2845616064, 3863893741
3167700724, 204009050
4083733312, 2159590541
423185614, 2691237792
66981316, 207082305
3003898229, 3455080764
463427272, 1067382129
1639116816, 2307510085
116244791, 1940255282
2729836189, 3247306638
3278733724, 180792082
1980797154, 3179884099
3221461403, 2245203833
371722818, 2514153622
1697870794, 3631097154
1396325719, 1257468791
4187839356, 3607347683
2505740333, 3269901612
1857589408, 909920903
2062966337, 1185988836
1436737257, 2974867741
3131601014, 2230486668
1340658043, 713921459
368255995, 2392911897
2397589335, 696732292
3943154956, 284157105
221095603, 1338509561
187796240, 3335198398
1780329785, 3169614897
4069058175, 2398290493
3182867635, 4232271284
2136919905, 2601509706
4181526492, 3991700611
699751132, 164919998
3856114712, 3009652633
4175606063, 1061365235
2449456166, 1423787889
2886105230, 300574786
2594052379, 159204884
2782773652, 3651849530
2768360347, 1549955605
10926584, 3648100195
2707790914, 4015266328
2673643579, 1236522902
4025417861, 1986257154
3005628741, 98866974
827284705, 2619114274
1413688221, 1594021974
2989959911, 742299064
1637420281, 3804973942
2174647353, 934456331
4230310718, 3342852427
1070624966, 141910430
843389581, 3160185743
3963560107, 3989107002
2149410902, 672926544
1504389710, 1134910095
4020437629, 4151563631
2165962752, 1949916525
796067217, 2688893029
3656473827, 4119715236
54943987, 912833845
2478375468, 484113821
291199097, 861888835
516795800, 1273791291
4127728509, 4233462479
2296415184, 3423958854
2919429398, 1162097680
77553783, 959989336
778518390, 3023545499
2913040734, 2241065544
867042408, 586044873
1785863622, 1895308377
1672922714, 80762429
1313711070, 392239854
552133839, 3349024180
133087030, 1487908280
2673911574, 3726443886
362132729, 3227778019
3725774963, 570215150
1798562056, 2599347224
1100352282, 1413401126
2318637919, 3689203147
2368279318, 338014954
63676764, 1395626588
2436504924, 2225515975
1195015493, 1817699063
1909097467, 3205855654
2930367362, 1116058782
418421357, 1524074017
2697257225, 3497448418
201702182, 1361694622
2737419516, 2015398439
1608374760, 903427001
2463760428, 230676320
3627155960, 1541086871
2472840315, 1392679153
2722040982, 2903425345
1291635154, 748379910
899506740, 2651516558
1873994940, 2366594747
4009237747, 3762448768
1019839417, 4271266496
3503650530, 1757042461
552576892, 1665500535
1382132705, 499274675
1585945420, 2631795117
463650371, 1189769573
2889803893, 3297396274
2009729429, 3925178440
2871122249, 1187064612
2667598289, 2954769751
4221742963, 2793036368
3187950365, 423952956
1455851091, 237438722
2539222398, 3003868612
246320835, 3644702431
3097275536, 4039674150
2677465289, 3760510390
2288024277, 554598274
2652907093, 266861474
4106673346, 19846313
3758819929, 2015917013
3676472735, 2526683795
2322089673, 3162483494
1142434807, 3309601505
2989203018, 2051849047
419959877, 2167568073
3279980788, 2325735913
2732229612, 3930580902
758198047, 655722083
1275508549, 235235048
3210515844, 3933058917
2124279970, 2483629216
4049658610, 2385595523
573164104, 1466134191
2130988814, 1113725452
2930622048, 1953438888
1097820344, 3893783214
1940986701, 3966016434
3903129077, 1648570810
932403226, 358066443
3037834527, 3978846679
2033741336, 1478062456
3090282385, 3653297921
1603411838, 1123685336
3503828929, 3489925622
3797665021, 2169209243
123784565, 1678138086
472523409, 2348769008
2495118810, 637187490
2600129356, 1832321810
439250217, 786949982
3905850758, 654853181
417052556, 1295401842
3847805056, 2290856608
4085579495, 61256912
3698117644, 2700519235
4261982080, 3054916296
3455670509, 1678895406
3094596457, 1190226392
552208364, 2736271059
1841456649, 1112170677
1952225441, 2946704338
1201583534, 414840823
87792601, 3496973797
2733388765, 3128772302
4012320158, 1678105708
4011611484, 3563513543
710291801, 3148548269
4022591143, 2370833878
3654276034, 706916711
3541708240, 1470032075
1039993269, 2995721000
1819669063, 2160457188
4015408652, 3701861860
2972563965, 2126520245
3524057234, 2954800964
2409431849, 318323177
2797426066, 2511183630
3005508154, 2489245096
1701885342, 2869005555
3838846336, 1941453235
1596839301, 990684634
776386056, 3851553624
1844436884, 260055659
2590587304, 2180853908
2641992183, 1311796260
254029657, 2303805112
2185017161, 3234778143
1075564222, 2723136320
304689680, 424041041
1316318419, 3972194578
3297597932, 4126265461
2286542598, 4160290868
568546963, 260225596
573479867, 2124502810
69144303, 2598635368
1191174564, 938822194
963965782, 3420833075
323836929, 1057421325
3265188657, 794380991
2240913649, 1280968788
2924621836, 3199044137
2878324744, 3757834731
206047507, 2642404733
151426465, 3556554871
2829461655, 768470275
1881476516, 1777220330
906216585, 1401552054
1521382790, 3946664455
1050153058, 678646702
2582269362, 690948649
3966825627, 2189860308
103174040, 807668240
1976338926, 1048920757
2533197096, 3416708813
2048660253, 1626363792
1026505399, 869210655
3709149852, 3686951188
440716226, 2093945905
1441167688, 1726406765
850816133, 2676589848
1499794920, 3300498434
586477261, 3452260057
1998844535, 2497405523
3128439870, 991635909
3510050291, 3653650294
2406813587, 276112618
1683122930, 3314061556
3142030016, 1617424495
1959623561, 1468777410
1614614617, 2033462483
183763951, 309743515
2820278797, 892912531
1584240996, 2285280940
1481683245, 2280394296
3817498615, 3424493094
1175686657, 98379425
506936455, 2393828055
3159999398, 1377828687
3717677259, 2120149619
3832790073, 719096884
779362448, 584202187
140657258, 2908748685
2467568321, 286793479
2987204419, 2884636097
3224230721, 2711215217
2119600385, 2838098346
1435181609, 1328453145
3865693505, 201617621
3816420908, 473307185
1625181979, 3613568377
2846688161, 2841134786
1216861099, 692497759
3370544186, 4076093451
52721531, 954416085
433543027, 762903577
3254564539, 262092578
4156430575, 3894616420
4221883607, 462261647
3182361802, 1363471292
287691620, 1806627955
2419632931, 3733522572
4253513636, 3388503371
691691088, 2332373688
3910434640, 3264108127
3344587987, 1842451895
268497619, 4017428720
1401215223, 614882013
3368269127, 2675587760
1542653072, 3404487143
703606576, 846228801
3796916775, 1597215809
1315781207, 1334222623
897595515, 2872645305
880841784, 2080841211
2012253721, 2804311465
1602848290, 123813351
733541966, 3655831634
1909096801, 778244593
3380759358, 1898339221
796675819, 81186285
2213637528, 677008430
2127342352, 814396789
1625101928, 4208989405
3782934139, 2590234846
4093686512, 669524724
3844764818, 3606108098
292807983, 3974507830
2157163073, 3517707675
3486930236, 1975309779
2488436259, 1240584078
1185486497, 1090872103
2501521519, 2192446571
2177000529, 2799619960
3916251437, 3251852060
3762472825, 2396221831
1973357667, 1964748914
396241273, 2381174564
2456846163, 2995522766
794800825, 1875924324
2940992136, 1458374907
3527462484, 3122265083
1725617235, 406313374
2866470079, 3369053052
3910633186, 2940487343
3299254890, 2283786297
101607194, 812412820
4110569963, 3329406589
2898807854, 2591895225
1774665410, 4002604655
1607122584, 440530260
1540572041, 2035951800
1735739164, 3288456826
2982461048, 3975497760
486328628, 3890247301
3165666076, 2930102410
3010657440, 1398713769
231275701, 4080573012
3311883553, 1648834719
4191915751, 949265029
2717301877, 4142156929
3339152926, 2095236359
2082747556, 1826857305
2245697737, 1293759641
438537766, 3662845180
3167003344, 4262944650
3397568112, 634260753
4262676078, 3687339232
1001314565, 1147145711
3008146973, 1730551818
277555507, 53414000
585879732, 3470263566
1356536800, 1261710163
915119880, 3941767417
3519590228, 424517778
3820749646, 4066797549
260138446, 967329062
3102353567, 732258441
679997526, 1166612948
3174304227, 861674285
1754210138, 2066494591
4208664883, 4245339218
1972025777, 852295116
3159157967, 3633420270
2970608046, 3355256009
3135207207, 2667641231
1737684763, 486237971
4110884331, 1617393733
376049676, 478398446
1943753990, 3725383787
3364583363, 4219222758
2551357947, 1473670066
2189914742, 3220877058
1173209041, 2190845983
3363831234, 2743711850
1611802019, 1725494329
3995083975, 3835087638
3175056193, 3877719591
868814461, 931788081
2606607897, 1110935615
4218601779, 2625861888
3235785577, 1163704008
4139350246, 1477854080
1701275059, 3661393767
513483144, 362250974
2401204536, 1048216367
3957037555, 914304608
2317403587, 2041288377
2999457351, 3130620762
3685334211, 511839976
2213744485, 2636156680
199072040, 1327398544
2885956825, 938124940
499837971, 4183396563
3831912263, 1129054686
4092100238, 1405626737
442185652, 534305337
1251478990, 3372297037
2215990044, 2701989691
1900337989, 2213985219
3028832449, 2390598359
44659294, 3204251499
2759057089, 3280306669
1309642606, 2220687821
1287144836, 4225990341
48826920, 59587381
1000945103, 856230020
1114195751, 3969045351
4185250634, 49805672
2923987866, 3998574244
4213463767, 3625541938
4017814119, 2256930297
891318135, 2168329085
696831689, 3690967006
3138079812, 508226011
3339548209, 1690930883
3307327092, 2878774255
1802785241, 3351949394
1101260900, 697094037
1657684820, 3677564674
4197082287, 1126460456
3333842731, 1911696067
193892031, 3382032619
4018391110, 104950155
3626364091, 2775917590
762814429, 3926037714
940938817, 2031401171
698381282, 2440696520
1258841455, 4126203702
4057157078, 1343824518
1530888711, 2554386643
1873168829, 1115947220
25240405, 355062927
791207018, 1357028339
1269075628, 9097116
3941029778, 3648263977
3402288099, 658657691
3081316729, 2717727668
1032069705, 3206273619
2047552310, 3841325323
555632395, 448732847
3620247650, 86788121
2810308518, 3518888953
397344854, 90291978
1312453607, 4146647539
1472002741, 1008429111
4226646856, 2705164930
2439609409, 2910106125
386317027, 3650722833
507910816, 2180150271
2778212024, 1065199210
2074847133, 856394374
1496878689, 404344214
3819415820, 3144871224
2353647628, 1961453619
3339980640, 1096419173
3926133876, 3764006704
3734744928, 183796822
4170596945, 3467230019
2189683325, 4160697275
3287289855, 3225712397
1547481768, 2280016878
2873077883, 1783923236
843535425, 453540319
4079461766, 3147476122
3059189926, 3923954154
2837177455, 3339418566
2939744074, 3495987861
1062354075, 720972522
1228675739, 1079132316
2354879352, 1567965255
1616835242, 2636601558
3612748103, 3290618057
2017333631, 1723779241
406224210, 2846427390
1088574096, 1956676280
2502216344, 4074681479
452066302, 4165137692
2440379241, 2279862602
2980902149, 3625307607
2529251390, 3105362060
2862071462, 4255146127
3613442751, 770119940
4095264119, 2483956020
1209182569, 2644728198
1490412556, 970366058
1477294087, 2585325337
879374545, 2880917410
893325783, 2990608570
690109456, 3073955138
658341603, 26956358
1657641520, 663319341
1451752773, 3068092680
601191152, 64701421
2834534934, 4260106664
923850165, 3540969772
767712892, 2474523851
2880311405, 2798952978
1282457471, 106706789
4222536448, 2488822374
1276826074, 2705894857
226098568, 2067323853
3415277997, 1580642591
3866502213, 1704127365
167720730, 257723508
727762509, 1276071932
3770912501, 2946254797
2220730136, 1517325982
2066518173, 2839522211
1671823495, 4290509073
2600072752, 3953845202
877344926, 2930812312
2321116912, 3043095128
2578699019, 3945579135
2529691377, 57151170
1241817845, 2199306412
3786618988, 2025592706
1465906597, 2925673525
1103367846, 3415436858
352564806, 3633488722
2332433788, 2228532139
1651688473, 1891742
1707220679, 1644451261
2280905566, 4087996313
3609260460, 2954679806
2919124364, 127304867
1447004616, 2416172732
4028122600, 1372591596
3423204065, 1021726122
4066054894, 2086449646
2835871831, 1411863804
1035229038, 2376707510
2409986878, 651133863
2203382831, 1629266798
4253026493, 1933597014
1299431899, 2819412381
1544085461, 2910545211
3315349824, 3634974606
4029409086, 2577332971
3939322959, 1149481098
959734977, 2238087260
2507710425, 1094623188
2016624133, 1897482145
3098763134, 2634600520
2592487392, 120501271
2831807380, 3239553363
2961052919, 823676897
1496674731, 1744030623
273222229, 2189361959
2260482061, 2252898482
1119929467, 1017857315
3275978705, 3789503590
1205559663, 4138311981
268865868, 1319176173
2799071499, 2189712949
726472486, 2694782102
3588158575, 2825898209
218442191, 426000390
660833387, 4105243410
232949409, 1580025073
3982296531, 4213971207
2672563238, 327962879
1417401962, 1037462457
1686042763, 415216738
3299146007, 629829491
467653861, 1811590471
398132941, 521187765
3747101298, 3232647789
632657294, 1946153885
115742308, 2570794555
2432516801, 716596786
2622027261, 3761422903
3587528492, 2094972174
472205380, 2863816582
873823227, 2520901827
3053741870, 2256442365
2431945585, 3463406752
2760811205, 1903096888
3637704432, 2961609238
947592069, 733112151
851984553, 281678297
287879105, 1088467741
3064819265, 2272393685
2898089474, 2670513716
3173832977, 3592040732
4149245872, 1333245586
4005105969, 1995829921
3295548041, 3231084892
3858141950, 959810994
3742471478, 41532869
2444943359, 1968721947
4194212421, 2733042919
3856347634, 4255317723
1733276403, 600294360
969299816, 273421339
2210260954, 4180193443
3448216734, 239890673
3160590415, 1340692732
741531740, 1084160143
1923652999, 3004216763
3811245629, 2152783468
2870732772, 1421691531
464995491, 2995197100
3987345397, 2011877190
3945374786, 608522786
173410831, 2535761935
1203514753, 1421131001
3230422124, 1736888853
4226726604, 969141962
293442415, 3336919963
307820890, 4119595597
3686676999, 3570188656
3997517568, 1411643502
645591132, 3551317083
3623401568, 2617854647
38935047, 35543512
2667500136, 4228609593
1163574649, 2606995165
21891522, 9050194
210330442, 3165839924
3563517301, 2959007159
1344708757, 508247035
3021589271, 3674392265
3482339954, 3997430760
2782120782, 3655649955
1917449738, 319541217
2137353133, 3562925513
1387546429, 3881893775
239490139, 546177546
1220821934, 4113887617
1818927081, 3207951069
1890307208, 233455077
4215014623, 3995991983
1713799, 240905596
4166236763, 577867006
2779135885, 2932973271
4198041744, 1748645720
3359965842, 1141223605
2273009944, 3140380426
2668606358, 3309138299
662311444, 2743480079
621916568, 4100289138
4019820855, 584972782
1044657833, 851604854
1691015030, 2550018946
1293243485, 4138702570
329181211, 4257940380
2612734037, 2246288975
407891170, 3963518398
519129766, 2957459954
2917482439, 646419020
3437379817, 3759567263
1132678682, 1842262828
1548601875, 2733999024
1485183055, 3684133507
1887108976, 2580008343
1518330616, 2892508130
1696763524, 717850877
284651540, 603414082
2921454067, 3611246867
2398546275, 1941633921
980967954, 2167017421
1033140256, 2601342063
3316743284, 3943442589
2401656976, 1067840359
3938662574, 3956834065
3531897594, 1972026252
788741945, 2756946444
2890872685, 642368326
3494222145, 381908286
2590740032, 3675295435
691425867, 2299099945
3184952820, 1906088338
59420689, 1321433116
2257575328, 3919482706
583128365, 1495334658
727703780, 1197167065
2286289130, 2350626061
1331282598, 1006550695
1774776451, 480734876
2702923026, 2544339877
1678300920, 2211504614
2371272721, 4109007883
1657458826, 2549097020
858044153, 1848471453
984527584, 4120398786
2998645173, 4111300660
180074868, 3460970140
4173202830, 3899074501
2095324728, 2085341432
1441186342, 711842916
3533718273, 2034977344
631242438, 1400211856
3718613593, 2201078537
2625681635, 1464235917
1073666146, 1545294455
1430031859, 341591348
2442518097, 3853475295
1421865809, 1066795710
3023444341, 657901216
3448463165, 4019509316
2930892924, 3547325996
4094071409, 3063704829
806851964, 1706785430
705209694, 2028336482
3187546327, 991756296
3964675468, 2134359151
4121518096, 3742542639
4166639838, 2667739783
615717603, 830159400
1566423512, 387795878
3365350867, 3748307106
3917420974, 4054386257
677848697, 996954602
4260476261, 819450979
1109452150, 3119619533
708925426, 2499269528
1632182616, 1842119834
1613032301, 143126938
449283794, 1340484646
1812549436, 1394943642
2062101106, 4036715428
2080683791, 3104934975
2743738510, 663023345
708820263, 3972430695
2689350951, 801898059
2724352051, 251890778
1608660712, 1315695725
286717207, 1689413406
1207292576, 1064594256
2377093522, 3522271306
950211537, 661120389
2769358850, 614180915
3399979710, 176468481
2487465113, 3650398109
4223501940, 2950709267
127248952, 1264502405
3817226743, 1529028469
391598940, 557807079
2000430495, 3811335643
2000366528, 3827938616
2922968620, 3706130752
2388783370, 4080530540
2106972640, 133642978
517965351, 1127720804
1574926986, 1664687198
3030050965, 1333475924
22623636, 330498978
3388370724, 4200682995
3374385346, 1078032036
3804754400, 2270389181
1822451404, 3548135532
1089322185, 2257661655
438998720, 3275682708
540893871, 494048498
3401237052, 1005964843
719299739, 1708720908
3177526962, 2712746828
4139723063, 4123912485
4141830134, 1457383804
1499463563, 832281775
3384102942, 1957930119
1012606177, 831720214
1363584034, 141028366
2993675678, 1257041432
3042177161, 3349229432
1668856403, 3207151909
3391513644, 1632136488
3811737537, 3635352687
3997931480, 2908619658
3643819571, 3895141275
4108148694, 3450652665
258185564, 3323271719
3341923716, 2636522636
3696281136, 771186127
36478032, 1550783929
3883345111, 1961985850
1999892640, 496650277
2891314737, 3689460274
3047094607, 3265434746
536762658, 949176884
2813565884, 4087727848
2717267902, 859601100
2126380819, 133384405
3888922326, 1969813690
569637128, 1096403021
1960163361, 1062227229
1818129832, 3543014908
3592164814, 3391168749
2245037334, 1339377354
1469031034, 490740506
131586225, 2004301218
2725182704, 1566649550
910578659, 140722714
3089490046, 1243797676
3288603071, 1432670756
2148479669, 2642341739
4232460652, 1801796698
3800966990, 1765876041
716251252, 668308586
128958383, 3636112145
3431057956, 3040435247
4112109771, 251278411
973354616, 910353445
3187510210, 1723819473
3275376423, 1708316978
2478714038, 2592939386
1576865623, 1307882174
711203833, 853695787
1925364126, 877279849
2763713964, 1542585021
2820692793, 2427598839
515122712, 2205048574
2590281796, 3291624987
350786893, 3654416584
4038211458, 2035775296
419745311, 1814776631
1189517370, 2469457694
3437151557, 3135880005
183729814, 769053424
2903905083, 688983135
1830845928, 1516468943
2395494191, 899728901
1111968125, 4002995447
3380946321, 1383008785
2526532729, 1918369059
571582295, 1842877521
2672828986, 2158904870
799347167, 866483353
34828418, 3056580592
3950174569, 2391087510
3483528764, 1969402754
3802225334, 1116681720
2278945724, 1658178672
2670080872, 2222361328
3572828800, 1111453392
427173592, 2166621829
652997102, 3403456960
2685131550, 3653157572
3286143147, 265903479
1798645763, 1867947549
3198676887, 1518503534
1950860928, 2361019480
1848863697, 3659952659
2287612604, 490595094
4022602396, 4135364728
2804464043, 1795530837
1407332909, 1084764499
3927930765, 3517283749
2016033165, 4025867196
2754860126, 3347516851
3465698305, 1970459519
2420027509, 1194485302
1068362546, 1505941506
1373069798, 3861098853
3688587892, 2023491330
2393958516, 1937694724
3569791232, 65972580
953924825, 2106725933
4018221895, 1858257535
3535588482, 599448054
1703434765, 3307124281
2102183590, 78274110
4193398902, 1744762324
3268526511, 643399348
766177757, 1153724601
1993795254, 374894733
132901417, 1728252722
1954372764, 3632681417
2103458350, 1793551259
1015838312, 268844300
457762711, 2126871402
2837443202, 3714742027
357608778, 1482269994
3675437343, 365965661
2030899518, 1873456296
4203260167, 3025931940
2096182366, 1701942608
2392857267, 2249768588
2845192020, 3056111779
3255035340, 1017792004
591071665, 730867195
1288697667, 1071646833
2667018248, 3104206328
3046382374, 2728928199
1653441914, 2890928987
2537495807, 112983631
2623000930, 4283059646
3615697152, 1223577898
1126828485, 3482954938
875789880, 362009422
299465931, 2695855058
2058228229, 2093728726
3202733629, 3342032367
145740471, 4043278701
3528687078, 3957466422
208368834, 3065112036
235546952, 510239742
3097184874, 113096186
2520382829, 1985151491
2547369862, 2060642478
482170618, 1028716874
2609306348, 1904380636
2843449330, 3951336255
2690720821, 2740924747
2277413108, 3322557661
2927685342, 1495660480
402909655, 1877479509
3601955037, 1815124962
16944301, 3276861555
1675650562, 1554759565
4021829541, 1636856517
1950475300, 166123502
768934017, 893255243
1501054292, 2027637859
1109662599, 1454168213
904374140, 4041208699
3575594973, 3446071878
1069989283, 4090546251
1221888061, 2311956412
3279674302, 2948727584
755788672, 2575257514
3581370022, 4253077346
452994223, 2403308317
2138970713, 4051859400
2584102695, 3202083035
663771706, 2202958865
966207592, 2728735787
1840245571, 2157705046
3929917203, 2648966940
2621583888, 331901965
3630677246, 2302197616
2956127689, 3637238334
3666089058, 1540316072
1262123448, 1721281123
802906787, 123584621
1657930027, 1645501844
3451157977, 2012537384
1653331433, 17541310
4130985981, 2334449256
1046417464, 1033550456
2394609040, 1771164164
3865856338, 3457791871
2827427367, 646571834
2717747294, 3922250168
718456418, 1151081813
2181757861, 1803680152
987650131, 2643440914
1306381207, 765213543
3015160815, 3777477621
1835989227, 2645886224
2882616987, 955276516
1741965073, 3247062435
4251274183, 1109620464
495907213, 1925642289
2090226007, 1186105379
220703056, 1225707328
3190034428, 990450647
3774817246, 1882525120
2307046225, 3560721976
4178620528, 857276203
1223948480, 834636557
4081814792, 715301262
4283501380, 3911471130
325931691, 3160067369
1761199464, 2386957716
2894318374, 1554675528
2834428389, 3372285766
1582879876, 2750201477
2436066815, 953696827
578685551, 705892498
2539021179, 3087995212
1311248016, 1353321563
3577807403, 1324138092
3570920816, 887030053
3002291911, 116650117
2133529052, 3962604039
961069840, 3421877236
432798543, 1934082885
3699122554, 3661958212
2087276555, 1340404495
1653715711, 1068898328
885920319, 3142808418
2392565311, 3242699244
3852725761, 2671011173
2562618398, 2896926659
1425306514, 2056594059
316442516, 3412966932
418085320, 2721802399
2983377013, 3873835072
1269485317, 2707218675
2611984549, 1152191983
159896077, 1907356562
1804419806, 3264699478
1071794018, 178477297
797765701, 3344057326
3211831562, 1964795738
1150866423, 3119513518
3282096211, 667422010
2519253353, 4099833772
2899488178, 2008953664
1011526648, 4013627272
3125187300, 3833356665
3927769530, 2058369978
680771431, 2134119233
3961066630, 4158886898
676892034, 1991512854
426951190, 1918405467
2472342385, 1972385696
1856156841, 671346684
3025279876, 2720936790
4287576316, 1747207447
2350726951, 236506937
2609533050, 834669209
1191175983, 3030459060
2032682479, 3520361387
3556786651, 3933290108
2724969900, 2095455221
3466658719, 3348861381
790420212, 3414552845
3348622698, 3052103523
1555337567, 2209145838
1627702076, 2375499546
2208727335, 1128828639
128472740, 2903765808
3216853989, 2441826656
3970044815, 4243825747
402943705, 1011066028
3055329283, 1844932970
2278963370, 394178569
345640456, 2567126345
2921470078, 667195749
1245458786, 1392011872
1953571530, 4135693795
3812874541, 2545877149
321838141, 3950371914
2740381550, 1505095046
3377050458, 2380021391
441810324, 1004421193
3095685187, 263037910
3486376364, 2815913522
3558706495, 337588189
2066637142, 1422844097
4154126826, 230260003
2563469371, 851528352
975273629, 120313839
1801724905, 4160673514
3276458357, 1001102932
2014024418, 794964134
3799925865, 3491900083
2029329300, 3861239187
54027688, 681010570
379462698, 442199136
763464606, 4176529639
1964909699, 3790358092
1039088862, 2688099841
3440416219, 123095766
1150531059, 2394979928
4018433321, 3234859209
1593157634, 2284236266
3362612955, 1915441578
2423896930, 1123276550
735713240, 2840404618
150307159, 1433614605
3666225524, 1363293459
2418537727, 1751683047
4205072747, 1298760434
2738865980, 3452585531
513290748, 2642903722
569852405, 2619640089
2589330252, 362060746
2443507355, 3908672961
3907435717, 797778264
3382431848, 884700000
2345182556, 1496183824
1089485025, 3718880110
2960169513, 4065111328
4092963049, 620431733
2409926423, 3436666898
907648966, 1998549422
2369469044, 481860137
27034503, 1484774427
2929351235, 2590715392
713386865, 2320788317
2274475718, 1075678355
3185278403, 146298687
1351831970, 4199435855
81020031, 1048022971
3277835745, 2985284300
2103642617, 1731191773
3539512511, 2529558593
715756502, 1931865025
2432954269, 1693274359
420761080, 2716491889
743676121, 1771087705
1639425646, 597658994
3580272350, 2159066896
89141360, 80918899
3901870645, 76888630
4211871975, 2098044311
995231979, 611901348
3853481002, 1445054968
1614804748, 2594765468
1249992258, 3905947362
350032349, 2192119240
1165044276, 3505074702
2193384934, 3157230649
2192691478, 1920723655
91608446, 2004577230
3497906980, 2883899170
3827837082, 3973958185
3166548768, 4220038042
932224785, 4157372922
1051771914, 1182160748
2431043206, 1971733751
1044635138, 1401020846
2723444881, 394050963
4171798923, 728095642
3581353368, 3374845764
1900654131, 2893835628
1942608309, 2488863974
57830392, 718873088
1297381394, 3788378117
2641678754, 2132607967
3781561649, 4210917063
2161932502, 2964217258
4062399438, 3717383966
1689458861, 2105323156
2585400409, 458710708
2482096026, 4282653157
3173806112, 2260524144
4010782732, 784880709
2235125931, 551516298
2998738966, 753960489
2879340278, 951075481
1590617457, 914383566
1202047806, 802038163
2664708142, 488618220
3382670102, 1612386963
3222292784, 1975049263
3138985154, 3137622158
838682078, 487783294
1649183646, 988121404
2975596933, 733813361
3015526775, 2372439177
1465203925, 1541034570
3967328654, 689043631
920296932, 4157368799
2526068631, 1136442660
2996025532, 4118880316
3245299523, 3889666539
891990269, 4025569565
1973811187, 2163585068
1659283436, 2841499247
822552205, 2758927088
2559949551, 1257539162
4124284437, 2909427371
2477752133, 711475366
1452319369, 70674273
2851491674, 394188924
1008271382, 932969583
3088003238, 3009374153
2325269901, 1696340008
4083888387, 1621564858
172691621, 392932802
1771942433, 2693774257
515113463, 2241902156
2719193730, 3875885228
2533524452, 3490887282
3279335721, 261955664
501427268, 2356720170
135643534, 1912600820
3758006136, 129522956
44397666, 2900159446
4294421209, 2908760865
2333840227, 3485489966
2879019851, 528451804
326972409, 100637397
307282753, 1757401775
1394129895, 213215500
1721031164, 244406003
4025566987, 1218346424
3950819144, 2964101764
2301485913, 3985666844
774945290, 3955723127
1524655274, 4158032067
2184227959, 3630404617
2963414730, 3100997709
4169133091, 2638900593
1657902454, 3156363659
2404494815, 1350288883
1735019602, 1554875448
3115350749, 466828886
3063432031, 166806609
3273346785, 1611738754
1924553427, 3716407298
3794446303, 763457016
3230556517, 4164637740
900772380, 1647896685
930682466, 933084683
3218941183, 911983728
3828854826, 748439598
2008382674, 3391255537
2560556981, 2103259700
4110495822, 1921866405
342029337, 3925315440
4113169657, 2513660766
2961378460, 619309953
304255713, 1477296977
2775217040, 421608173
22605958, 3775697218
1000000654, 3283002300
2650623486, 882899454
153126950, 3643914841
3394255459, 1125546168
3609344561, 1172481837
3134662436, 3070618028
140001916, 812800545
2546720815, 3778143585
1611962143, 2944498485
3612437378, 3848532008
1691526479, 3018101865
3379967332, 1204988396
3224422497, 892602476
511229463, 1253698100
312628404, 1049331564
2132337834, 2410354703
3377748887, 1704761937
3221774700, 2107765584
2756462488, 388927450
646308914, 3497779823
43113020, 1674961956
3944499094, 1301909216
803755713, 2507843311
3911172217, 406776803
3091743676, 528599959
3066715035, 2564634894
2171527373, 1965172434
3142066244, 690711035
1243673802, 2836776186
2605447892, 3849941288
2734071461, 4108594845
779941902, 3482124977
1310051105, 727113848
2826573103, 2865444567
4129165233, 1930576510
1639682070, 3164866809
2786450910, 1074901741
117539767, 1394717889
1664397763, 1051818273
3041858588, 2851094983
4267914163, 4250202677
3509970945, 840538495
1791277542, 979480034
1544448579, 3820882561
4212358913, 3286842978
3648732161, 1347634871
4047684761, 2285632310
3688882746, 2846156497
4167402363, 652571084
3853273973, 1301005670
1041727387, 2317890328
3918252215, 283372584
646868532, 2440973022
1272871569, 4159604662
3114111054, 1789967550
413667540, 382507373
1913895161, 2888333299
1082347412, 1867048104
896416184, 707485967
2453059157, 3594526427
41074605, 1155429503
386897883, 1594390294
2146140437, 2763857868
2937612928, 2460489284
3542363092, 1501915440
677566574, 3243830123
1709365039, 317116429
2691411970, 4252775326
1011412332, 1282374033
505309398, 882687046
837658603, 4028098925
118235858, 313407063
3945994741, 3884156873
958097566, 392022369
2094061143, 341709345
816612433, 1688734075
1340458908, 3035699398
2353196458, 3994507345
1574312374, 3548938060
3436197474, 1197141003
1433311537, 40293552
1244348628, 1661547896
1305495826, 4192826696
467669441, 273042288
3438366822, 3846819427
889061390, 3141874967
1173611108, 559668323
886797386, 2221531712
1295030560, 2502441323
3016431112, 2881362233
4207925484, 2648316828
1661622567, 3556387872
2851971753, 1620564013
800556164, 1695775110
371285149, 799731400
1103817262, 1021796528
2685973869, 4071005496
2570701643, 1655962106
355589860, 3773665818
486985724, 3983634451
3153277191, 2904993710
4138799065, 1990046531
3531960136, 4017660029
12334833, 47327899
3188220196, 2555713028
1191198896, 4290754182
3714409776, 1684900696
4183055598, 3290493477
780837153, 1858302573
897475505, 171277889
2499369036, 911975942
2099292023, 805629474
660873649, 3078279986
3104738959, 1835354725
1219175626, 3335765143
1220119798, 265298140
2655585091, 403318037
3588754415, 1269778940
683023147, 1010537588
1989965361, 1582425002
1315179870, 1411422292
1757542783, 2287382298
3881413144, 3080790506
1543836864, 1573829270
1760679662, 2527549497
3603717304, 4132628439
1987131401, 1841205447
3229580838, 2121848227
266495804, 3182923830
844503862, 814748961
365807486, 1908784186
1825583703, 1953691581
3238381530, 1055796958
2162961918, 321415752
3700006697, 212367748
1452306362, 1723247307
1657912174, 993165706
2630803140, 3828641274
1084182517, 3863991848
1990093465, 3240117558
1477513029, 3366210888
3372482127, 2937350146
611367782, 4117367611
3168479554, 3083332745
2504921062, 2417113714
2210980630, 1661923386
2920425762, 863911777
3070798793, 3761292435
1331902426, 3698895639
3308687798, 2557065548
2350074200, 2972141749
499198163, 2652830972
1978752300, 1574632207
4002030184, 1936470092
1592498946, 427878565
4223903174, 910377310
3588400052, 2594145084
3903690804, 747533649
1591061153, 492311574
1367921617, 577018784
1147140906, 693147311
1840746408, 1006299416
1294126201, 3014719918
1705103048, 2658290153
3459225096, 2583468688
4133941540, 2485017078
3646147612, 2842612626
3828092220, 1795360471
1029782484, 2987995562
356412975, 3112520649
1719355479, 1201645245
2793028660, 563770084
1449454175, 749676579
481166389, 2302222906
793932994, 486531818
380175476, 323825275
3431441907, 317557603
1580839557, 2425352309
247097802, 2743076965
2546010683, 268643118
4039948683, 2721355562
3427950071, 4129340020
469159953, 1757255518
1943196299, 417039247
3988235330, 705727422
3922618787, 1091449366
627951292, 1133227026
3973216091, 3334521591
528965987, 1036033681
2970624624, 991526683
2313556175, 2157212216
3345277544, 2928742675
4225398133, 1127624134
1140910862, 1009613217
1816232932, 824307401
3705442305, 2521071033
3764621971, 874850990
1730287052, 4047120705
1420614271, 906759381
620098224, 3288825314
967920327, 400534494
2338987641, 2419862438
1400571817, 3603143044
1509595454, 2205082268
1739102499, 3019569942
4146365362, 3088312454
3475269433, 1969924517
3625409106, 1981803818
383590548, 2355427644
1344685198, 2084821628
862515458, 3451457273
3050359398, 3462998583
1539936972, 2564065455
2741113173, 1001343716
3753437777, 3159179927
1136844345, 3048504518
297338161, 2618082887
1645408791, 510993591
1945390510, 3345284428
2775217372, 463956843
2745475102, 4076127471
3967616064, 1792680603
455299315, 555951839
1610660141, 3048751269
1616237542, 431680558
2529354781, 3794833727
3612979453, 2380557606
1899541105, 3204782108
4104123200, 2609048762
244944329, 3500789206
1465167826, 2271876549
1518972878, 319409749
1426376742, 981851996
1316462062, 2219530137
4110750427, 1659451068
1175166503, 29730193
3057144169, 358401535
1904474300, 331864615
1437025328, 3895857947
1692506658, 895691647
4117942535, 2321802407
3447380673, 631004308
3174495419, 3370751172
2200572642, 523092880
2852507488, 1558604204
1837542542, 642017762
3099509164, 3527452439
63703285, 46814028
345095230, 3556982141
3206716377, 4027905551
3265754649, 1960938113
3012940076, 3244676595
800981096, 914278111
1254637499, 1482909157
1979038307, 796282839
304331501, 1561218348
1553918964, 2884075683
2768633519, 3487201953
155669753, 587686468
2615029040, 2450147342
2486708595, 454113498
820145165, 82358176
3167475754, 1181695743
343431838, 2745199501
66769972, 1891141594
1023295517, 307238176
516363710, 65612202
1197905715, 2166026676
2087441082, 195488125
1427363915, 999749968
4181546737, 1149219144
1697054806, 1837166466
4010697930, 1099835980
2220381409, 867963125
493281838, 3958491598
3562967024, 354028326
766043449, 1588034108
3683312430, 826456987
110967674, 2194105521
1420153751, 2734673735
4161757997, 1118117773
167716388, 2261498284
933517170, 516917227
1570681592, 2471152198
3858779743, 3639963634
3785448708, 1174909850
4226705991, 1168160426
1373852087, 1930109483
2554508954, 1160147012
1926319978, 3590706532
69089292, 2443462914
1559016375, 2610532798
920282214, 2668480617
1698561838, 2653319727
1059564704, 2072283001
1099698311, 1357664109
958111679, 4240448890
3308967227, 1060589599
3665956960, 3371923887
654175357, 3626410262
2338386544, 1932190196
4187920963, 865256572
270563560, 778166492
2671657652, 2762384687
3773749590, 2423437754
3257956036, 1763271012
882184308, 2788005986
1368481847, 2006435371
2142405214, 944883594
472348810, 3067978935
3560210706, 320377229
4129849128, 1198063549
4202233430, 2251047232
2694325908, 1072931014
582168214, 3165169454
1300888465, 971162667
1266635322, 1662595395
1836782597, 1742188845
2369215895, 3211319232
3098857881, 3463143640
2045332459, 1393243255
1924976581, 2534024750
3704298458, 3417968553
1644388935, 1533416581
1277579158, 1715507725
293335621, 1669062112
4001189742, 1209296637
1161142264, 527987515
1315307751, 3623549473
1778180187, 2311835998
2955182647, 3794992737
3376427506, 3702769114
1124592641, 2824779542
2291880174, 684862605
1712427522, 3135280532
2596565388, 2958297916
1764759521, 1928611237
2290406217, 4030653108
4179234655, 3903545589
1302420495, 2132867576
291591296, 757641678
3602552960, 2283912985
3464966832, 3745293829
4172400206, 479623853
2774541935, 667591907
3499369602, 1373387168
441045110, 4095018564
1183914944, 3464939709
4182742035, 3109847504
3315902717, 2354794750
2544021580, 1565224649
2156602633, 2469738253
3926431134, 2829040363
1825654846, 1500936645
2582549807, 3229400771
2489375327, 4008928171
2073620757, 74740221
2717674704, 2323841615
3660979133, 1102187377
3351499801, 808055895
1117723739, 3706636068
3710895368, 2771588257
2678800428, 678176835
3999280053, 1732947960
3382184106, 1576649716
1648941199, 2271112528
516225, 1632340465
2216416951, 1928706438
70138952, 2341670818
3236461171, 1910911503
1644612421, 2413652585
842073825, 3121356142
16276617, 2743746416
544413581, 2997439032
3983610170, 4116812884
1023382901, 3907683098
1057213770, 1598844679
2467886257, 4127474303
393337852, 4031498072
496500377, 2035975340
3745898075, 3146964945
152810414, 3705960807
3846741788, 592103703
3433082675, 2258111386
1465919619, 3721642915
2200533667, 976112416
3487038573, 2701372397
3850340310, 3005341234
3917150553, 2498370756
3136604077, 3595182164
1064607466, 2128156820
4211648819, 3034455218
2479619790, 1793364142
711266620, 3065372574
1270900801, 1990901606
2343080170, 3535463772
3839366379, 1863829924
1094160789, 2294472067
686223437, 3319288702
4000509195, 152696617
3684836294, 1093412522
1695222804, 1871505098
2738408302, 3672895197
841781687, 3920870731
105600431, 2824341948
1785983398, 2194384462
541717085, 3428464521
3444155065, 2174596829
498540389, 2360248793
900116141, 1951033481
2606142519, 1262454034
3874737186, 272610408
998129612, 986786742
983083956, 1947609046
1507453994, 771113620
60724923, 1083736908
959872849, 2643183204
1087952192, 3144006593
3075856558, 3586857112
322670, 3809663156
4210018022, 115696241
4071265182, 622860599
3393301230, 2270389266
99522806, 3644831994
1505315123, 1866399234
743575109, 3085220166
3624800966, 3730304184
478278224, 3862766292
1612057099, 3842290840
2352243240, 834151585
3395870024, 967547553
2077577004, 1328591695
699109087, 2079255528
739901519, 884791378
397572421, 819229351
491312735, 1959267980
4004188426, 1791632356
921584358, 2239538761
587016055, 689457345
284000361, 3337968377
176102608, 223670865
2601736029, 788179532
2547216995, 540889789
181056223, 1457928746
1931853548, 923341191
3526122234, 1697422178
3753972353, 3379583994
1727316145, 2270049994
201856832, 100717656
3057135224, 3200616775
1035970251, 1902104670
3813132435, 510410181
4282983056, 4057671206
182878919, 1591953943
2575771545, 208328867
594965749, 72803060
1132205556, 3385419910
3974023475, 502746861
3577601211, 687252768
2406665128, 1733300342
803240955, 2482655178
709555130, 3555758906
583440585, 3957325703
1207240233, 1092056890
3227878723, 518679575
1689084100, 1296484279
785769805, 1167394905
985392942, 1131923320
3031929405, 1714911743
1236930099, 3481906152
6290450, 3863836459
707820914, 418725721
3566737577, 1599193399
3433385492, 4080618644
619333163, 376226313
3558129763, 665981220
1414606566, 1102928985
2078693627, 3655171501
2930610435, 3889239178
576748911, 2308134173
113779478, 379626672
708557853, 4167875460
4172202722, 398721225
2711049222, 110362268
1508622314, 2552031757
1987296179, 962255860
996880202, 3197940230
845611466, 902165869
1994853334, 2110716208
4002141945, 2367294106
2197624000, 2244729732
2497587421, 188169997
540168826, 2231691499
3717122517, 3068032888
4070235134, 2351916724
882037029, 3615779852
2301017374, 3264253894
1307708049, 3643484680
1460673233, 3383720058
4289447823, 2277334350
3439392172, 726399379
3723002964, 24021247
2525963853, 2272377817
3997471029, 3191684867
1191944681, 2587665215
1438618213, 188408918
2475863989, 1329540148
2184086116, 1399511348
261043131, 2257839652
865784486, 3316542349
855144809, 2432718685
2837092034, 2138771942
3923603908, 1413209160
3015421618, 1857049174
522114377, 2120179557
2992644835, 827224885
4140817560, 2538692480
313325588, 4191277061
3643086184, 1552343933
1649487952, 2134412757
2733050889, 2778449864
4252828523, 1853284584
4282091179, 3213499046
641103795, 2164541623
2163708018, 1154575586
2794521399, 2881507865
3435429669, 2079142834
3833947584, 1525289251
355622179, 2703501930
2424062831, 1003687185
4045855760, 2150802061
3463590785, 3326906124
1370865990, 590735127
3737081452, 4081125730
770698754, 3732438774
3721009462, 3738695354
3800289502, 313240331
2322113205, 1263517528
4259354617, 698457138
2089361258, 4170323466
1048055171, 844631964
3081598635, 436345603
2891814033, 2059184659
1034161890, 2910170046
2313079966, 2008550760
1037577977, 806888459
2423824555, 1262219595
1195773345, 1212876048
3886991203, 434472504
4073151316, 3308639199
1205822081, 4066585875
765915941, 3314830533
1089895972, 2130310567
3334056399, 110959426
1143125883, 34256805
136422998, 1529661382
3801202949, 376907717
663515997, 2413811524
50183964, 1362331986
3088145188, 179319590
1085080378, 1225552415
3136580407, 2149582218
1819832038, 1521973014
1895684032, 2617531892
3105361635, 2957261474
1178722090, 621624093
1150941735, 756549760
2188480161, 1213395683
3782667722, 127673491
1690033256, 2315814486
2153201640, 2273704386
508711920, 745916637
3507040804, 3541661512
712150819, 1957823871
1002380254, 3154691241
677147387, 2299465485
341063770, 2280556063
2610471848, 3557032910
3314885603, 3521473579
1911057381, 3676115645
704185190, 830415612
1372101340, 2276601579
3793100636, 3905895102
1539987460, 2089520519
80220190, 2304715977
2635374800, 1474068122
856604657, 4287713560
4187726600, 3138316979
592677633, 3935097039
2546681198, 3013301750
2747980604, 3390961264
3442357847, 1537439602
900811860, 421426934
3766516507, 1157936941
367718848, 1789129924
835491129, 4250613292
1396617868, 2634893163
2042439019, 1832820439
2448990695, 1328900021
851879102, 1726493577
3865974621, 1694813279
198986681, 846725198
3518667944, 434098492
3172378379, 1897573659
167048210, 4226669908
4103347568, 1841026479
1674672091, 1230115821
4274251909, 2505256912
1471258350, 2317668251
4174831960, 525820673
3418978328, 1854721907
3598466387, 1595255929
1875215388, 553888024
2604614660, 3075313658
1484234882, 255350549
66833328, 3930359262
513866998, 1979989465
2615521038, 1243799340
3888644634, 4265060637
1822992641, 2711147953
1347660172, 62623465
1057013213, 3811742415
2634078504, 3795627517
2762309056, 247502970
1375412390, 3532464508
1485465000, 1883782797
2184572833, 1754450805
2986522459, 4208313827
516870765, 1947079196
282790506, 467301138
3133395307, 1076100900
732989589, 1720714489
3364643762, 4034551386
3125371753, 211864930
2574178412, 3799310891
2844030751, 2520026607
2458950628, 1360436627
59940616, 1417299620
366674199, 2397210800
2502002035, 3508000321
2781740374, 1254547070
3498441208, 643892601
2149437723, 4054696612
3161495372, 3965793398
1196990024, 2645130417
2121825777, 1182726960
3555458371, 906304922
607615822, 2418882405
1649386739, 693011888
2671508091, 4257380219
1739225061, 1419951320
1759061706, 2075401343
537191123, 3310879186
4014904659, 1026378537
238296636, 418583379
1192740505, 2964309156
1594421366, 3184856853
950203745, 1076018078
2133934944, 3362392044
3495078661, 2196668993
2641888677, 2216997613
4057235602, 3062136552
2360068617, 4181237424
3118432075, 2372463137
4292369092, 1165548073
618791579, 875077168
4109304448, 1847783270
2672281660, 1822453088
1441136966, 3755719112
970995147, 606121766
3240341066, 2604464541
4285864905, 1685825889
2057784407, 1139374545
471834617, 3429122678
1420042255, 3477061854
851078887, 247460151
1460419462, 3308440220
2856547424, 67603969
217125064, 2348990892
2036480301, 2127015168
2299027686, 692533315
2052049043, 2155337979
3362186772, 3061734726
1197797987, 850322022
2784826999, 846427494
2684557123, 984099526
3803161084, 772021076
3815580182, 4281924434
3390138974, 1783912016
558833545, 1000613726
2171535235, 2141810421
3819123780, 3788857344
3677097164, 1460181396
2762122065, 3835055152
717112238, 2468899980
372085262, 3439200964
2919523833, 489684871
4022472397, 1969934052
3281505007, 3014232891
977530989, 1160334676
1624636316, 490360931
1122191368, 2141781423
1923509165, 3709327358
1661238662, 1083061761
2233916388, 3898205969
18779740, 3676679726
1552680200, 3249565861
3111337116, 3171742558
3091539731, 1019646416
2306127441, 3730923047
3681397510, 78057404
1338454814, 1266697831
2516580324, 4119685047
115467975, 4033986504
4015214389, 1547232125
282146553, 2492311033
383932183, 3214128729
4176135055, 2451483872
3062122597, 356814677
2588166802, 3159860855
3996209912, 3347549061
2550678670, 3159994297
2165391378, 942957786
976831204, 2483279889
2317896276, 997016438
1778333079, 1729861787
1461130758, 1608317148
1399839972, 660697745
8177545, 2125550524
2956312215, 4115103349
873287539, 86374094
4045081765, 1951771350
612128171, 2536041385
2091939396, 1410531127
851566464, 1265151525
2403278755, 2637074365
2266713001, 705986144
3129617740, 727792073
324551486, 949158280
1480724162, 3241573917
2455813326, 1265104552
679776684, 1614976351
2705421920, 510034656
1537141103, 3175158698
3282914355, 4261054344
3285756848, 123106184
1903945018, 299880606
3074821825, 935385867
3284569545, 2354521052
2494668426, 1348330010
3206025197, 657494713
2477234116, 1510647033
2697303290, 1786832982
67341650, 1125117359
455140113, 4191935010
3723284505, 3193126149
3123256920, 843528245
2501390810, 2254872143
66252071, 1813998262
2206290086, 1051502546
3759110395, 3243982751
658913217, 2908722658
2589490893, 3192378401
3852021240, 1996066223
1040861290, 482708313
1176709629, 3390843248
49695622, 981029009
2054161563, 2052133541
3460329506, 1803903774
3543299792, 4195026300
3754918132, 73759016
3358628653, 2156718140
3415171025, 2083322029
2054811468, 2325800398
3872193234, 121928558
769496222, 3992996704
4251985116, 4236495865
1353406537, 1739319710
3886039487, 3736464490
3852348696, 1941320761
2148375012, 3386020149
2473007392, 212254126
2259790571, 1243515414
1904666839, 2614615117
3403060009, 2451743688
398637451, 1223423365
3495303084, 3699484429
3698505228, 99762007
3562019712, 3392088433
3261835334, 234888927
4113110055, 1888316992
3902382533, 2840109687
1188259831, 3771149862
3029068750, 3621743361
918340039, 1486867345
2258120475, 2294480989
1310823105, 2392069963
4197014396, 3388606647
2464436475, 3168530239
1342781636, 1130824230
2492057489, 3858582938
401533361, 1958768708
132038206, 3238959770
2385391640, 2532625802
3930820717, 2937347828
2431083721, 2780538756
3128022709, 1316512677
4208038395, 611804963
3733710052, 2805282784
2364783318, 3372936375
436175415, 3336789027
2021411259, 1320670046
2114733893, 3545788872
1007192299, 4292569092
3551156565, 1968100069
1766128773, 2333591084
3509058843, 881154553
2758475495, 1267053003
649250786, 3381262705
2302850797, 1124918177
671980403, 3834712914
3172219932, 2829927025
3701805797, 3747121373
3432923121, 3605172868
4159311983, 1696631556
76574918, 609528695
1704568521, 660554439
247102796, 1022996948
1999648639, 1852961805
1133738771, 4200740145
1137843025, 1242913678
2076840652, 4259291594
2608738057, 328874129
3002375223, 4135986254
4039117125, 1802439188
329749821, 1598438163
130319130, 1115735667
3135083019, 3919765223
789541931, 97489434
819704829, 4128078564
460832982, 1635757438
3435256262, 747252147
439506888, 1050640564
3920252358, 3598118769
1679536087, 2789703358
3272235454, 2007927469
151936247, 575423804
1478955688, 1332148478
2037338265, 1260546703
2212263114, 2765003630
3527809703, 1363285108
4149729278, 2672580385
3551902096, 404543590
225666554, 2989453640
1139989464, 710513174
137347238, 1766653362
294200462, 2163697665
1060569947, 827810938
2208430410, 4286211822
2860288500, 1675398266
3214045240, 2622197934
2980502523, 1332173689
1376721337, 1435347087
1347960050, 3442466591
1509472413, 112486638
563027065, 2861974226
3744761570, 2659268489
3621210976, 1689643688
1385159501, 893596040
1275527253, 1099244016
3957163812, 2902728144
3756127522, 782258896
1472388254, 2809934056
2374217928, 3581765637
2759336112, 697789763
2112631377, 3950597632
2127716748, 1224439126
3651803939, 3658558444
611570578, 1429420777
4127877296, 1235448156
790291064, 3284715174
440375402, 1232118385
3826498171, 3114983587
520870664, 4032664440
744418564, 1112992846
4101966710, 1918183500
2446533100, 171312984
1095592013, 4235784448
3413762344, 3215750264
1360614818, 4174121573
280243940, 2380632827
250625303, 2577604168
4270371654, 702800536
119449507, 1276983234
3422762402, 1516247713
3554897667, 4280069358
4045845896, 2767591299
1853197028, 2932088186
2543404353, 787918066
4246548048, 1824179407
3872157666, 1305325412
4267333591, 1465172569
3795468625, 3335038539
642192778, 1030288773
4201170567, 123884247
751494146, 1517138566
3949464224, 2002962467
1534409302, 1161662394
2039358421, 3816030518
3778341662, 2494432787
1760813032, 2451817388
705453390, 283135300
3825654317, 296403060
159049548, 1725317077
2265073739, 3002348429
1581636330, 3168404155
2020481016, 3988762262
1121629139, 2606996886
2697185447, 1353447273
1043177776, 1768462121
2852993737, 570774752
1842914398, 777871492
907745378, 2699909711
2059145347, 1689948029
1587837318, 1822665946
1320021969, 2761522005
2039446442, 3463622428
873195357, 1426263230
1055089708, 186928413
2230496464, 3456179151
555693728, 2722981323
220847038, 4101047508
2674426761, 1497615530
3295971760, 288655548
4170248316, 128990303
443637754, 1070641520
1246145860, 2174258756
66060988, 452156459
2495756335, 2390332589
2472974905, 1560891337
3055414492, 1519572865
2888750087, 1133283485
1652832438, 4088927637
1656582593, 1327406269
2077020787, 2577121271
1657538122, 3918608478
3525386593, 1223433450
3074603618, 1840214620
3680078743, 2380546377
495195206, 2234967931
2989719477, 45568339
3913405432, 2308476601
2470084404, 603877428
4244484906, 3083679539
297772289, 1228443772
2742362411, 714999863
3478125924, 942069996
1918827172, 408271876
444362914, 746565448
2623070589, 2002418084
1220697068, 1812827757
457669732, 2788535936
2460272310, 3804164929
3599745952, 1015031431
1201920088, 3061405338
3910683695, 3456492117
2348747733, 376828820
1259353472, 3247051782
2511322997, 1219266959
1986826713, 611058114
2302842019, 1124779819
1839243920, 2706687840
287160011, 1098636279
4104401622, 3866285861
676075039, 2807230546
3766108897, 1091587702
2065078575, 2783866407
2061363071, 2651225351
74148125, 3028002291
13124233, 2981257335
4195568648, 3745963095
539648514, 683845
4144145759, 1062172657
3235494810, 472931239
3572514056, 1308075200
3562131429, 2703347272
2711648632, 218755118
1425570208, 4020756069
323977101, 2935006026
3914098433, 1474994182
2332590532, 1334006124
416231354, 420220040
3603615210, 736592040
1659608618, 2761905530
1836825903, 660020242
2605401851, 977304742
3803033919, 2740953184
2117870651, 2127934210
1336764271, 4110002609
793866858, 2323808241
2500809763, 682259502
3896909408, 2137102530
9510451, 2460813622
3506925261, 2017596622
489242260, 2429642226
2096296069, 370686014
1202745182, 1895444980
628363166, 1043578939
150579891, 1370593342
2823026642, 3281514303
1253259550, 3259446100
2626324221, 3629624746
3766924498, 600761775
3163630022, 2750229319
3657081046, 530395406
1560992200, 3210567974
3077730706, 358281488
201267850, 198717939
1634589368, 2148913369
278409675, 2538392308
2484830799, 1253487903
1685108046, 980673070
468431749, 1430735638
1177670610, 2919367710
577352263, 4265376722
3589246368, 145139854
1387261626, 2931190876
2452177255, 2983283012
237590237, 900047715
1762049062, 1043018113
2036156600, 1328719419
2575685075, 1884007111
20100375, 1184244511
2986521944, 1810342188
2959416345, 745061655
4175991093, 3126698555
3117654423, 4076994396
4146876845, 3491265897
1930827087, 1861980920
1577202376, 3718091514
2357612218, 996214075
4000108633, 531324585
1043179176, 4204702326
2506158125, 4009711646
1275530031, 3223129487
1509755278, 3391114104
3929449398, 798179292
987645225, 2467195987
2510373081, 3009355474
587935276, 2960359041
1961015126, 2784756718
2233467994, 396546376
253030076, 3850373624
2406763090, 2726444872
905140859, 2187942060
3043018993, 1401324025
4278985168, 3762051352
975627889, 3413627394
3561959659, 3350963852
4052846818, 654256483
2056989067, 1831913397
941296094, 2800459435
942316606, 3845400240
3786920232, 2636255108
3739776906, 4276063169
2860805643, 2363067291
2718430780, 3716048881
2471219138, 3824391522
4091141496, 505177090
1170648781, 438807881
3118691410, 2513564692
2924972005, 3846640786
486328177, 4056219345
792914102, 1524870419
3572173939, 3646445251
998350339, 1943009692
2698376446, 1387761338
3701878954, 3464481018
1802946274, 2640782939
3260274620, 1022913573
2285562339, 1708943073
2405654790, 1042464902
2317977885, 1524954505
2285443619, 2299154404
1151871272, 1487875559
854676587, 329066994
616256687, 56047591
2438668526, 171316858
2585583979, 4039936125
4009502896, 3998194812
646952327, 3969137827
3583694148, 2896651470
2345471367, 2371000102
2837942637, 1957641411
3745372780, 2982659547
3158270639, 2212717004
290637022, 2014939066
1655780350, 2134559755
3230847437, 1031363138
3825452126, 514469403
3409926063, 1620796940
741668855, 1518331654
1681294933, 918047825
898059019, 61548302
309589596, 3861345838
2736867627, 2279180882
2987130689, 1256885778
284067844, 1456341887
989293199, 366858123
2501006067, 2800007584
1181870710, 867686673
1274824219, 2092011734
937212403, 1960324353
82879323, 1221847706
3696223281, 552328793
1042823566, 606515410
3004252155, 2745381337
3628415860, 3421643169
1192976685, 4066453582
317502004, 1219208571
1296359555, 545825478
77358415, 1052223132
2073919598, 3166831177
1647844976, 1750817685
25121912, 930867674
2595253045, 3024536001
2058593952, 2863459217
874938052, 2581286436
4067284959, 315207794
3225778214, 3780587601
3013179466, 350066975
3140180731, 69968325
304234961, 2712811423
4278105511, 2800374610
2456516435, 981469001
991353450, 3379162898
827067182, 2750820152
422206992, 872733889
3523054854, 2437923841
3078706841, 436367284
870600509, 2201380616
2115459735, 1170207468
3502344544, 441382030
2695470993, 4285681010
1684220263, 3965251042
2095929950, 1332673082
2357095026, 2967602093
3163018892, 1080943249
1600252976, 2729834839
1449534327, 3709584278
2052813763, 3502716723
1291217125, 2083633647
1527795791, 1618496770
691011239, 1466125957
3232235320, 908413752
1489382073, 3283488329
3428671194, 4154564478
289715274, 3446758064
4031242951, 2602237833
3226052791, 2300488176
3560039542, 882071312
3479873922, 325120582
1799213965, 60406389
6790018, 3635710346
514010369, 2398806389
337670941, 707752315
3118256274, 1270061590
3814758071, 558813493
3879486093, 3263703623
2452266702, 1328373231
3751300272, 1799036469
3247547296, 2506718443
3599307936, 1375953262
2860781114, 2832546492
213724402, 2523784417
1244883400, 1804602181
4058700589, 2256038618
1783231259, 2595928670
2923169160, 2752441690
2986284636, 2983023369
3864831325, 2955074705
981678303, 564221141
1130752959, 801509796
1922755216, 2242400572
1531753125, 407224001
3714320280, 1092883651
1601792394, 2035832670
2288480983, 875533116
3602796942, 1841005521
3418506543, 4096980737
4112507987, 2174873385
945438180, 750777356
633130021, 3405881726
611578504, 1438060405
4063755698, 246956215
4116856309, 1629499947
4228868375, 3342709666
2341906311, 3288733088
1345486283, 2094788665
2533043484, 2609129511
302585946, 2356205250
1734375518, 1453913752
1566885600, 3046537207
1541689759, 4250009433
2901764459, 81255085
3352043096, 3223074988
2287316764, 1459557995
3051997993, 1122106092
1504541417, 1810124808
3345071198, 8904573
2892030666, 3636436513
2437639557, 2713287800
1176075833, 4176241843
1099712788, 1745292054
2531397288, 2188797404
2088995042, 2726271025
316654065, 3965733711
2620510935, 2060626702
1027816188, 664901534
3258613374, 4234777538
211913843, 1258859214
974420785, 2579832599
3846502902, 2419905981
771125571, 148207248
1350654643, 1743368997
1957366861, 4162208047
3333343483, 721918371
2442401778, 358390404
3952012977, 2427765450
564469088, 789360671
2362179428, 1928037158
1761899479, 1288418016
1470446063, 3233495393
1084302886, 3736397458
4226734103, 2293343960
3524790973, 1093684402
3811329196, 3627100354
349840706, 483633153
1938557211, 3983929157
1698064600, 3250867100
3710167184, 2264679633
3065711547, 3113112927
3669056698, 1989786401
1297752221, 3448735419
3890055301, 2739521611
1161847246, 1745041144
2331157861, 3492579017
4216469489, 1676682657
1531065998, 3680456119
324389493, 4161183347
2640914784, 174085680
1405333826, 2218488540
84224948, 88838407
3205529336, 2393347022
4099076300, 462552039
223558283, 228101198
1314672589, 2021349168
60477851, 3875563505
210196197, 2723765487
2446281665, 3071663369
2404945144, 1104839294
3792745204, 723122511
26445567, 1272904132
2820433590, 2523041891
3404675384, 1512066826
2368575311, 1445819306
286550309, 2880243905
2984949479, 3971812284
2417084209, 2090083121
1632508396, 3785106619
2922160726, 2145481587
4018333182, 2495237975
3379059576, 1841938458
2267065908, 1170366896
3021607087, 937218739
2212824225, 2448629307
615091661, 2012048330
3142128493, 814561944
3658919225, 267727642
805972712, 576863917
1703378186, 3264438919
3393249985, 2791070554
308813746, 2348380166
1212929269, 992391345
1183301354, 2419453302
1878032981, 3139955156
930908558, 4181978284
3518277648, 2525239934
2374527403, 3170881971
1874025157, 3525660931
2576310672, 2876389684
1724284510, 3509737253
3708953335, 3737771016
1005308559, 1239985120
3445856779, 147255565
4277706630, 2799724597
303450822, 1008045170
4277679751, 4065203323
505249754, 990928086
2976500342, 3546127263
1599779457, 2179521228
950977432, 3747165717
4154835952, 212610844
3739694697, 3743195716
3668840289, 1464636504
2380575744, 3327658232
430308380, 1705975062
1674448026, 2095438930
4239954577, 594990565
1367934622, 1306982435
4104427810, 3063296589
3989740444, 763692751
1218622866, 240073309
3776818019, 2777362498
4063336290, 987539066
4225353177, 2605237431
1947432823, 3691297380
1095952560, 2768243429
1871540547, 3403178412
994496464, 1523439674
2707154092, 1310350257
1603523211, 823898265
3012133756, 3782723430
2713158714, 4018937684
3941680383, 3655729667
3327175423, 334672317
3730267361, 3890578884
1051249557, 3451856219
1833796708, 938291217
4072101737, 3479749852
2744047593, 1563254433
974862407, 3091480262
1327885413, 836867486
816989249, 146344396
259248925, 3926298771
407067366, 3054750863
856683787, 3738986052
536841068, 3299022960
2049054467, 4026528501
399197224, 2988001010
3306856635, 31243498
3703272103, 4081133868
3252667899, 2735067958
1333869612, 1500005572
3791646741, 215369378
3519471921, 2927303203
2839410492, 3684891052
204992816, 2101216125
2874045446, 2486360590
704005589, 2469166631
1929316055, 3806548482
805592685, 136527876
677478149, 401460772
2074680286, 3896381686
3661874668, 2750520143
250298093, 2153084281
1922624876, 307691285
2992244971, 2824961746
27272742, 2478069444
2171398645, 4105701551
2698841873, 710049641
2800165252, 650741645
1683890200, 1895456963
1695762322, 3326465132
1090294186, 2636981937
105585651, 2658960753
936143182, 77784673
287100399, 4257948876
579883413, 102026024
2412198675, 312548545
2115053822, 2107281448
4263910762, 3933436940
3488006863, 658508599
3762134270, 980613678
2809837036, 4099932210
2353600095, 2549452156
3776317771, 1704232350
1356816334, 3962231330
2045746139, 3121649586
786904210, 2689819079
3389602921, 3445141885
931717342, 1076559459
190814204, 3705691552
3361806048, 1308930158
3664354697, 2615054401
3384418588, 1563534662
460317944, 1802166264
2550364615, 2751013475
804008153, 913237758
4112476177, 3350045410
3499841079, 2090119175
2380743817, 3141030138
2854516882, 388690885
2882170452, 159458946
3964316077, 554214699
2260366780, 630646478
1498554489, 1249718024
97936339, 681124738
1014303597, 2724813147
1972667630, 3041539149
2602278060, 3674263155
707407036, 3107394260
1320585823, 2336465286
4248340579, 999920287
3227261730, 3706315913
3289885537, 2164369489
4235102122, 623775216
699048814, 4180905333
486770315, 3705413320
1031634156, 2559472381
1419260625, 1582956104
2160354116, 2757401254
2354659312, 2670504819
2180428767, 1092542590
972431051, 3112399576
1998582279, 500700354
2727432260, 114684510
1240227858, 1961278014
1471084878, 2983642365
1426830757, 356719108
1100870081, 2822945777
1183461237, 3386705911
3390412235, 9679672
3156182154, 4123202927
1200878115, 3194367362
4133444596, 1549581684
3792207145, 3506327266
2716072991, 3690658232
4072128851, 74786138
921296158, 1268971258
1751133776, 1986198551
2135549351, 390938973
2482006635, 1032977960
1620939331, 2894465189
4210989630, 632951619
1790995409, 1112041708
610639659, 2137680767
299197425, 990922636
3001819910, 2754781038
786628967, 1000765584
280739502, 3570230060
1742180619, 1069164987
1161303259, 1525766462
1878346243, 3727213286
339236976, 3079453417
3720295532, 3506791215
1015181883, 2534988416
1525926509, 966324044
3802388516, 317192819
1465161260, 446415873
2906740383, 380219002
148930683, 3386505724
1241661077, 1546644328
82621689, 1309488228
3200128935, 733170273
4099493222, 1081175645
3062841455, 340763192
3334375939, 123471404
1742018752, 4200603574
613460446, 2029251207
1783564938, 1936537918
1338716906, 3394662357
2931268275, 2050421184
1786750269, 2827943549
425868190, 2476608519
3288620379, 4063899423
81131327, 1945603323
4255477656, 3588225934
2604579885, 1532076246
1519484648, 1740609983
921285729, 3929864900
2132798493, 533745107
3299034856, 2053405519
4212564871, 3096284403
1972116698, 4116627182
3685199177, 2538676612
3473762224, 3775997655
1596667234, 1598857019
323307893, 2963082245
577199699, 2620954072
3061112682, 3591119347
348671163, 606914704
3894225581, 2088159859
2100959738, 1985912679
2283420027, 431717010
1020347812, 295123063
3326584344, 143295065
1659303974, 41989641
3021679099, 1045616678
3169275324, 2643907295
2671825259, 3828901175
2389423726, 1082251214
3266009092, 1995432786
1119680486, 3173975593
22433573, 3152880340
285989440, 1865038661
747142656, 304750694
2734430588, 2988602637
1748408838, 2701583447
1016550683, 162822833
2372389441, 1758131270
1316960184, 3293445912
204751180, 3038946965
2581838784, 1443432601
1380592214, 3443383167
2138434903, 2317939604
3075331548, 1514993425
1045183537, 2746750112
2800179868, 2675363708
2033574825, 2397205418
2814006918, 85641265
1602104559, 3487815498
365596768, 1581866041
2426105882, 649696526
2594614593, 3663041882
1809264462, 3893240063
1771377022, 4096510690
401161361, 524977339
902405024, 4005298514
3818187967, 364537622
3001375792, 512402781
3470664567, 1606264692
3719606103, 162904717
712268726, 452156352
1019795234, 1089258888
2002835939, 2172436268
3372461032, 350310786
2530610405, 458310520
24508022, 4067422038
2848589215, 2920676306
3124214232, 4253181337
1587436854, 1727435971
982340090, 352828206
2539210825, 750714048
2599503987, 882244336
4026706217, 732149215
2204094827, 3884275478
624954391, 920951636
287173532, 3940595533
2557992342, 2022763798
885634788, 3896180361
34769832, 3414289681
1159128254, 921976828
2840975491, 3439726612
3381976341, 2989406887
4037963824, 1134984276
964957247, 2979540827
289592957, 2018217436
3609511762, 3126836716
2918606407, 2253295848
2941601645, 2232260875
4038608878, 1165792338
2418365917, 2918878341
2795770151, 801867774
3040557067, 3079120689
915272829, 1531762244
1569073587, 3354558594
4217857974, 3355308113
1517344110, 2813093502
1317136038, 825086652
332761329, 3704100614
1331330321, 1949493786
804644146, 1100995508
787657552, 1788722523
1321497837, 2087578849
3131230113, 1328236768
3914417136, 1285470323
274794220, 2484720590
2700836491, 2273948931
3521581889, 3346259267
4076090408, 1874853354
1207345726, 2469189337
3301069162, 1978194241
2101334697, 66183642
3154285728, 3774543102
3393010983, 3318604308
3173013219, 297948513
1522632175, 2256476732
3009303177, 2221208768
1494321602, 201237074
3446303159, 3826568948
1534129150, 3050196203
2376549835, 3153611179
2462667231, 3176696060
1699646772, 3145443730
2886241482, 2078515131
3378312561, 871410483
3800209246, 829346852
3153391869, 3636708984
1482945282, 1002477833
3835307346, 3867205231
3008606343, 1618203305
656360711, 2353694096
3409364096, 3157210411
366668834, 3982575484
1217947160, 4288779788
1919781647, 3096496012
993277617, 775153665
2666276327, 2331728695
3055694466, 2898234619
2463029743, 3967382642
1343473852, 928342548
634307818, 1445203352
2837534281, 2470402922
1624224647, 891772255
742265449, 1019190421
336544695, 927202507
1970674348, 3953353501
1320558505, 1354373447
1871962695, 2590287287
15589957, 3772772227
1880186680, 3433480676
323120523, 918877509
881000192, 1286305614
2144244912, 2944345127
104288899, 597501610
16167459, 3588360287
4103254093, 792673806
3452619990, 2786619049
4016949258, 109388789
3974303556, 1995177731
4163560126, 2189213996
1374307454, 4192168425
3762679436, 505943327
610878916, 388624355
2036510947, 2873089472
1522271074, 3379248682
1677216763, 3546840202
1824851611, 4063956683
1644204715, 3007232380
2557827032, 3179856477
237764025, 4096862358
1366017302, 969076497
3838408922, 1141740634
1445116323, 2501401504
2333682941, 338943168
131734781, 275797889
1006455388, 295134927
2827693714, 3153340981
3644527887, 3582055419
2785664531, 3724167256
2928613357, 545335915
142257768, 1451127224
1908085283, 4203091982
3904506606, 1776241449
799424563, 2608161142
695098899, 37885963
1386626337, 3613165080
3954953364, 2374914992
3185856895, 399017238
271729719, 2905321933
6154738, 2109492460
3149068085, 3661731179
2118139333, 1852812576
1023056713, 2060950532
759500171, 3191243786
394194327, 2119247468
3587001458, 4183691843
2212051341, 2473271455
2698770832, 1141965190
1908894959, 1568835278
3062885735, 1388829247
3762359253, 1820762513
3007782311, 3151124797
1782492451, 2915915783
1166582414, 2575157845
1249251256, 1289344159
3454851365, 768300340
3876545157, 1521093639
333259071, 221824720
971164288, 1319584784
3000274771, 3995284864
659846504, 271871152
1343759786, 3320241015
3056052049, 1917421544
3557810035, 539491983
697695387, 1272634277
360297170, 1469907500
399992939, 957483487
1943673642, 1815201764
1550969506, 733404517
3123570815, 1215207719
743921135, 2315668019
449596640, 3151982909
1503170415, 2367781286
1063602934, 2298088686
618671136, 912452933
2109273638, 2500480001
3799959067, 355605191
1186240484, 2374071015
1248074931, 3648468172
533703538, 3700440582
3085936182, 1713457508
3640550816, 2032105201
2116060481, 2809950663
2712016485, 3132845921
1364623715, 2479292393
379160016, 1603821946
4204207566, 1714925853
261851779, 1396685842
3769493096, 2679269518
4182223230, 585473308
2947145367, 1344644937
420789193, 1257743736
2206176920, 1079902072
2441686148, 82298398
3966294150, 2562568746
670380738, 592644063
1422386451, 769809513
1701130810, 3839222111
841196640, 1933939802
3549093920, 3101003379
2080259112, 1722873417
624729245, 3888655575
2496904506, 1423115374
133353403, 2029753269
2118139086, 2127166561
639341669, 1708340997
3033953809, 24143656
533344153, 182657167
1849551014, 465228019
2257012325, 2773585909
761441084, 4185365655
4237271217, 577213280
866680788, 2669512334
2367450537, 592605856
2021982122, 140634422
3537769679, 1540968273
4187484787, 2275490353
971633946, 3495420316
4176747795, 3831937529
2088389130, 1591446629
3741954899, 2572857156
3667959451, 2594155334
2224226804, 2648759499
3669478339, 1007839523
3979652698, 2861270759
2432315150, 2355599298
3361936170, 3723530019
2441642086, 3599791114
2084397448, 3662165249
3201500393, 2741305725
1350020712, 357778077
2121996780, 3832519553
2176791344, 1136629
2744820857, 1775612073
4150395444, 4171201027
1973153340, 87511472
456106446, 3700848459
2496771393, 3320545178
1390292282, 1444871378
600667201, 159915441
1771733711, 685742043
2909922539, 3347525074
2841133079, 2152473413
1233086417, 2076066886
3339935525, 4250980987
1882040243, 969594594
1137457653, 1111647050
1547581096, 1157409970
3146100378, 4021559935
1034818577, 2772084783
1506034340, 1721926149
2810480831, 3860751506
2912405547, 1413177890
3360905063, 3888631050
1902604495, 1193921455
287644256, 2652276856
359486853, 2889256972
2486523977, 3079507701
1611827725, 876106115
3903948257, 981268179
2674149685, 757833119
3685825041, 1089668125
1007174026, 2673598964
4225560553, 2321783661
2172615514, 888637301
4255174680, 2652847255
771660722, 4256113577
2234562366, 3593093946
4135221725, 1232284326
3947372597, 1661102122
2443843750, 532906684
1289918935, 2646289162
3329503710, 3461187954
1795930200, 1063783323
2877052628, 494376569
4240046967, 45995875
3889732658, 3090014840
620790205, 1682314943
2007899833, 3811730718
933221075, 3290515741
2290307650, 2981451464
190170643, 3758852022
807887702, 128310628
637505483, 4001891764
3670083333, 3541647389
991039926, 3179396933
736854226, 2146198436
1490186245, 1993665580
4060169698, 1319943413
1632081202, 3002958419
2995733395, 69466959
969661557, 3504049142
3133328985, 1336344713
4137150408, 2475162642
2024404791, 153782988
3443454800, 826188107
2289900116, 206894677
1627706569, 2270454276
3424378764, 2806989154
755912765, 347003045
1116408844, 3639760100
1072935961, 3928550520
509332753, 1731276322
391309809, 4249032391
2303363787, 3356733036
3623055774, 2027179755
1892965433, 3387652963
3464876395, 2949930049
555607099, 3727441915
2795991191, 168038335
4236784260, 1802187456
1633629615, 4272467181
1961194502, 1164415821
2094394556, 154718227
2316735221, 1260372872
4118716897, 924461563
1519883528, 391872066
1783211142, 2756916850
1941546758, 2991564316
2255690985, 13989211
273313662, 2784281588
3286676333, 2182382340
1143269331, 3145719073
1028795398, 3049561025
3071968542, 3999735868
874168048, 3789872493
2316767121, 76660003
3477814499, 3657195581
2681109502, 834806473
2362858400, 3165646824
2894357335, 497676107
2832739141, 2959498552
3156877552, 3134521690
3601757909, 1997452456
2990665694, 1122998461
4181884140, 3692533326
1446112514, 662655332
4204565314, 894703079
1373806318, 344348765
2387743203, 527666822
826252665, 1706112272
2536426413, 4028563385
4246027531, 4111312378
1975730704, 1265509028
1226375914, 3697592885
4044031985, 4191162673
1869731378, 2494107343
4072598032, 366639984
1119258934, 2473390213
2840536525, 984227037
3493808062, 1959917838
786028632, 3389441334
3601469962, 3562601663
1678997622, 1504724858
2766247445, 1783537785
3726414182, 357964962
1363817939, 1417720087
1545107861, 3881861635
1092527761, 309770753
2890517300, 3715652909
3466158693, 2122227344
3046437552, 1198666515
2475930421, 3577823094
2273938155, 1445145580
2440118212, 278613233
2852302110, 2045508833
1713060172, 2070940363
2546648710, 3866902259
951577807, 3303484935
1871675711, 3002303148
3856347580, 2092227153
3903966323, 515663699
2541015213, 1977245243
3503614659, 3062127741
3363577064, 3593009512
1918544137, 814915915
4180682122, 2043765738
2756616495, 3763901742
3912581941, 3448560867
612693790, 1250949440
2840920559, 817588439
3740855932, 2854346233
272978313, 3198075456
2867400173, 743369738
2891592736, 802813448
3822223313, 3426852246
464909934, 2144471618
759802972, 1807931733
2715011783, 3718268475
750493992, 1974672997
660938005, 2820559110
3070329986, 4087077433
4168996347, 78851969
3907064370, 2096017884
833692746, 2829725539
2596306027, 598485982
1775753237, 368930253
1859990309, 4138187877
2099324517, 4036852738
3958981530, 1247158688
3249236184, 2027951280
131324885, 1675358687
3333777307, 1687934796
3121845785, 2052519107
1374440776, 3916769047
1639736165, 1142750357
1157641364, 1458092739
1647215783, 942378845
2869675208, 3643853843
1713965613, 4210319276
246682366, 169677425
235319772, 3543306895
2458868613, 2839300783
3697528639, 543270547
1330933336, 2092035376
3087572004, 4094960290
1166651825, 29989216
828127568, 586295746
3059982944, 1954892625
2113628015, 3371050325
2599374698, 3139177168
2765974823, 452860883
2940505104, 3969463399
3017619137, 3016585624
3066201665, 4128274814
963119813, 774621031
2056424312, 746151159
3560545824, 145927035
2928225867, 742431098
792661649, 834614456
2147078521, 362643368
3468435269, 3234619750
2292511220, 3830865814
1363541306, 835421339
2381244667, 2099588901
2795012135, 3997262125
2739056424, 1973446644
3806228585, 3397738101
3391698830, 3719344402
3420862165, 1575202393
1357159989, 82186446
1780879694, 4294964921
460565892, 1207652402
1996900097, 3746689278
1060366810, 3557516666
1598167447, 1215119727
288036844, 2631588605
3875811764, 4130643046
1436123100, 4174260094
938982497, 1930925422
3904246574, 1696516698
3056905508, 3932543122
3642744819, 3049718612
1342549749, 2356307640
41632380, 3122943592
2167448190, 3693286992
1193268595, 760233139
4170126895, 2021801547
2622627953, 66595552
2326203356, 168311538
1045698967, 3108716389
3516899007, 2314130178
3045125644, 1093071282
1712480591, 3613429849
1258835245, 4059330529
651510223, 2666430890
3924850924, 3500808146
1258379077, 4177287310
2815019323, 3552023227
3904983766, 3382052903
1109245207, 2565533902
279668113, 826367248
1214174648, 3014043131
3064966307, 3812090868
2740491162, 1742620292
2221502882, 942277112
3750644896, 1930189384
1719707426, 3187360234
2382401034, 3640391412
1339142242, 389089206
2111118270, 2006971317
690201059, 2045019067
1037441261, 2871998078
670873971, 1721640264
1931980725, 2863985634
3795970048, 235426202
3750519752, 1904619629
3241019296, 1608638288
140572505, 1994811660
628092163, 3260262957
2950879482, 1128438609
1183711322, 3411242772
3804510486, 1728246649
3668509746, 3554610553
540291075, 2972195597
3635353192, 3717517913
660162056, 228244105
3522548064, 712437056
1368372710, 357501668
734027682, 2507864589
2925098535, 482269930
3777102914, 4197809829
2347641178, 522321694
3625012036, 1789930309
604277295, 1619428862
3134831666, 1790871380
2786515000, 3605674618
968051800, 2492186956
374856064, 4098299511
159786575, 2409218326
2464185152, 757444429
791751301, 663853051
1623857627, 3776591407
1919329992, 978170727
4092116308, 2987431356
2528112986, 4191223406
2977472582, 1802888868
1144925735, 1454702007
4230622662, 1967848851
226718636, 566824941
734195917, 1187542451
545304326, 1711699432
1683064305, 588508184
2142586140, 3670676275
2150092240, 3889893947
3541958038, 3146709006
2953048222, 1514328772
2531900772, 3684216267
487439826, 3495670119
3280490558, 3872586883
756428499, 3085081541
3193096983, 1161446219
1506708979, 2234678735
4055891524, 2309137151
1369356130, 205350441
2718786780, 2166303034
474535389, 1680494853
3975437454, 1125389745
4249862488, 2471874609
1853485534, 123535840
832585395, 753511278
3552140275, 3911585116
1902286293, 2780051850
3222835488, 160661846
1824238657, 723026687
2144412501, 2040143714
387676227, 569458989
730559326, 55133844
2988801503, 2677842114
4269638619, 2842071702
2764872398, 3893864329
1658146093, 3288437162
1891205998, 657553775
2561559733, 703140284
2195520249, 4142399822
387121087, 4077703010
4283331406, 1294331552
3389726905, 1445298699
406846804, 3970575006
3127190892, 716065980
2945949806, 3813402231
3600423375, 1237012352
3779726095, 4177226416
1017627885, 1231594704
1504874984, 307400661
3114298803, 2555858354
250953915, 2789443959
1238582436, 1872159756
199940170, 4088462511
3219308652, 3359484449
3360216262, 2921293624
782939978, 3855767210
1442656009, 1173591556
3570361810, 3920786991
3552870486, 2559947921
1399535467, 1135298137
2793722331, 3669998477
2729604561, 2485292972
1530360091, 3773380849
2179953194, 3119525076
3889637608, 4083628922
1507008884, 1599135003
968945845, 3283520148
4012115169, 4038737007
837724544, 1647244453
234682677, 1759110518
3037227188, 2530266607
181145792, 2550054180
2099686529, 2984037457
2525866217, 1409747371
207238138, 406806784
595698314, 3801476311
3596408461, 738039977
4210191338, 3695435565
3245680698, 1146864031
271422999, 3359281998
3696687560, 590392904
3673120956, 3791203234
3179837947, 2264173704
1390182137, 1794322984
1837211869, 558335437
1712821670, 1027373868
1576146201, 1355958956
344884018, 1118212675
1302810104, 1741137637
2231903106, 2423934345
3345806636, 2752664637
21584377, 967735524
2490458550, 708335520
440002202, 1997865140
1508525307, 4053557645
1096269807, 465341483
2638011321, 3999752730
3124238884, 3159091671
4256296951, 2580475334
1943143788, 1647713115
2303283601, 816277423
3476500367, 1546689105
56088774, 3796357225
1183263383, 1258833983
4033909732, 1000310793
778670401, 1932524452
2381916221, 73252987
3947439090, 3822154510
3003491149, 3858462434
1273501219, 3719804591
2389268906, 2807660800
3593964658, 49672641
1088617253, 3044410205
302886236, 1405474789
3617977305, 814466888
1815162738, 2134426982
1331908786, 1807888175
2452329610, 3409631066
3545557164, 894575293
3059329940, 4182159063
1559579207, 4199153722
2595197740, 1080933040
937688845, 3734647603
1515567718, 2416688388
741195162, 2003524474
2238527349, 2608361251
762203452, 510122012
600404941, 189416695
3264214699, 883775394
1801466759, 1859106345
2665326651, 1144475493
1673913598, 2296291675
3391358458, 1099716217
3154902695, 1088544542
3450686, 3481601811
3043425162, 1527101157
542496085, 3538125104
986561874, 1996702473
366371504, 775005041
2162875170, 3965678838
1118181178, 1349257874
283314009, 2488916186
2276740433, 3169429384
794994056, 4185489760
577276908, 1928121583
2046663402, 2796245887
4226210456, 2365532932
2967647075, 4199911785
2935971494, 2640354698
3266976513, 1601950293
4159156410, 809878907
1792129873, 656363663
79760073, 84524622
3390014626, 338518797
3996637774, 2277972384
3807517096, 4201606905
790373155, 846476386
3616194787, 3155506983
2322701014, 1517482516
779211457, 1609589201
302817755, 1417818398
3751943792, 3663275708
1983455581, 3764990325
2738926135, 1863018762
3136134810, 1992505542
2100190371, 3455821981
2073837757, 1287507427
1547510367, 3467436236
718519755, 2038091430
1002519621, 864374943
2592858115, 1760480248
3055655638, 1755489546
2172794583, 2328976924
4025537087, 51678162
2109852152, 2459943280
1996912152, 3288207515
2609021378, 1560352512
509348767, 341738456
3849109288, 2790268144
1251967389, 2383038066
4148339611, 762279717
3176496543, 404362632
355815049, 704001794
1402911816, 2680637127
1274933427, 668934063
3859629244, 3449198956
4272505010, 3508230259
44821897, 1965627520
4012186212, 2061790112
3847402868, 2924172618
918591929, 1759628464
3891696636, 735547507
2301189526, 3086337892
3493520113, 928656186
548938478, 2848543722
436182701, 3699919323
3368427773, 1436737680
4244457880, 1519662753
180136708, 1451127525
3959923667, 3044898684
3810811115, 1157944504
2631372580, 3253458411
2869866955, 1737125445
2139343884, 2522304261
2049264969, 1206251389
1487411154, 1481595923
1437784497, 3150426795
3064592208, 3488641268
1460437454, 203642599
2919590444, 2616731688
2650970837, 3300157784
1280362339, 2940694042
2983276170, 2913657250
3894407741, 2502260885
2787388456, 2969176672
997187458, 3271281312
121884686, 1803610050
820314575, 856505937
3810214325, 1117223708
2727588375, 1725649241
1039233231, 2584096758
1201608121, 1234186328
2127328824, 1311091134
223162790, 17760661
2232743617, 1674768345
2994508250, 1977369677
206832701, 2210949669
1256452687, 2929467891
192603394, 1957836698
1573485419, 2143735875
173136261, 1808851341
1718245547, 3623415468
2526674264, 4156913232
3695169787, 2816559581
254242193, 688015889
3107945502, 2300982807
1057922172, 1925635556
600940497, 1904077336
1622095507, 3873153484
58148709, 1035772972
4222947164, 3949481016
2343495696, 1875584799
2863905515, 1855193159
4193206854, 3287634967
2703152367, 3259424884
920418086, 2208304656
305194337, 4290842444
3549957068, 3489803119
2244043433, 874758945
2143786497, 2923306547
3064426500, 407258085
2108508564, 1405171800
1808432230, 1283568802
844079146, 1963530522
3803977946, 1805320597
213199245, 98156952
1367354602, 3388031650
998600335, 2394595642
1064986128, 2275990229
120895236, 1349696542
3577183414, 2094057315
268108440, 393477401
3311141984, 3538172720
1165666164, 2473381811
4084774052, 796226260
2208933080, 3518735174
757717314, 3290256802
936604279, 88070392
2812387148, 3990773615
481430811, 2509171050
3091929494, 2746549028
59218140, 1605254010
3040852960, 1651887766
1876504237, 2105204352
754955797, 2138064674
4149410886, 2659275192
2502192545, 627618302
3181849307, 977804465
1919192809, 2876369997
1192552369, 3038789756
101786951, 2353048662
3685438459, 1814470981
3637738297, 1985986677
3335946440, 2523016120
87750530, 1987739523
2712965983, 4096667383
3590766640, 769874266
318269538, 2846826303
1118827664, 832930827
79359637, 1784656077
2753605654, 2107976635
3322868428, 596440145
1492319367, 815590822
2630149576, 1772479173
89817996, 3643138662
3721547118, 1844953314
2175170676, 967519224
2842049816, 667594388
1029513954, 2995089304
761287283, 2448569325
1127882871, 1450502820
2271938040, 341948437
4122718738, 708108263
3478189334, 2751727170
1149598799, 1998692189
3405170350, 1039731634
1270288217, 1297671336
3671796105, 3378537907
2310709065, 1259703574
2701833052, 3969715903
2790375536, 3481684781
2675641605, 2267794210
1951388232, 2531086449
1661632053, 1349155128
4045816804, 3739202267
2047214733, 4078075459
494735924, 467286700
2044937972, 1101081257
164688022, 1755165012
3035635081, 632722663
1440541588, 649869796
1307603448, 4121728278
2149799623, 2941819740
2308958291, 1958694877
2180428135, 3563067673
3239406976, 1928659429
1441117730, 2488495542
4072769915, 1007300621
790196061, 293556210
1832235647, 901713619
2763546726, 2349452401
486560442, 3084057509
3516065575, 891039813
3952294135, 4088215349
2846122059, 2291747083
2079849147, 299359421
411645788, 353208014
1249009055, 1962446993
3444686939, 2848623838
2423776806, 1819678840
3985638525, 4264017774
842037507, 2513226390
3775439121, 1034120638
3553759253, 3699483733
108414183, 2848942231
395871257, 1583176916
88522947, 1686769872
3001388, 1999469320
4249362638, 1672359001
2664564072, 129274446
3255519030, 3990134567
847364168, 3503522456
2221770473, 3348956242
918757076, 1061611961
809446947, 691278510
3920025045, 2592077378
1726395538, 2774160097
295002506, 2926493368
1449323704, 3151074066
3894324563, 730982248
4175831525, 1929525659
1492645772, 890851867
2096000700, 1410265817
2961599630, 2230896950
4233868828, 3050124460
485547252, 3978640239
942583548, 1751760704
615044486, 3757143170
529222388, 757656075
530213918, 3007600498
2389603725, 625015817
4174095567, 2980036490
143423559, 816610795
1527742157, 1797261839
2082396133, 2436935924
1527411002, 4191750361
4168941827, 1861936704
1871296967, 1067713573
1181478088, 700630282
4272620722, 1647278839
482972055, 3532772895
206842202, 276062787
4212989174, 1647916439
3135317438, 778224990
3818013074, 1463717031
2624244345, 1810612379
4288581993, 2766697856
2190812492, 207133306
1128917673, 2858214759
3656239303, 2746998727
1914857525, 1481599952
1194828095, 2252810263
1912003045, 171165664
2126744830, 860617777
2094544190, 4123432666
404652032, 3341033475
2400156238, 3019055465
3352156547, 3019343488
3995943958, 1087332593
837068723, 1946840711
219168497, 181892571
4256331818, 3591013398
3219903653, 1114239201
812765842, 3257130229
2882822329, 401912538
3383452380, 4126653505
3679453336, 1565891327
2231113891, 18242903
120051633, 1829659572
2378402871, 1517199379
2902657524, 946765179
2278986677, 1138149529
3116055721, 687083206
3159204932, 1827034397
1530326850, 3150677631
369302106, 2365244546
3142162084, 1916920394
1039660071, 1565808080
1249412906, 2374727386
3834333928, 1280228893
1793040517, 2865689580
572483199, 2353443374
1476409412, 1577971193
319594137, 1578065841
385788178, 1220390296
2239376641, 257532395
574531310, 1814002958
3415358064, 1476310338
1588697975, 2162267241
3083283549, 2738696202
1836144848, 1438495290
825638881, 819363683
3371156209, 2981462650
2158619188, 1619516645
2617623402, 2047275061
3824645887, 3452630876
3034142097, 2242895836
2928179717, 325594658
1650503830, 3077849222
3509734863, 4039139599
966113888, 4003603137
685927159, 142964449
375642271, 3975152007
571999391, 943673200
1194837696, 2964292733
917160283, 3520915437
862433937, 1768068634
1082911370, 2833167742
2725025599, 3902275419
3355953965, 883129155
506905288, 1689784519
2352382102, 3571989020
3380644725, 2419915786
2067289048, 1351900573
862030512, 3832618059
3782738630, 3826056967
302407582, 3147525874
3488750965, 1371020554
173003733, 4076571703
3219347871, 81901776
1591876725, 3409537632
2684037689, 2234362610
2201565615, 2207070278
1133774483, 3247322544
2117889642, 3687128006
1768066882, 921193491
599090063, 2315795045
1887557040, 2488730480
1206138081, 3581578825
1609963538, 1144299516
1410981119, 2833564129
923258348, 1392768723
4003443248, 643645631
2354231125, 1534180086
2220877774, 2050262217
3771033424, 3478709501
3549906299, 4148682597
4096196872, 4279541266
3859772634, 3315055406
3118185235, 4016319328
4277998772, 4148398075
2163018485, 9403681
2764753364, 3298304482
3597365619, 4112118615
973940723, 3197561773
3261688993, 2019951739
1309800338, 892682430
1383362930, 4253402071
1666896024, 2607522618
2103108781, 2376817168
3831195991, 3310074294
1351802437, 949586384
2429151954, 4154158477
2946695521, 3153350787
2760446447, 2849375373
2433464886, 1510395053
4221252891, 1985992327
1707120018, 3082431399
1207621803, 3211486905
3348496113, 3106204041
65249574, 1124959854
32765324, 4063092812
642576812, 3478602839
2431140011, 3063855047
3089649208, 2551411292
3773783965, 3544142412
1375406008, 3490402476
3810696402, 2955978254
1668771285, 3301173621
752672929, 1142041555
4257710667, 843178246
4078264089, 3687341271
313464789, 254337122
942426393, 2678043876
3671836725, 749889614
2001722148, 2218087133
30355419, 388341531
2964397074, 2711818844
3140441251, 2468154825
2449075615, 4245321774
1166136067, 2694676819
2580273966, 3883734270
1270298724, 1476252083
3072766333, 2035279688
2291224102, 917748341
879578651, 298810095
579607689, 747475352
2129907629, 200994764
4002311360, 3222668579
965629942, 2238772491
3271128807, 4259495566
980052556, 204055522
1840790971, 4091828446
2986138476, 3261921804
3795545839, 1412530385
3823001444, 1563804075
3729816485, 4098004195
1258167768, 3309892857
2841063035, 2806905745
2550715895, 3841359802
2522683996, 2441546666
3150217685, 2034603414
685756914, 1564114442
3846181831, 1628047702
737449687, 4260050252
2395280081, 105245149
1025368493, 3528454932
3968696774, 617558403
983559497, 1398529685
3141327276, 3433378629
3166107769, 1528280994
2224178869, 3194334116
1308142865, 2412450189
3508445702, 53915671
2371137508, 1192263230
196870056, 1830313037
3663405674, 1278526564
943272711, 3196496220
2484222186, 2195724268
3549593213, 1879028207
1435432714, 3046376553
3027893965, 3582681663
1057728029, 2143704981
3323730666, 3668781128
3274260358, 3518054251
2112460423, 2822150574
1908094895, 1769080065
459663112, 2072678403
2338436667, 3510346519
15835609, 1563432295
415161122, 1849253030
857139905, 1212015544
2309233451, 287972353
1671093308, 215948089
2241597122, 190011215
2200111673, 2474464731
3276688053, 4202112642
3676042170, 2711742272
2434798781, 2289249296
3993789231, 1195828848
255103021, 1323112515
1437613030, 1524314604
3199616077, 2255156926
2045509168, 2631696325
1032262991, 2962431565
691586347, 3618400360
3785562999, 1611228339
4043006990, 3519377566
1278982883, 2430837529
1186533349, 1100573158
4016636467, 4156021650
661455983, 2694270301
3118217719, 2854294434
4282337444, 3382843305
852988716, 4026637098
3113445778, 375119501
3071178078, 191181499
167295008, 3723035006
3810588297, 2486568960
2752565050, 3659904136
1475876341, 3687267436
1507333722, 1356598701
168956116, 236704042
2838041200, 2973699035
761151164, 715092613
354773401, 593838200
964730392, 4053448494
987462283, 2630794090
3432043175, 3026611662
2655012913, 766102040
2607027766, 2184339491
1475437725, 1736298072
3239523684, 1588888369
1174440592, 2409457853
2329512773, 1176337116
3058878956, 1232592515
333963730, 3833020236
4293643762, 2547322025
1327535767, 210195253
380390862, 2746641448
3989902363, 4150629725
1685396034, 3972979716
2665305992, 3150733108
1134365542, 3326726715
886007710, 27609220
924753781, 3814895335
2317079907, 4259731886
1758044816, 2965110749
3281743283, 3842621154
3233815645, 1407190765
990032959, 1984849331
1993220122, 4245785368
1476646494, 2821767238
1201597540, 812970909
1061165802, 3050486637
3979927927, 2620066776
331185039, 2953801357
3202526990, 4204232774
3132635942, 3091421667
3478247834, 3009773822
4008029298, 2973742269
3806274739, 1692239284
3662330535, 2356498463
2527277104, 2572974615
1214661395, 3856068567
3349851858, 489238045
1418036171, 266354413
1667477319, 3166316123
4156850631, 3101013120
3288014, 215478588
3680613777, 449224474
969790944, 3292093496
4156073889, 865381978
3198135053, 3857673543
855168500, 1448744456
989757263, 2402272264
416467130, 4153309505
1703775000, 3099513121
813232510, 1389803446
2735641312, 2066058770
2232548245, 1953715259
2417016008, 1098051730
3197116507, 3024916717
3737218073, 3812436108
818818304, 2708627448
2576942853, 2166445513
3828324402, 2778154833
2768489737, 1175413029
3275587188, 1817760033
290698685, 3498947807
281058507, 1552620824
635972092, 546206536
84326557, 3723968820
3957043700, 2739659390
2026798067, 3742746488
1216362901, 1212625363
1391340052, 3384090252
1780455848, 867672923
1291441877, 2785087817
1933124960, 4073010952
1953510771, 4249212501
693963493, 825456348
486421878, 483519732
1822815682, 265028587
2687260028, 464083676
4205771983, 461873296
881911339, 1478078138
3718041956, 2995451869
1929715663, 1938650272
2294961521, 2723577100
3885739341, 551263064
4204303415, 869978443
1860625158, 42253992
3989559842, 409529421
2830358085, 3752353250
1970849003, 345790654
2236444112, 3074403318
1435368940, 2767941985
439541341, 4215386215
3612498951, 3937090612
1667311355, 3965248959
3257505513, 2165429465
788437200, 3947212122
572721976, 2799667265
2627310052, 3488091075
1006595242, 2263743850
3622208571, 2585637492
3366280437, 2129196482
1964300634, 504447159
2493709756, 3975218356
588250667, 1296173737
2734653326, 343771136
541241346, 3914568288
1281711613, 4264876671
1621793232, 2706571173
3187830043, 2390198506
679150831, 3055671882
2726397096, 1686976943
2809695659, 3964632858
2651892383, 3232291968
324061633, 2094601399
2600858241, 3845223022
852176707, 2987749855
1909468129, 4144289167
1980684937, 11195984
4230540255, 390086226
2961630823, 1168670025
1632782143, 3351966389
3699448701, 3417972126
2775970122, 1416697013
1447474576, 2272661056
280609498, 3941517613
1923659881, 619461060
3687945258, 2208796716
2238304566, 1749216817
2469827650, 1198544900
3993666674, 3036180734
2200007402, 704905890
2185282803, 3830726244
2757301780, 2747352874
2107211892, 3120750409
1187538948, 4011051471
3298615576, 564049257
2162425261, 1778425606
2150075188, 3247820548
2363254828, 626566287
3097308543, 3037701804
3432197711, 3676843246
933472106, 1942590384
2496206152, 416169405
874157220, 3856823788
2070319583, 753209764
3440755811, 3214938404
812018620, 2543748853
2128987430, 2526875582
1449128132, 970497728
1092282433, 2768247428
2499840265, 1126731224
2207444690, 4171483215
2477309087, 3667236934
4044201897, 551938903
2818492533, 3659653558
1293765976, 1796897744
149883139, 2624885162
3088570514, 3479443604
1738671768, 4181272661
1545054168, 2555035402
60028509, 1912200450
1017164367, 4078472438
3531908372, 457567112
2068896359, 2234020157
2517067623, 3009117065
2850853445, 4042305576
9145824, 1399169398
1098643008, 2923964699
1423519588, 1373569458
2937387711, 1606103580
4001189098, 1492401010
2985413422, 1515891719
172331404, 3606121404
3102504947, 2218040155
504252311, 707331892
2318635885, 3689471098
4084280972, 1719000299
694044562, 2477406722
1123504819, 1809596297
2339978484, 410649962
2545956809, 2398459914
3704711258, 1786644142
2735501304, 2156921275
252110340, 4261107758
3853881438, 2903267384
3501456514, 687636798
3094277834, 1560633597
3776468920, 1339802246
424514603, 3562212377
3260790098, 481972366
4048955932, 1735834654
2512156558, 2966051626
1854224882, 2141886337
2142690611, 116415189
743856969, 410736951
2189987662, 3564664546
3632457450, 902311375
2681305965, 2913791364
1939470577, 2626172817
2694314071, 3517838796
3530330644, 2218403659
2683427369, 2081455450
1164661887, 2012211800
3244052044, 3863540613
1950146231, 2380344221
138118011, 3230253773
2918933029, 343507691
623767922, 1562773624
780691617, 2333687979
2809741610, 439647355
3892782728, 3813896807
1607677920, 1474025839
3540392743, 3236979690
1622083738, 2111880230
1951681488, 1110839943
1397664716, 216360243
3721155967, 1776769255
666015411, 1679055700
1838812650, 2130415613
2362409138, 1208394709
995426935, 557677325
3023013010, 3857912699
1354997767, 2331031712
1044112969, 3603379105
1014400249, 4119226665
1612619073, 781800556
1463725661, 2478867330
1385576291, 3412921447
1494043455, 3803389215
3274597054, 4264806029
4283844010, 3662636307
1625486773, 100674312
2138802064, 729084112
3432154630, 252921674
3466222124, 1733740370
239792954, 3809658608
4134087592, 3916703927
3504951709, 4078769285
3409757077, 731219946
732959738, 976837693
852360279, 1602507374
870839565, 1328041725
3563641848, 589355769
212213850, 135229981
1157070206, 2080133961
795074159, 1166636569
2424475460, 1359387063
2037443110, 2605156491
3297820046, 2666202570
3083164207, 2568491740
1435556350, 3150442596
1263167322, 1619665100
3075074451, 3511922356
2722592704, 147457681
1419885390, 2260691851
1546584814, 3270859214
3577978536, 2243643537
243019741, 343581462
2609323971, 369223967
3300302196, 194484778
2984308199, 3491546247
596585967, 621642428
3024849041, 4086683577
800234536, 1750458239
2335003428, 651148952
1849747737, 2470351323
2432335883, 3670781888
297796944, 2505751159
3666648287, 2660593361
3600532600, 911441329
330661783, 3053694735
1638760104, 3335896308
3238696648, 392957707
3036938332, 2729590234
557400362, 2357644221
1868833037, 3877018119
556329904, 1357818415
1613137416, 705666930
730038491, 2074389038
550253772, 2879084820
1724095452, 600436049
3551027903, 1773084977
3107244214, 3594664508
2061154846, 2711799024
93849422, 244695184
3524738365, 3420856700
1353928663, 4098737859
662637768, 702053528
258183156, 1566717546
1440959228, 3996179359
2035617979, 1664302729
680341228, 802085780
1153348743, 2403539403
2120986504, 661085433
608693408, 1403355521
3157746306, 316084717
1099869293, 2408925351
98140632, 3702276902
2122631365, 69616044
3806799081, 4193526484
1308337214, 527456587
3983998911, 2452410744
3697882059, 1243627609
258554646, 2182298795
3842527137, 3664979974
683288094, 3080767529
2020616533, 4291005368
3136097686, 977550634
3282193019, 1807942259
1680590396, 260848817
1760230268, 206137963
413635893, 1159803194
2142432797, 508635988
3270027786, 193837831
3694792957, 3337284142
4179457774, 3312316823
4252264386, 3691372196
1952954958, 935534004
819960593, 2001956683
3971088670, 4171841301
2363959140, 247503566
1858003717, 2683130112
2106748881, 3454656270
2164659431, 459737671
1941413244, 2858601800
4077028307, 699124458
223537709, 1691756349
3354844812, 1031606355
2554504235, 3430373456
3889352667, 2227451944
1287144985, 4213531419
2733156036, 4110157822
2493804366, 2763951926
3701481923, 1206714356
1879759881, 2501650191
3569399800, 94663238
2496613491, 2776614584
408468060, 1583051556
613418998, 3152229044
1995943413, 603966385
1506804261, 3487672548
1797514339, 88293955
1850580239, 3090990852
2439466144, 805928278
687766456, 135623081
1481346967, 2492926436
1649898302, 3668192174
2116142039, 86720440
4097301880, 138196323
687317674, 4105125872
3931202125, 1513232922
3592734103, 990746540
2611037972, 778762915
2713524409, 550725819
1285585667, 2091362398
467762090, 827020344
1960106249, 2347478857
1900033397, 1625450473
3720014692, 3129313467
4052212762, 344532447
1826697054, 2012077021
910780699, 2151507877
1979435272, 333167873
3566610275, 1368793730
1646464050, 1766484471
552823, 646114728
262800161, 451762656
3687970283, 3007442338
2462654793, 268898713
3384149996, 3731225022
1619794327, 4051205307
3862080596, 567995013
4278920184, 1946519691
517311271, 3232356777
946790420, 3413493303
2382223494, 1813015924
709451058, 92911254
3127962372, 3232535562
2055961822, 1269563900
2299696038, 3639213277
2109880479, 2047045889
756228707, 901500126
47125271, 523150448
414206530, 3012307947
2090524659, 16309582
1254704190, 3768255468
3798627205, 1407349201
2004433753, 1765147335
341985540, 843449052
3662661608, 3084738128
3449137959, 2374510919
2730094845, 1455378234
2866104325, 2274214664
2246148513, 3586069435
2175822939, 3131657118
4287957362, 4190112790
502186330, 4026231244
3281237567, 2311502476
3186925630, 4065232403
1719029379, 3250612499
3228425633, 916680151
3410405885, 2262063014
2855267757, 3382503098
3356752608, 542740950
906712307, 529332334
2375640703, 2735300789
4192016195, 1952297090
421012943, 350141662
2460384523, 795338078
2568694803, 4018044
795409179, 3340243779
3571198862, 1469511910
2282803813, 3893207381
498478980, 83796925
2276352466, 3065299489
3732035016, 2002684805
90899021, 2161728188
1935046847, 1282670101
3526966089, 1224086405
3730902597, 3350448420
659029801, 1292501944
3069783408, 3146266568
2260095278, 601492290
2404671384, 2890642363
1123466008, 2603342942
2048166328, 683136839
339524718, 1418886062
1018705352, 1020916696
3687666565, 1751808569
1571633004, 3633606665
3179526453, 1655013477
3351972135, 3416017372
83378672, 3114873832
1392440521, 986949635
2685204448, 1541649173
1203400385, 1949740922
3404762065, 257099149
2124843100, 2775591792
3360145774, 2715131724
2943453406, 1996455149
1717261873, 1505651434
279557193, 3700585133
3337347541, 988470196
1806850474, 1108869702
2821960375, 4251722175
3502820200, 795154424
257843344, 584612552
3789590853, 2690577507
1150840922, 4247376454
981438318, 1673258509
415690826, 1926036324
3377929776, 3546485383
3842574743, 1817099138
570675713, 3665073299
2143644080, 3503762468
1694100746, 64724295
709523180, 275408690
1078042241, 117796540
4071590700, 2842729236
711569560, 2003523432
1731720032, 2387359147
3838771144, 2528117883
2153455514, 2544078333
481215565, 4246434312
3511923304, 509500407
672897923, 3905718932
3818776410, 2439898241
2316486509, 1978683232
4263051192, 120991992
3795607599, 3529655528
2963865892, 2738834663
3236081790, 2431818773
3618088977, 407159136
2077860502, 970626866
1866040286, 993197647
3684710577, 3701201314
874458751, 3162810348
1905133530, 4182844701
3854874633, 558677231
1506198667, 2979312748
4200595579, 1697155954
3949678584, 1153695069
1093680593, 1593439267
3456440497, 3482372393
2836760002, 3889124589
3751235824, 1947969249
2050219808, 2263697925
3328044055, 546672433
445675498, 2938868284
2832397783, 3727493826
2342426438, 3427216836
2916243490, 2557180985
301072115, 1905643190
2691904105, 2772558025
2604791068, 4153501664
2026899386, 3911678817
2888366808, 3573157523
1780944989, 1867292992
1661548530, 3835276293
2300111793, 4108863103
4036693194, 1693579475
4275315013, 1774025055
2450647515, 4253825624
1156861113, 4146395931
2608385400, 1740263151
3790639994, 1030817574
2590081543, 3376317903
2501966420, 2139433401
4233192312, 3412731688
1222161536, 313565858
102956367, 1816229481
2049253330, 4204664345
4025106357, 1774287584
396293540, 1989698511
330483032, 4016406299
1611260909, 2566451825
4089955866, 2411075752
187206364, 1512427183
2287174221, 3513633120
1784765553, 1292169975
1008960387, 1802429911
2849576340, 976890023
3158022882, 2060630459
3153314943, 3616349088
1617803128, 667223875
1782188264, 4280804506
2750064311, 3772043863
3972242903, 2879178751
1290535910, 3585646921
1965260432, 1173330475
3218532536, 3561621644
2078622696, 1096888759
4286069107, 1698346875
2876082189, 4010934934
1316438221, 3938585361
4132240304, 356925028
2786916873, 3335146695
3333454660, 2146951188
3729384643, 3084347708
1924566534, 586602736
3782066467, 2312951522
1535837656, 1460004742
3994775994, 3542825307
2192159869, 3656952130
108994800, 2394992634
2956462059, 2900600081
3301612652, 2253938770
3308729083, 1221872447
1279782289, 2787081583
2382384252, 2900337160
3557050270, 3900144368
87237277, 502308162
598960366, 2323787844
2859034841, 2675633566
3138101101, 4157824324
1885059735, 3188483981
3449162351, 3423059453
2876858747, 2273814992
3457417561, 3663804667
762007990, 2486930333
3627050610, 2031707474
956292045, 1328964414
185356286, 746818508
3458026428, 1846603430
524936870, 4009634993
4110018004, 79240137
2500963238, 1316229216
1965915794, 3503521078
3845354585, 3685644890
4125955534, 1622093776
332080659, 327238217
2723095422, 2811359056
953360591, 2995612630
2455351801, 3320282880
2296088862, 1146827854
1708592453, 3872120139
1812410283, 2003668251
883834258, 2852068314
2213643396, 3722841273
2579245925, 54292103
3569157654, 3506653137
3696477825, 683467913
1779005241, 3707430503
1961732326, 791041943
3257867862, 3514238653
2169807012, 1293234903
1283194019, 597003148
1825791312, 1408444929
3997615728, 295754106
862280459, 2361163842
350526628, 3442948602
3431169003, 4194071493
3883168283, 1538883305
496154641, 1245555264
91015038, 4151868330
3873716500, 1940152993
2376856146, 1610859840
3526230778, 3692422221
3687575258, 586125786
3197175410, 2741176246
4215464860, 32040528
1372710025, 2695098883
1819197924, 2233233394
3551183698, 761990873
1450281211, 299234649
1435355386, 727758095
1552179831, 3811709204
919868617, 3007342448
3503126228, 1621837071
1963923675, 3807846267
2690510837, 3415008894
908707437, 3537732311
745447888, 2082548334
1894850444, 2098655598
533427733, 590153415
1528243270, 1599395992
585357574, 3661545574
3471275940, 2096013134
2939481782, 1370662831
143664448, 102430266
255407211, 435690022
1225579548, 2870733730
3900266677, 3238877057
219042364, 2711368825
2374211002, 3556084843
3387343530, 2761581343
2503124652, 1506929117
1268072367, 1159564027
1925888007, 814130913
3533057858, 1465573947
1849252691, 1129786552
1443493766, 2722080752
1854588142, 2436038419
822544696, 2797569545
795003511, 3415582107
2180736174, 1052562250
1732192420, 3800511757
2802265455, 2977922369
3623861913, 175167356
3882602866, 304216215
509776743, 1143736319
1936387187, 504178061
4259774367, 162375506
3233944255, 1099699597
1763485127, 1056383332
1591599695, 3087966252
2880997061, 1704741666
3078786444, 1937950260
2165167394, 4019214315
3074209284, 3806904915
1563424850, 799694546
541909738, 3577633202
3142028053, 3921203422
3482904412, 702135181
2923671291, 4193316854
4229873366, 836287046
3188212201, 419633800
2556903246, 281756351
130451255, 1420710156
1082813289, 1812971068
1787447192, 3509612343
2648714830, 2357171396
1329547868, 3939369171
1746135087, 2282137215
2603344548, 4179292464
1034721653, 3888015314
2079394842, 2073834336
216262038, 2074264822
1729025351, 2237146496
4159427081, 2434129352
2662619342, 691341634
2229861753, 4210803643
4076163177, 3450510215
3480973357, 3884950151
451840310, 3375738808
1541734996, 3233486159
2406911565, 3230334159
2329782698, 1383433005
2431092522, 1347283502
2119944919, 500182980
3317209014, 2328738671
2848350472, 156186143
113613840, 3357052464
3556532140, 3932514175
3627992650, 2820781811
3843152702, 406778276
1749545134, 422500836
4290438272, 2651524111
3554335715, 3091965153
2253691672, 3322313922
1398904158, 2459013556
4070782791, 3816125377
177178033, 3423995346
2298249372, 1371440627
2879496317, 4294473499
4194241302, 2119478140
4039679020, 902307613
2809899017, 4222023561
1577434787, 2660919919
3627585802, 2259316810
1602283771, 873347676
3487552469, 921775623
2038629502, 4036431615
2066135865, 1019833565
1816510639, 2157420365
3311532865, 812089961
4190318111, 3791223232
2696254095, 3855438600
1137120332, 1166123529
1778271747, 3418698458
2331955195, 3762612184
1656133296, 2910943410
189514566, 1870951194
624551980, 1301824106
2084925424, 3292391389
1120338390, 3665693734
2058331088, 822724802
1348837120, 365393783
1146901046, 3989416596
3401838766, 3153246793
3236959457, 1539134967
120804970, 3035076949
821771729, 2754191963
2405265515, 2878239858
3160389445, 4182553028
1826061647, 3537972831
3834177256, 188871668
73463340, 1859075283
1930648253, 1561636975
1419219777, 463398840
1977788872, 1048917014
3347972040, 545360538
4201320100, 1717692931
2039790007, 577808839
346666316, 1235392052
2435799658, 2872985960
1489528327, 4124350502
1419252673, 1591332702
3145414516, 983309865
1102618594, 2336989432
3663848926, 919406823
666089330, 3838140466
2653846926, 589593610
355696027, 895209773
662119077, 1073266784
3759244511, 576582629
1559372181, 1321203159
3303913091, 2266050974
3335343344, 1749824581
3599131810, 2063692205
3303141316, 983882855
4081044011, 75311937
3970501300, 3848002789
841098068, 3050754822
4018395126, 2578897101
3884643902, 2220360412
371079199, 2179351888
524960909, 986406068
2001850451, 2292636636
245280384, 1346042104
3267963578, 3487098132
3552637860, 560392585
2249077260, 264367410
2894532314, 2875087536
3232993029, 101919180
2146868568, 582534973
3680600098, 268952070
2822100342, 3752746544
74489909, 1221979924
4144420902, 32295678
2894878587, 2461413021
2293531947, 3526156442
2371245427, 3194202195
175688100, 3888916158
731297409, 3985448903
145001939, 3411390796
2017529296, 1705371516
4181417108, 3311897131
888316962, 1753063594
3561659532, 2226682001
1069527847, 4173914580
2580222252, 306674097
1323137048, 4062787592
1204543460, 3036369788
2488945088, 3188453291
2488996432, 2546191679
4261994174, 262603740
2722444629, 3116132425
4050040884, 927873834
882112120, 1160862583
3720506509, 3762047732
576938053, 2249305192
1560804246, 728007367
1193433552, 1645088217
1899892214, 1693883370
2485961936, 4040621956
1848556179, 3149779618
3377542591, 1184219603
3621174952, 2321908077
1676705382, 1488926076
944631006, 3425853953
3555650077, 2830998357
908697135, 3942047742
4110101704, 1880572190
849201705, 3703576717
1588341191, 1151777979
4289073473, 2109850256
3390683622, 2273668045
4139844082, 2093130774
289261717, 1802561222
1645143841, 147568340
1748120740, 1649815662
2397049003, 55057040
1849741129, 271504771
1832217625, 1268123540
2697438576, 4152173157
2028783695, 382475767
4107095241, 1476535742
2111076680, 3552594100
4201314544, 2555762897
1178862824, 1558961282
1515901489, 540332221
1767632450, 460494919
2420339430, 3138807354
1757513707, 2719865568
503256197, 421029110
4025408681, 156225195
1506743210, 3725640513
2247014709, 1508877242
684381673, 1445469784
2618425568, 66587365
31594775, 2370954707
2877401930, 4285676525
3250200181, 1267931384
2033141620, 1101347608
3418168955, 1087599866
3572806845, 2617721192
2144417661, 1939824610
3672511064, 1302823057
1980125701, 3520739010
1272916776, 1327291588
1176543072, 2237166054
1215259729, 3797891501
2276232141, 1403571519
3621860384, 3609175596
430453962, 348847103
1254180286, 4101103413
2164719199, 4197686893
2531981510, 4233576852
4247807150, 3370980928
724299423, 1562509973
1652918412, 1000649275
3412263736, 1116418182
2478928550, 2919164811
2272738065, 102604671
2509528183, 624746121
3627499515, 1356022174
1671302271, 1895583505
1252827387, 2478228616
3211633223, 2088786839
3684507076, 1178188948
4236825248, 2657052270
1274268270, 3131624843
693172813, 3443858490
3068951974, 266595040
2518037595, 2196245215
3128131076, 2402218310
2185553862, 3772423812
3969497565, 2780900958
748360251, 3089521494
2174333213, 3576127767
2634479124, 1904386945
4115793603, 4102203714
1127677483, 947893008
1871176009, 63428178
3565228577, 3342434481
4094077035, 1065710020
3398157889, 3053280200
2985956661, 3024418133
3421498250, 846054473
2665805218, 1675946502
836601924, 1811458982
3724268739, 873690963
4013073889, 2818951188
2804015897, 1112376289
2377442019, 4100721167
3613237559, 2167267676
157662804, 3260526715
3410466730, 484994294
2583625910, 2276185907
3898889707, 1537428379
265640684, 794359431
1337187796, 631204309
2146056552, 4187313208
3209521884, 415767180
3872150459, 1474728666
3263081634, 2152514341
3450627315, 4135509059
233972252, 276315751
2142415628, 1020624463
4258927557, 4069027134
1272542374, 4108843695
1256457643, 3581327813
3643381413, 140950200
3348853208, 4289373034
204066724, 2070738736
2393803966, 1291931068
108833875, 3448199975
4050886649, 750528161
2130552426, 725015950
4120818047, 3196672307
2301369624, 2257628614
3336357958, 3056479412
2701240641, 4055889535
3113580204, 2313970117
931269992, 652384475
1494394121, 213738081
3259620037, 575398315
4091282774, 1930841064
1497111443, 1389629790
255936676, 1072211040
1843045201, 3186317261
335718977, 1118747158
469957111, 3816325991
2315844004, 4071661365
42658529, 1652751004
1697171041, 514547392
2877093493, 1496821343
1788556757, 4096391884
3064159314, 2406927139
1581337270, 1642820168
3137149377, 746499755
4229202510, 2930322670
299425907, 2127920170
3426944316, 3344812949
1518483109, 1252603811
856417455, 1460363142
2517075964, 3274805967
2778586663, 1446981798
3834040634, 25599048
2835311926, 377081008
1834761452, 1721557159
30397892, 2132943731
3795923589, 1986626981
1828242674, 439476215
875068209, 2336048403
3978698701, 1867091893
2393342972, 1317811027
3544471614, 3761404960
1819014976, 256508186
4137660586, 741887108
562232815, 3749125612
316092440, 2424517195
1208377305, 4024169126
3413352279, 347160364
2801955658, 256636916
2746203450, 2020120642
613951514, 2902693710
2700449650, 1649652665
379507001, 1960708447
2715468033, 1297944661
2577376744, 1414729582
1113813972, 1674124399
3896276050, 3525594196
390865384, 2238766752
1212214772, 646086059
3636269471, 3545177683
158367056, 2882470124
1847404699, 4002342080
2432664367, 1316383197
3058470571, 2010009329
3059097310, 2733517326
3131917307, 403336221
4125406204, 598145242
4152543191, 2593651272
1353150941, 3866229195
3954316109, 4066407727
4244372759, 83298376
2677095209, 483950941
678003155, 2040970142
252085382, 1554993197
724786454, 503098447
2973432358, 1460936940
2326809038, 588781665
2781416800, 2749194169
1002889604, 1480832387
789888577, 2029119929
3669712690, 1651859760
3838555292, 841457501
2587567524, 45564354
3858929716, 3003034721
472691542, 3608678879
1687011590, 227163106
3800381128, 4055067780
2552705751, 374053805
27588244, 3957300110
1084605006, 3098580725
2244468391, 1845787993
3210488173, 2753877536
3998387810, 3165090584
541902309, 3348786363
2235969803, 2287673145
1114270296, 2116681725
1540790859, 2175594275
2154413971, 3753536580
3525606725, 1743450770
1021201495, 74898875
1299176121, 3098840947
1770432377, 571144263
1706092485, 47231039
1216977918, 426304192
486295783, 2804477637
3650651485, 2351784471
741860313, 3496716192
746049072, 3538145236
1026037375, 881384110
3422083271, 3068551797
2287825457, 3177770811
2227492711, 4210141795
374383123, 1553544737
4247757054, 653086879
1763830233, 2228840508
961893576, 155089874
197782782, 2045039766
1566118955, 1174399488
4147125378, 4004246064
1282582772, 143916439
1590568326, 3287555638
3736730317, 540122064
2965399055, 2430076863
3277811877, 2054692721
523011348, 3413371426
464947435, 1152916229
2190848868, 3343219694
559513642, 3964540862
478064228, 3519857763
852695315, 2953250759
2378302919, 2325309211
2131345417, 2163328371
4169722234, 52737998
1806447054, 4011825750
1105028169, 4142251657
3956309531, 3567568631
4190842746, 1883839531
2697521199, 1170619994
830427875, 2184006933
2220113232, 393785811
2310286214, 293483181
2079992270, 3982986177
1166000571, 825992592
426013788, 2776276950
1559081106, 253777699
49248203, 2891639853
2198203568, 3776298566
3180176272, 4225689519
1559469717, 87767630
1020749852, 2454289030
3704746664, 3070321584
485771269, 3075125870
1146445824, 1641220596
3311667704, 1495993664
2078393272, 290452670
2666680160, 2728688211
2452245273, 2966975517
3412209641, 3302938219
1920657800, 282258763
4211999076, 4040570849
1939812588, 3902962884
2285012937, 3538614810
3960016171, 4080207049
4059855566, 3666806737
45116618, 2844479247
3515633458, 4229937190
1078853856, 3440878215
2309588559, 1250600945
843799748, 2322603093
1430025956, 2095049942
398551749, 894014599
2791021544, 3812740167
3667469561, 1253966623
1894222183, 2927385813
3286347831, 312857333
499295203, 1586066749
3735557891, 3472747412
4055532034, 2729246195
481140468, 1097839273
3435890333, 34464403
2618169207, 2417893808
2618049283, 2855871268
566077226, 1796640532
3486116191, 3082632074
2660571687, 209253020
622992582, 2883135659
1996181352, 1203365866
71516845, 833314897
2094280498, 3923988206
1180552890, 2764771535
2343874263, 1370926831
3200830859, 1607421776
1238492255, 2864773812
1891657219, 3722416449
3688760746, 3395893498
1655597655, 3757300359
2287251662, 1292973181
4017219687, 244585913
1440393978, 36749211
4202490687, 2360152066
1286767229, 2299261103
3741626481, 2298333193
4261183581, 2926404238
109167620, 1632091987
2637726904, 1440238335
3826241468, 2608500590
756714806, 3876485054
2177246494, 392871608
1575767687, 1679985581
751716553, 201561992
3737501861, 543946859
794421953, 3267623912
3446944837, 3605716547
3561399273, 2385708184
458771720, 3012328529
4085299866, 3029991738
387313095, 1799131027
40350000, 1537790003
4204104874, 784212811
3514571316, 3729765149
2008217669, 408812182
3259646657, 3932125500
1980106837, 1759595517
1494305132, 4004290235
2980633442, 3659510014
1645259505, 842311265
1894975939, 3794355799
732268033, 1774248180
2573186581, 1482464209
2588738286, 2305973430
2724035612, 271799905
3789846100, 1407476769
3940886269, 4059373792
527241752, 94740983
1778951719, 2707064181
3877459762, 3647492479
3914767060, 2684526677
3477662653, 2791195943
3838801453, 3614943210
421002776, 2031262862
1905405224, 4110587678
3524172823, 2188944768
2714969114, 2882298850
1379792258, 801001543
2563519858, 23363406
1630069420, 2575140694
1449842775, 881744518
1276629038, 2693760603
781319048, 1606160814
3862998145, 3103771240
2927189593, 2374158111
3232976003, 1725804953
902065460, 348437074
4171941723, 19827744
223062166, 3702947595
856780116, 466770907
1653297267, 1407530231
2584625635, 2830328076
3197674929, 3869383892
2140612693, 1836763369
521775544, 1360632653
2130485759, 2850390768
3544572489, 1007555418
263205099, 2332758245
3939430262, 2419511711
3607562500, 3713176599
257498077, 460468941
983198555, 7634418
2655910909, 3849544706
4078911868, 1089959893
1423116590, 1473372710
3987785898, 427400949
557954481, 1871207530
1753856872, 2887263822
1121141784, 3767079822
1367543765, 3697181413
1424667988, 82062059
1159964173, 2325259985
309653516, 1947367007
3974004596, 1138130444
853318963, 3811227346
1195283452, 2399613525
2545531219, 1156781151
3063842390, 4199412431
2522006117, 3903316877
4170275034, 1456859715
1801937168, 1132924840
4059865029, 3087529796
1989846279, 3083358507
648158671, 746968669
176372748, 367252694
698772083, 142832756
1791561854, 4206107215
1998030684, 928609591
499246642, 1835814091
1168435153, 1055358551
1466899695, 1139369496
282111710, 3382823635
1047804932, 2880258737
3398296461, 3074236554
2233594216, 3978060716
2617440683, 3799942651
1771599504, 1189012778
2363434798, 2481536446
644877118, 2869768964
1595418586, 1579021730
3294727442, 510293316
2325686999, 2273568781
1435310567, 3337851126
860695811, 665425122
3852325505, 2302841268
2480950522, 935497808
2548848962, 1032575298
3029455228, 1186016893
3078151444, 1195135808
1771769328, 4201519189
331344174, 4165264861
2158882698, 3881645191
3569107754, 3869958617
3499377478, 1931101355
143699432, 1450714824
2986427167, 82048353
1501365174, 1336997751
1069273838, 3624721563
3487678859, 921140764
1653105387, 3482963440
2444295293, 1638968964
2243920375, 1221787335
3094599329, 1545235824
972823822, 1012648072
1325575782, 2448871804
1788857598, 2290254473
992229549, 2704409124
231304424, 2921129991
4179505246, 1664232668
526996573, 931504563
843920440, 3122294630
2981375652, 2833586922
1394052687, 58700156
2458190608, 2506071234
346398776, 3592365685
1654215383, 1335683436
935574484, 4242423779
2984169751, 3261243700
2485562407, 3300133295
2618263351, 1544434674
844825168, 691563467
737921225, 3538669006
1876442490, 4053816454
2051047194, 1519350884
3718810438, 2260368739
58528872, 2486010759
3027146273, 3975360860
2037445379, 116553105
2991405276, 2843114496
2379645715, 1104447735
3434128509, 186234087
1433966260, 479675650
1580962230, 2217154266
798431603, 3135901143
3879218475, 4033088228
515372399, 3940740767
3061716901, 2792022886
1705197910, 1233682225
2918825178, 3943081328
758422941, 1783733475
2540022352, 1085120186
2323923574, 1004609140
1203799330, 2579227566
3714610218, 4242524297
4122866975, 2575493165
2674824410, 1472989696
161577709, 2698731881
158786062, 1886957510
3082802175, 3515469609
3430741971, 859628880
1205584267, 601488834
661030238, 4047415762
3876211642, 1529152216
321089857, 3168332308
3573610070, 631666136
659724827, 1653655383
2876502771, 3748291555
1267902368, 2366183014
4268647912, 3329410219
4266746299, 1482163119
2216057299, 2756490048
35039014, 1289170374
3723543706, 758580998
198646956, 435971413
2668128245, 3189100557
1442066244, 1356756343
3258887263, 89290398
2391295702, 1025889230
2049314789, 1655460582
3855020999, 2224556983
476305046, 3769729470
339469966, 3907436375
3308455330, 3343747935
3988700432, 2793668735
4089853316, 1667512179
3760018805, 1589291559
1950236931, 1377704399
2769938577, 1492180300
1332701748, 1736548188
1418514682, 577539272
3307873702, 1262824009
3844800576, 2024548495
951053602, 3425837517
2450786072, 2596371762
1937888014, 290042072
2432367432, 1934796578
2059176935, 674600954
1998327667, 3814862065
2075923466, 3891193273
987835453, 2864084683
368820510, 4274785761
523544111, 3553003827
944878059, 4270618864
2067862346, 1840053253
1262108139, 1151135288
30877485, 189942033
127320814, 4010763879
2220115487, 1073192441
816350662, 4116477026
3904550556, 668083958
2646136172, 4237255662
1046412424, 3754642678
1848383985, 4282380676
2602054101, 2292270011
2533659932, 3662806114
25842407, 954682604
2024688361, 3288230671
2290733271, 1961196762
2195745799, 562981874
99576129, 2698208854
3036986588, 4174745004
1126363334, 2735768606
3998928639, 165648922
4278189177, 2200822906
1351572082, 4069874810
3614967028, 1140087713
764318332, 4047173824
3314498226, 3310592293
419298723, 3962190043
528445410, 594628759
3843121527, 3238865174
18229817, 136134619
3693413772, 1080507618
117958197, 3771838401
2502736848, 3397244321
3820837047, 3481310282
2189002673, 1222568562
47583225, 2370150904
2927466091, 3985006399
2409141602, 1576618925
1737707763, 1260152858
3981677840, 575792760
980962545, 41310756
1595176803, 1917876393
2035860009, 442089927
1960427127, 696044632
979084862, 1732189003
691799314, 2743744666
922472185, 1265692634
47960736, 1946136547
2616711575, 4249371234
4044560947, 1848947297
3854088700, 702413613
3397213215, 4045867617
2157242346, 4201483518
3280875852, 1128824352
2442765388, 3650004478
3020076194, 1777071324
2195997841, 2765941685
1093525300, 933326290
321789150, 2668869858
2536748008, 1144587012
1934960765, 1631405824
1399044768, 23828234
4030821045, 1109858502
1269179510, 1424141386
1509789714, 332507864
2247617233, 2083658735
3808847733, 3436811910
2730658196, 3864295851
5294273, 4247351160
1915396343, 940567296
1259948892, 1876747782
806351750, 1340604421
2689042797, 1690644441
332065354, 4120643897
3307205730, 2944427945
146229890, 2697545479
1577345907, 1951051175
1713906146, 2116544661
2103086217, 1016268607
291767077, 2281369121
3014468410, 544015089
55795646, 905311700
1306289311, 1779786052
111168110, 845170126
363995975, 2609709835
1432657820, 2167582224
2804540921, 3510614852
2249566451, 3481430843
4169140957, 1942510454
2974948606, 2686607590
301838510, 1136509929
1479114738, 3975979628
983949764, 3359031098
3088117208, 3503070287
2804571064, 185271058
439382841, 3116720030
2604622034, 608012077
403089773, 3684158357
302130568, 2475972482
2199952862, 3635784099
78897572, 2113411979
2018107813, 2193603264
1451727030, 2150746542
251867645, 2520228425
3855478943, 499487
1709070522, 3642975009
1022503799, 3082852568
4289519263, 2652189138
1430311727, 3008953312
2944582804, 3694623643
590261033, 3822749875
3107711453, 3619766068
3411597413, 3055697524
3023981572, 163255017
3569657438, 2356366214
2322291437, 845899675
3161471282, 2925775959
1541387407, 332516417
1785941424, 1239186083
586571137, 5261621
2473027224, 2742250668
1159789322, 536930911
683109464, 398443277
293274089, 196108603
17294775, 1740722143
2908996988, 1313092770
3752961514, 2343232858
4195316651, 3451842293
2528374132, 3958305030
3459071097, 3386402046
3993381122, 3797047368
896936825, 712604427
1995112933, 4175315223
838880697, 378455137
1844068851, 3248123204
578438283, 410976629
3522382749, 4144598608
2816186249, 1962374673
3153392803, 1540728554
1980292944, 2472208783
2967962764, 1621470848
2382797887, 1374606436
3372591415, 2241018641
1366163035, 2959073788
600269880, 2494955254
497975302, 1577783439
3598058730, 3603872288
15585216, 1728658012
1830956762, 1657154903
2671883998, 1388695479
596681317, 1859744047
216653564, 1932131065
3276383389, 409263700
1478832743, 1327683124
3437455991, 1952944957
1874325038, 2286877852
2307501437, 3677400970
736516850, 384354706
3151278638, 2039720494
1286519110, 2308296276
3386194754, 1349604765
3924483340, 2320613185
604760339, 1090748641
4213998242, 822790576
2169179256, 105115732
653756551, 2071264165
2087731531, 1316475437
1793160526, 3627301745
4239936652, 1232145795
1786889958, 296610811
167356599, 3500390974
3576054144, 4199889646
535464592, 1215009816
2503906402, 1368577527
2145360658, 898835457
1894805764, 1515402078
2620718838, 4174107649
3020880992, 1501933909
1383995938, 3442326922
975644704, 2893987326
815388400, 3570205046
1048777075, 3034154339
1802493673, 2287394537
3954905328, 1924627185
3905031308, 1940526590
2797982659, 3690632480
2989559414, 3209338793
1405235429, 3254278558
702603713, 1208090374
3447451085, 2869083716
715826992, 3914842978
410184186, 3818965503
4068297372, 3245153056
1175617267, 3984690630
809952297, 3245789922
3195260367, 1182494142
150485092, 2648932906
2284218070, 2857699582
1054608247, 548950986
1148134221, 1567530373
4283801516, 2741868874
2146126493, 1096887234
2123945805, 49316475
2088354213, 521808254
3392064247, 2719526249
1188639383, 1601871090
4170485886, 665853144
2554501972, 3537298840
742922792, 549985337
353265503, 539779472
929906705, 95272061
3122202371, 3016315439
1282849703, 2232311153
4286690050, 2918736878
2771063100, 3174731047
1542854579, 3278400067
1928294689, 1093078395
755407782, 3847760226
4171490575, 2234855170
2684897142, 2528422881
4283025220, 302381609
167583941, 2155964054
4227652881, 53662644
756761666, 2528090359
3189181013, 2783173035
3918556568, 1264544273
3383720176, 3922883669
4202401877, 541044158
4114274247, 492389665
1553869684, 3416983986
2561617686, 470212454
1096515615, 2422593650
2237858061, 2236729580
804218396, 151019372
630474913, 207063349
2828656915, 1142889046
2577432279, 3033846949
3347145559, 4294754208
3991400366, 2208146915
4048619229, 1880571118
170861148, 2659118474
3826129090, 1640110338
2019632962, 3774161918
4280791522, 3172497828
274369063, 1316950355
2407367265, 1184572634
4193513925, 2466888206
3701022946, 1316657815
2785234304, 2503066168
4020194993, 3710833292
741178494, 2461889115
1647039353, 2262237587
1291095785, 2399878835
161412158, 3952067361
4113353694, 524623030
1549275835, 3616334513
3632818032, 3762050776
725131981, 3808462994
3465676898, 1601673012
3944883284, 3763622422
3716309719, 1735174818
2875760539, 1640811608
1462510682, 3489517224
97087293, 667930933
2791683468, 3981866075
154154461, 519825516
4031794910, 1427543064
4046732515, 4232437269
76130641, 3502239502
1420009522, 187618496
2735651939, 4235283081
11202176, 1995204390
2300214720, 2931934654
1167247504, 2705368032
3057612352, 2479302059
606224182, 3207841350
3664730755, 4182786576
2609787861, 353281762
446205708, 1182274216
2189356404, 1838901766
3299034035, 1757572694
3708555025, 1359616273
2218130287, 3775785951
20429782, 1375044011
321463614, 2463181265
3604806764, 2921924730
3205678078, 3290594421
461962079, 1617356769
643846003, 2166125029
1123935293, 2963513590
3956001087, 304591291
598028784, 721951898
3951991785, 2921293542
3787522554, 4181089089
3781598407, 587497998
1222870479, 321118475
1878558814, 706576400
451770458, 831479690
2700679561, 3039659655
2226604469, 3118469274
2575962226, 327173656
398229084, 912171239
2827087115, 3474223397
440215451, 130012398
725655105, 3843307159
1571868043, 3116494937
3063342364, 1341596381
4093153650, 3087919665
3741374788, 960595124
1831243, 3767117561
3112666547, 3984475162
19326728, 4088975579
3858643052, 3896723962
1487059905, 2340148755
3612881077, 1308224222
2238210429, 3027541044
215648382, 1146225928
134443419, 3036276774
1823352064, 1719843580
1646348909, 3394898724
830826419, 2488508838
1760927305, 939092313
3414801321, 2604313246
2246452803, 325615157
540694495, 114722177
2767207534, 2993576089
2501248546, 2293064779
1644897692, 3969689739
2897067372, 1720386983
1163708655, 2777169087
3097792478, 1835212564
462378671, 598024936
3948257830, 2936301822
1000658838, 1177438774
1018427394, 1595802350
1641747931, 1864169650
1187222696, 88549885
3763774555, 2722681684
2768147070, 3763270175
427593274, 1415074287
2687543289, 4209099085
2738792045, 1834972492
455752691, 277379254
2348245956, 914217474
4185486861, 3244631159
2942104967, 3630945066
1494794667, 2951429130
2857482663, 4226727524
3331572644, 851289524
1347828925, 3374798915
252654725, 2224400370
480458918, 390828284
3547649289, 2862872490
1396836930, 3375855741
2397353285, 3298448310
2346610145, 2960015582
625044798, 2457681353
1630131971, 2461785266
468595919, 116194731
539601653, 4034509640
1430880332, 2664712599
1939267628, 16705429
248182838, 3810056863
2024573832, 644368426
1579690671, 3583302974
165768931, 797218952
2191057366, 4197422210
4151112563, 2150931515
2673566265, 2778851155
3784399336, 1214131273
195404033, 3461365231
814981405, 1798741866
4024210049, 2722558888
4279854675, 1258161365
1107535470, 426167351
1968842583, 3781842891
2736695359, 4201486667
4279696610, 2458828927
920689176, 4246692940
292001016, 3359541233
2728365833, 4184792181
2056740862, 1394173687
1867939177, 1074803386
3322409720, 579847681
484249954, 2397472772
3025581300, 1906096886
2578497025, 3699990470
4281896987, 637145623
2618631269, 2442076804
355670812, 121633199
2698193491, 3186552122
618379767, 1704919969
2952041232, 4205443922
3712700614, 2055632218
276510839, 324600777
1184628176, 3097684523
4207525800, 1045056595
3832627200, 3317942116
1553966974, 229786257
3231240610, 761202789
2656257934, 2808318059
3375251018, 3390246624
1317736142, 3289483613
3772058177, 1624980243
3124297021, 1607678292
1644494749, 278983938
2653354929, 1896409381
4027445700, 2214309937
1633507359, 1567812117
758724174, 1001540425
292149467, 2131377478
2968208830, 2960929
1560254010, 2421148284
3749155216, 341011104
4215359416, 3355021914
287867952, 3241980908
3065144948, 2321761200
8601471, 455744668
2093320107, 2763606963
2032266605, 27497943
850803815, 3083636059
1495916474, 769664500
761244889, 4071077240
2170304387, 330572624
3479014836, 477782447
4002743793, 1821814401
1670260572, 1749098779
1199315717, 1310035051
1575907521, 4013937728
2675233970, 1879005700
4057158652, 3741895313
3878536129, 168083101
1209126737, 731573384
3545012064, 2459361775
1198588902, 3597650883
3616103188, 4057532374
3697839641, 2430002015
3692357101, 1029123085
1716535161, 1746088459
484847064, 212578068
3030900408, 1480915854
2795476120, 1949527506
3433476825, 156235791
3781146562, 714923662
875189379, 2580637477
3890981755, 3216270477
1368394330, 3616078113
1902345081, 1206111192
3763691040, 1314324074
3465193900, 58780691
2664180804, 2584828764
3954780312, 4289000680
3286514457, 3255835107
3352726136, 2248965250
4251434842, 1010845834
2900951001, 3264255601
178478117, 567108001
54790286, 375685711
3365970585, 2431819362
448943950, 839010230
1725199827, 3722560094
2750418009, 3165496209
336504198, 1346808528
3348826514, 3347438287
3177799548, 273246987
3667131781, 840554650
3658302250, 1692794262
931259003, 3229213735
856719375, 4249821615
3389056305, 837221358
949541478, 1253671792
2101078259, 2597239018
3045974883, 1184963107
1034827621, 2712668175
2994150413, 3070857634
3702315430, 3201905451
2241431834, 1218096425
3649554340, 2776194158
823084949, 2430276276
2017198221, 4283414388
3899644305, 480785036
1882158688, 3292510492
1726964669, 1271398662
1915872927, 54385960
379043655, 3270227860
4075105981, 1860357213
1910422139, 1054833635
3100011985, 2619183186
2083944125, 3319956960
1443815139, 581341105
3329426533, 3584922827
3765193130, 3432379279
463080490, 49812430
1778444563, 2549746770
1412166430, 856655332
1567820153, 3662546277
3668752188, 258961146
650574910, 1478752113
3493381857, 3024645474
420818091, 25121540
400252439, 658222100
1796180118, 2989725351
3499080353, 48993264
3555643430, 898519959
2293863951, 1318074023
205023924, 821437310
909800121, 2242680868
3003667874, 195894467
2415902177, 1493075918
1367205868, 3029037661
1639890682, 1056668538
3950233005, 2648970099
1737137480, 887114915
2280090241, 2807804942
2803511443, 867315088
4109236131, 2243770687
2254430612, 3947030750
4244897425, 216161562
390333357, 2438478715
1635447217, 2374061894
3714463185, 1560930228
3031759450, 3324919871
305195426, 4186295191
3795346469, 3225436195
1030809477, 3507145984
2494182011, 2651952611
2304732553, 580475637
2776832141, 2907737468
55312553, 2203090549
219480471, 2489830955
3212510126, 544420374
1991688564, 2513199573
2036655547, 77610981
4096787627, 1643779173
3524455664, 2787118709
3243436419, 834333706
1365765937, 1036015458
1629270439, 3186050312
1094447371, 1035867143
2632910180, 2581225364
3656427231, 162641429
85758129, 1358224749
3314704487, 3758494017
847997487, 99474870
2019930650, 3193316935
861360511, 2491783449
3361995141, 2912190354
2354204573, 859049608
379627372, 1455962563
1492010798, 1617436310
2152004145, 2104453068
2356354919, 2336358587
1944110449, 2602286718
1774390097, 4034743816
2722842057, 2178618041
1993148843, 4242443209
1058047150, 1989561763
1602070325, 454723514
3217533339, 4191463679
774514846, 3149879038
2419679627, 3217866386
1279790749, 3281676354
1714892117, 1633114675
2859622552, 122987152
2566898675, 1714775392
1229175331, 2558326637
3950554643, 3089208959
3871451096, 2849288446
2108155165, 2425616907
1875870744, 621488654
3202794657, 3663570092
2479483685, 3778276138
2841891235, 3315293200
1990505645, 2738277853
342245083, 478800639
485283914, 3883164029
575740412, 2730581315
981160339, 233875353
3757853848, 1870120735
3901420983, 460300513
729106217, 2426997461
1621908393, 3581324631
2628136892, 2297500727
1196445830, 4293901477
2265453583, 2362943928
3339921403, 1413465927
1725330980, 1480157244
2123143715, 678021305
888601174, 1182428326
2209095647, 422119445
962119787, 3545037090
1489249023, 3350365342
4079635264, 1240403563
405391113, 3971225345
3582367212, 365043278
2080735868, 597933962
1860869667, 3107563053
2955736459, 3438872224
2177557233, 1973712525
2119100243, 2467355355
597871855, 3518673361
2146639957, 1765674216
727217246, 202487999
3941190908, 12839995
4188755707, 1489268895
151730513, 363188010
698394041, 2120966717
4152647680, 1231642701
2152649827, 2137065553
3206196301, 1943076116
1146479808, 867795045
1601103793, 843886079
2426320010, 3569491566
2245066132, 1670971391
2350897244, 1754967182
262053616, 3643538152
2964914245, 1050061374
3048027560, 2851350215
4043275757, 3441861894
815693233, 274086225
914698110, 3067477728
3902875960, 4114068966
1087242621, 1212751469
3232641806, 1091334187
20467286, 706546105
1419369389, 805057933
1281941627, 2986253362
1474798063, 166497159
3653475389, 216035523
4005829419, 4273976172
2270591352, 858925160
2828304407, 1637124259
2546392738, 2135249785
1735710808, 244781543
1631743895, 1587781939
986842066, 811209764
1766133587, 1740762431
3728811193, 3355293726
884637840, 2053083212
3388512484, 2156461957
374741829, 70965643
298217623, 3146994828
3913337773, 2427777507
1648316835, 3465318077
3224739633, 448589473
1275336947, 3723748750
1464492971, 4182837464
59644262, 2404512059
1038074470, 3594601913
1689908007, 498735562
4227032383, 3674487748
2929399068, 1023210788
1359935328, 2979037619
2528477712, 1215479658
3689768850, 3883264852
2057955284, 319393359
1052137710, 138350625
1235142584, 3144138664
3687684703, 212233825
94874255, 3293672392
4127600953, 1700984038
2273309358, 4091674574
814458102, 3773953258
3423965937, 2448281165
39853802, 2641862790
2819394136, 4231488055
1420992045, 404080952
461888621, 4073965300
2669602838, 1710649759
2033323999, 1828163554
3696263491, 2322315680
3626223796, 2809480724
2703278459, 1369869666
2374995165, 1517204584
4108851218, 3866689079
2286843393, 861943829
530896112, 1646580483
3613980344, 3067480483
6436415, 2337345158
907143481, 1232526566
3694073593, 3722234475
1919923666, 868848891
2815966983, 2693535731
2133979925, 290701857
4267441397, 382814666
2813531983, 2984317441
670844558, 410194323
370906006, 3557365554
673150781, 465313465
119726999, 1982488979
3603218718, 765941445
1716918425, 1860033719
2737930387, 1847471386
501725853, 1393266325
965380658, 2122667258
2836004478, 1445267100
2817814617, 2451591085
1361157779, 2221998203
2147790690, 1403169718
662443119, 2777480239
1982330106, 128666778
1502146452, 810066658
310665691, 606926052
1593227552, 2175048846
888933327, 3213076100
2714312784, 2781979158
1376738914, 3867121043
401672426, 2288387030
2459835118, 2225532436
1646110808, 592960676
2748030611, 4260649066
2045944736, 3138361903
1673280062, 2129919022
11779393, 3322489544
4143232673, 2858664292
3595555541, 2717506173
1603542306, 3553128777
2234659084, 2418545986
1195448315, 3497483328
4229916364, 3387842695
993470113, 590960967
883080120, 2059775525
1260110497, 790389099
2883759714, 3902526432
1672830841, 1501309457
3649857479, 4098918837
1872646174, 3547083519
1654721526, 4264612676
2580418761, 128620520
2670627756, 1493950364
2600857510, 2055523198
4017934593, 389827415
2429661821, 3353685612
2900535351, 1833528482
2403466681, 1615692633
1963850436, 66033908
1261790322, 1767787510
4087720459, 952295097
2434174854, 1574506593
2523690735, 3134790231
1178288771, 2008802033
153431235, 2387910686
1033140010, 480095610
3261358586, 4210777736
1953917988, 3320486122
671438670, 59730466
1907748816, 290574084
3334433045, 4158779524
1841181194, 3775683182
2072066893, 4233148730
2486846072, 1066895238
1018115998, 2768090499
2378878810, 4210927516
3988553008, 1404073681
2586761277, 1633976358
2557561024, 641199649
462331300, 1177033924
489948729, 12453044
3700637182, 1090212272
539956313, 1059387597
163384446, 2190024626
3332346236, 2345327872
2290973524, 2703173650
1100165654, 1301446690
1505791439, 2500865850
1900132455, 2793355600
3194222791, 3254103914
1504256237, 1139493230
501578032, 2801395189
1568416551, 3412151377
2309226456, 1986609304
2292131108, 373129267
2969644452, 619695645
3191235673, 66090970
233973215, 2477277995
4000670398, 1526355689
850777615, 1207530892
845274774, 3730054797
1551401284, 2405793525
1465085458, 4135840187
989337434, 3137940161
3068598863, 3172124590
1361669156, 4162088163
1429381684, 2275825586
938100322, 2268784837
3488724119, 6150224
344342593, 2738500134
3428247557, 3169666744
3577770379, 1730717007
2950680717, 3747873786
2431807754, 2990936055
844393793, 2609206142
1508349152, 161657423
2844162952, 2423278432
2397738998, 3573427593
2327365359, 4104531975
3044955691, 2496327722
840952292, 1503430259
128955552, 3424285317
1924137507, 1626736335
1776055883, 1459398056
1056325217, 975123514
2673304496, 2974498690
2975524309, 3366444536
1112211839, 3465860599
2468897917, 2991855796
2936512914, 4215057734
2427019136, 2843476010
2981662293, 4169918407
3998567348, 1314712380
875330323, 2668859498
3958257322, 3906426427
3060846634, 1103009893
2338160395, 747800973
2078883904, 3232832665
75525514, 650961206
3580510229, 1877593846
3972367632, 3019346003
1092215137, 2760847937
3775940195, 1193201534
3603940127, 3114177406
2245047193, 1167996843
4083742789, 2484879767
2171881912, 2827971208
2769298359, 2890502977
3426965615, 3990128495
2485403220, 2627587684
1771399701, 1505646522
3834642266, 109265553
2490120318, 533313235
1366027710, 698916599
1616175568, 2443759196
454101465, 95682530
3085140229, 3853847772
1799112677, 3380967813
2503769259, 2767099446
2676513432, 623693027
2912455233, 4096554537
1958963508, 3404736513
3935874319, 760817676
2325393397, 1362422606
2242731619, 704658191
2517763936, 192487367
1858943834, 4003260405
4213677015, 2847184268
3175114485, 2361380060
790579610, 2181645813
1688537175, 2100077290
1238598355, 160477233
1601204822, 3853030552
2068961876, 286500596
1336475071, 3183025142
2080439138, 170504532
1671430743, 4294833025
2868012750, 31352766
3387899228, 1313379509
3384868313, 3124731098
3257592972, 2886818861
1275015191, 1134232968
3892196986, 4230449652
1119974830, 1902726711
821252377, 2254816029
207131508, 1213303379
3115826884, 1761516538
468079984, 3072111775
2093767328, 1243939251
1905875241, 3724854103
3008531477, 4195213821
2015745968, 2564736737
2770826024, 2570071268
2396865840, 817460009
262414037, 270798781
1209464540, 3009711304
2328250235, 688324906
3822734595, 1429389613
2368012539, 147614271
3427615551, 4050995333
2389706325, 2493953439
1594472359, 2385654947
119447245, 3247352543
1213448552, 972225315
190267359, 2295210190
1535624657, 589539140
4069133562, 2072593776
1813177403, 2340542852
1333781499, 727222581
4288137133, 247344013
3483107676, 3401678356
2143523593, 3164343288
466331587, 3397041894
2556525426, 919048600
123402077, 4113061633
2948142520, 3114272855
674903574, 3206929571
1393594781, 2309354855
1048088076, 1922470720
880545142, 1012391442
2418785075, 1518377898
100657500, 4176258359
92887645, 755936362
3783643332, 283764505
1307974144, 3309631331
883123983, 95259926
4094251926, 1447420968
87498703, 123450868
2761244666, 585059254
1977333135, 3095702764
1494814471, 1304227420
2690101617, 1692209350
2587402155, 1536530710
1685394195, 4167565582
142880702, 2404893159
2676343683, 3920675450
1495213273, 3362290065
4007089513, 3247249791
859333105, 213102026
3811570584, 2478439660
681740616, 2082805698
1383421667, 4265909485
853378360, 2064706834
1185614718, 1271669072
1057262531, 4246415206
553405519, 181735121
3853877185, 3688918177
135670926, 106356951
2579232529, 3978306555
124242403, 3864204888
2568770677, 2888427278
1150568745, 4120963601
3066492318, 3672102229
932069873, 78305609
3598673197, 3810747614
720526897, 211665333
4229092492, 2428549022
2556296616, 1756552036
1370836589, 4035398377
3327220406, 4293035890
4030722079, 2601037061
4212099788, 2704659509
2608533931, 484114090
3913710129, 3698712283
2339479061, 3642924058
2942729389, 2228543471
1698222816, 2581701018
1458704271, 1390154033
2365559153, 3723102479
1891098546, 424865602
4262181135, 3109727064
1677796592, 4210700982
3638451050, 4064437137
1321179507, 131938170
2249017789, 3006339101
884705567, 2140940085
2190042720, 2782772597
3086452613, 4024582704
1714093961, 271098775
4187194236, 974977671
2024105305, 1426835977
993143684, 548550414
3196316204, 1548618317
52616288, 2087519496
2467496452, 2304920201
1595889787, 4039835868
2629148257, 3441826703
853603723, 1315791903
807261464, 1436363834
4145259116, 2716333910
3378390266, 3456221205
1421688973, 3798026635
2114540923, 1265120127
1631120500, 2265711034
1234147930, 2629061168
1963698448, 3189012188
1476078688, 1394285821
1981660026, 3158587642
1929457743, 4099776955
1833025661, 29603291
1566377567, 1574612573
1503087835, 4241135084
1722059647, 717982119
1728759929, 451778696
2966098903, 3139063340
1528870059, 504050565
4242079287, 2420803792
502971751, 3653879713
2565006697, 3900673056
4012975503, 1813044440
2377800365, 2822992173
1545143632, 3691548996
872245552, 2617827923
3518008323, 2491449056
2500563075, 1590193228
306160695, 1532534699
3073803823, 2144665922
1767282190, 913311451
409760105, 3084557345
3143116397, 924253924
65858293, 3822229084
3510098759, 3212843785
9283826, 3234968167
2295051516, 3552552762
1922177495, 3978817805
2647747342, 2817369550
3786706385, 2722540393
3480346870, 785390889
2004784603, 2943182760
4133687019, 2127346276
1804320108, 3162140355
1145451095, 3319569109
3586799722, 3595617024
1631484116, 1280568934
1390970514, 2415753607
913425558, 3670709336
1580657182, 3184346299
2754408306, 1462400951
3283693827, 1518098662
1038033607, 2720479575
818031163, 585252556
3162075192, 517772980
796448771, 3482264761
2007610765, 2995890386
3632708424, 187677726
4268367696, 2063664362
185866357, 510887104
1411044901, 1016398083
4043213707, 924452596
793265198, 2308123545
3499392256, 2031433986
3049859616, 844058299
4184198505, 281541583
428912013, 1347597631
2188006426, 958730274
2452189172, 914722255
1990294011, 3300504549
232814681, 811739109
3900586470, 4037804793
3579815696, 74800748
3919489227, 3169802567
2887678955, 2286489549
3348078009, 76495293
801881153, 1627883459
4265761966, 1273301407
2124822168, 4279606018
609649142, 3976673412
3948878862, 3842474665
3110563129, 2648500477
2390958957, 247783126
1502401143, 782963574
2349002382, 3940405300
30884796, 959734213
3576412171, 378346594
2969795054, 2614524257
2744665070, 2586520173
788009582, 705764339
971396805, 2243213355
3114300411, 323892437
3894013747, 2408216315
453029872, 3684158409
3439280129, 3913567671
2999503527, 3570417298
796271389, 571877893
564824639, 1686392927
501568429, 2730181052
1816648675, 151957796
3542623922, 3459629248
294885841, 1465869529
984619919, 941049675
3399616054, 3302287363
1213165906, 3973233046
101381296, 4189442952
2096948230, 2372731417
2248153796, 2392844985
3832670583, 343345674
169220323, 2399266907
1564250762, 50256030
2021926463, 4052749343
2534431944, 2796464857
3491369031, 1328775857
1024673513, 100261905
2172501874, 3284644187
2277695465, 1841758841
2628661057, 161949839
1063474560, 390707054
2029649444, 2496626165
3815516806, 1800355130
511276148, 733499616
4213400894, 1189991500
682822632, 2688895853
1780009587, 2674470736
1332113711, 2049143960
850852416, 3519732022
2763782475, 1353946263
1003515135, 316046404
4125426198, 4216849135
1683623753, 4150967688
172947811, 1653013295
1218740358, 283154492
2656763225, 1799207928
2491325292, 3594528503
912979252, 1310812803
3247766541, 1002155805
3552219504, 492783735
1632179233, 2003546501
1186656455, 3206631875
1738912213, 3065604369
3769443533, 3956683808
3882385177, 3222291531
332018303, 411508969
3686487727, 1723332159
123098538, 2772740714
1430355192, 1971817817
3198650446, 3916471156
3797229640, 3808656946
3248348122, 3177206071
2080476266, 897791756
2897580978, 4259316255
2191506591, 3246897359
784441552, 1866486634
116360235, 1091036524
4154590901, 4262969130
4279758227, 171743172
4166900729, 2474755030
2709587205, 841562818
1076094417, 801769496
2491847483, 3666993190
996278586, 3113839823
3262437829, 2931897726
3581344481, 2930330773
1703168065, 3711952604
377044450, 125550852
3758679919, 2325469846
1362083910, 723842579
199783541, 2710716999
2558646483, 3891859793
1905349524, 3662042938
3168602575, 2812642888
4032134284, 1211646737
2556909053, 2712737734
2573934528, 344059303
2672427889, 2618406421
3372397686, 2384025372
2213512528, 1344910365
2002673119, 1249053289
153413726, 4248637238
4144135570, 3325724418
1535229632, 462342649
3139720346, 2184740316
168654971, 592005072
2706507511, 723213640
1730894492, 3264287604
2262148783, 3444058655
694414631, 3740692274
2060627819, 1041986609
2338087125, 3060436819
3511609604, 1070032699
4143166856, 788022588
3475139517, 1932160952
2075129482, 2394058412
2332642139, 3153990363
3892037831, 310241796
4237228123, 2385712410
1895207721, 2942656952
186121258, 4234831139
1417079783, 573762727
2977103998, 712668012
2442726753, 138308682
2375001616, 1579946097
4153499148, 1515617575
3652164030, 174645321
3116423562, 3525238822
1067708994, 3229329118
3006038995, 3769679119
2198724423, 3990750788
1957149606, 669342884
1416881189, 636689370
2950904460, 3078090121
1487903654, 2323432597
29597064, 3728215801
1375217413, 1414982950
1070482366, 2648682811
1802484972, 2823880360
2355857310, 1241556624
2578617573, 1308035304
3552471669, 1710925262
1055013839, 885456424
1644840687, 3373345480
707390212, 1608801029
4258553915, 1333245880
2563980612, 475300320
1563809438, 903052092
3019326085, 2580300784
3827037510, 2670471621
2888852774, 119060797
3352731601, 2361992448
2045623037, 3197646208
4141009195, 2158815107
3555180235, 2214323534
1936609481, 1346389018
289426136, 906414673
666155074, 1987864738
2430207527, 2364276718
2168395656, 318204842
407166301, 1625473300
2118371854, 2426372206
4043094335, 2926135337
4227117056, 565882664
1372530629, 3426019114
2510798708, 1552305236
1846040561, 1208819024
3539330390, 840402843
236533006, 494328915
594129334, 4210356722
3417077353, 2112076021
4038093873, 1169596489
3819006668, 3415880546
1996194276, 569878190
3071679746, 861559052
2817704085, 3730928071
3292411696, 1327084425
2119265513, 3737975906
3475150058, 430539282
1107044588, 3584724290
3445546252, 660226451
83861262, 3334674131
2495027383, 2538442792
572927374, 545290121
186095102, 1505293477
2201473858, 1725247402
2647251784, 3891599000
3298339773, 30450703
148051057, 536521616
880635204, 2288527838
1530109901, 2525305122
1539530592, 4263037577
3159571814, 1012173027
1585477104, 4022179298
4039094798, 1049889824
2497694913, 2015279137
1943578005, 2741535987
2927578208, 2239873351
3860696572, 809494279
632757117, 834217268
1250204494, 2338321553
1895347489, 3108881959
613868198, 1484383295
507565272, 3824200029
3559480140, 1979821171
431249487, 1050123473
3457125414, 2245596679
4202569637, 1677609715
3281330327, 3280826844
3604465593, 2750253501
1239978243, 138796866
4250424764, 3490332589
908576892, 3503803788
1616102246, 2498058200
89720493, 2391065571
1700728276, 3859535225
2696938371, 554179120
2874965729, 2624441231
2828644257, 3880218602
3848431910, 1296953283
1044621549, 1776340452
3965536113, 3747644022
1889308024, 2703684353
2436138070, 1494992867
3180641248, 4207005244
3630288508, 3042000972
3762168392, 1696398168
2425293422, 2210209646
732240577, 866611398
729906104, 388993194
2501489506, 3540116504
3430993612, 591840052
3593945668, 1893034468
3824302442, 1797070898
2995319285, 1561149040
315971840, 624421320
1119302005, 1264193177
4187282245, 121377442
2766802885, 933413927
1669622338, 1525628868
3382756232, 828804401
44367808, 4248505480
1897078924, 3798414382
3307578141, 2570893250
3746081140, 86927723
1895835449, 1823341126
2336690464, 2207732123
3523626389, 4004619552
2786010423, 812077662
3467560754, 633751760
2649683655, 1629791016
15563763, 1025678235
1748827343, 2540587785
565801846, 2214723367
4279398569, 3565324732
18838691, 660196829
996986463, 1311196780
2769297834, 3161314132
2001595341, 224549973
2178193251, 1196842973
3935960486, 2502648428
3026480421, 289963827
537419246, 2413819923
3628383693, 2360826679
1181006289, 308732052
3557773931, 1722787484
2818728114, 2287931728
3087334120, 3262680952
3042443844, 3201037932
807549185, 3214508729
1888681576, 2309345526
2995769739, 3375812593
1435402344, 237180393
973029221, 2825271773
1536755371, 3400401677
651667824, 4001919819
3842641465, 2074154969
3868642101, 2194598733
967063010, 543699469
2384595622, 2663114835
3344530871, 3913823719
1129384450, 1395998321
399629888, 1931078281
2841704982, 3293994117
378973957, 1324557508
350156327, 1685748831
3592166536, 1337432444
3127593616, 2640104339
4261748195, 4212281384
2943396996, 4108983835
3353796784, 3128810098
608021692, 4276775038
826000484, 3691535649
1061251769, 432932904
3887909478, 2252357390
488402529, 548826603
1223606966, 545572501
1802224621, 334493257
159707644, 4118043542
1223764611, 1572378924
3319767172, 2065027
3792764099, 152282291
3533387207, 3408540839
51675631, 3481363718
1703888115, 3394918106
2541216776, 4287246867
2300924732, 815871955
124747851, 3264713570
1479950331, 1355964858
3499472354, 2571414482
806251538, 2501673729
2979354702, 2474856641
219175262, 1010817505
3000272625, 4274876906
1978729799, 1910470485
1428015127, 599108581
15754802, 718486121
3759142931, 2503829436
43309294, 1653657298
927437385, 1839362005
1617010451, 599899068
2555804419, 2867659446
1099420736, 2795194313
1356996677, 1523530522
389050654, 2708216145
498455943, 3974896489
2829471973, 300810508
2711215344, 1121709547
1804955695, 3335386996
2772829425, 3065817653
3647489516, 1705416036
1139541139, 3723738655
2993295921, 2822712782
3943524980, 1449496198
4079991867, 843159747
2265838594, 4261046796
2313392672, 1424304381
3756440133, 487553619
683873672, 3056962825
636577222, 532336611
1387647865, 2825030021
266533061, 1919869025
1210859207, 3411476524
856208416, 3950085842
1207332221, 1957997077
1914821615, 2226848391
1412130245, 4233821456
1036218352, 2626728598
1690533193, 1137133584
2249480074, 2685284681
2512183069, 4102453949
2865769759, 622374973
1855540806, 3359641057
3247026956, 2165815192
209495055, 3555122123
3442278457, 1353136020
3670771890, 348464804
1578446288, 3458382978
3564744287, 2445796157
1606183986, 4215870591
3375774227, 1430169995
3564574763, 1324409130
1028486352, 2159111470
295716845, 2975099784
1929074511, 3725368034
4272622872, 1925528085
2431335371, 170805944
2825511459, 1550455291
354644570, 999032466
900324089, 3730447440
336853588, 3869453109
974282072, 2681203745
2547203920, 45424135
3426433083, 3247269912
3780020532, 1038835340
465368824, 1790698987
1308117015, 2088206617
3524270612, 1300087080
2444154231, 2031081190
1616757693, 27114525
3883275916, 1776243771
3893791529, 2827335578
3433566934, 1297079815
1432535202, 782456208
3435898524, 305104478
3771277020, 1923687882
3470666219, 1272801264
87108585, 494704567
1484592852, 3290529915
1506491366, 1260653333
1172180954, 1184160438
3586996681, 3283955487
2253479080, 2984597398
1893766745, 2983911869
3538676726, 3176559490
2635351897, 2754011840
3947601259, 2844950889
1087381457, 1243045774
3765914137, 3309689023
2211657418, 13965981
523275589, 1115210001
3337671469, 798298291
2458142903, 631691981
2520813929, 3693028253
2295348475, 2324384038
2119922756, 3599104877
3179612868, 977829418
777755939, 1762961057
589378241, 2853977358
113456671, 218399167
3902061977, 3060538431
2864639279, 3563326209
84860782, 1845577860
912135011, 2771183977
2683205214, 856302177
3028846651, 3794839437
3502244249, 3659489989
3660974328, 1562103692
468296560, 1560691010
4064034998, 3223596092
415524853, 3104899556
1543809865, 370047367
2441406298, 4095087993
285163623, 1071430607
2813203305, 734462562
4049805100, 1692773825
3424930955, 2011611994
991544846, 1398007476
3907470873, 3353057106
3123302867, 3317239032
211321387, 3508855569
4253651812, 1049132809
2873570969, 541790506
578805131, 3234713261
660012345, 3305636844
523382023, 2204254723
4167366415, 499217208
3742538537, 358224175
1932119274, 520757604
325609563, 2971291464
1963425969, 2868286242
1979398339, 1865995303
1647976086, 2083619880
34844367, 3693637574
1661439203, 2819786354
1833247259, 1707181434
3505379077, 2975326149
2270265479, 3756661904
1273756661, 997114455
2534394185, 1950425262
522531490, 360960401
3676095880, 999671671
2250460987, 608958285
3265350851, 2091826492
1628206187, 3611205627
3496122051, 2151063695
2935517942, 2319521130
2277102485, 1924395141
1409777408, 4028442916
52251445, 2932130666
4278772760, 2463286658
1133227074, 2566714174
3904682399, 558954927
1556648818, 449568059
3277707739, 989376538
671366817, 845293797
824007359, 2521549697
1531371100, 2939234344
3171861943, 3629888386
3262436969, 3156816338
4135326483, 4227983537
2065856091, 1582145959
300585423, 3476119833
3779286083, 1179641199
1912775377, 673971118
438626712, 3988592690
902749603, 1552744816
2613104440, 2131708961
1817101063, 274912846
1555495029, 839952717
2469568395, 3532040466
4284242145, 1174325999
3773620328, 2633172659
989745896, 217153767
3594235690, 2538545472
656691222, 248481455
3422231367, 1446640134
317852544, 2305373210
3052573088, 2006321181
1283511166, 3182522480
4200824982, 2709362620
2702509194, 777183251
1437987907, 3087857328
2964884525, 4236734573
1893835095, 1061421935
1863017463, 1191561740
3556334248, 4190131292
1038842975, 2155425408
1282865029, 3072607248
3397308002, 2819222336
131773931, 3589164884
2742780153, 4014478245
1010691403, 3490046200
3237997621, 2814582894
1760737203, 909536706
2665144049, 4199281337
92629113, 824396145
3239875771, 2590097099
310586351, 86101494
404694524, 2428579678
2306302605, 808519408
655905958, 2511272127
1846373450, 1441517104
1783352786, 2431764857
685800438, 2503774300
1131713184, 2404072858
791147736, 1436617648
1268006589, 3314325963
4060327538, 711364131
4208121872, 362416100
40469257, 1470330749
2786080628, 829579452
447652265, 1277633510
3462349033, 4226161085
3182754317, 1595876996
2410947808, 85124049
3841465455, 3930402164
3680043818, 1287058722
2325488870, 364835103
1470494320, 3059166716
811801493, 799597585
3746535981, 2310327655
833724783, 2132414146
1867731376, 3597112470
3067406989, 1232207111
1449391442, 656621730
3287758770, 1213745862
2600339819, 286936733
89014665, 537789722
2969646334, 744931942
847507563, 1239598099
4041368151, 1340732881
1991489237, 3188473470
148418278, 1387706887
3018437637, 1789319844
236265182, 2628701186
3694010844, 1198324168
2876377603, 858931223
2228202362, 1424314979
841932722, 1319326675
458186459, 2792591994
3201838585, 2733250956
3200521479, 2729852529
2429522006, 1323580002
3657756177, 2992558922
2191426643, 3639601929
4198126048, 1436207671
2977173108, 3159359318
3822399824, 1779849710
3712911655, 2522507064
2073421808, 2584279690
3850280370, 1060590727
2093681729, 3765914906
2559847109, 2196242912
3349331092, 355089979
35107640, 1138351622
3273935259, 1803880947
1786208936, 3731548137
1381652163, 4282902568
3966077822, 2773698702
1712887562, 1014843172
2874487714, 1056216421
1277451982, 3957273761
4248790677, 1224606234
276974033, 2742694455
3037327007, 3254254498
3588354311, 585879430
1249828976, 2936866255
2757057081, 351402771
2171541495, 243839162
794205658, 2021121652
2177400197, 3124299862
3861357003, 3208413133
1484067488, 1194587203
3997557587, 101276137
2888746006, 1604803958
4071096949, 3976177579
3235110163, 710472889
1626624517, 3385157268
2419116773, 2069336219
1271075833, 3665562120
2391825624, 3089460689
3126888567, 3962779145
732016924, 1732968596
2436563767, 2609120121
596571588, 3373370774
1767117936, 4083429411
2665346934, 1857554241
2141421553, 3468620615
4005349144, 232478045
437118033, 2135050907
3756092268, 1688439525
1548081650, 791428068
1899325377, 1106707308
1101799331, 1111753544
4057207153, 4266518200
4122988575, 437305191
3026882044, 4095635752
844623979, 3557763867
3500087227, 3445672325
4168846133, 3217561768
144592756, 2735631390
2035557115, 1849404891
1191847656, 3382120904
2528271529, 2787704474
3373838868, 85467990
969911058, 3933911734
1921579756, 78542208
218938086, 1153577827
543731993, 1825136815
676763536, 1788202428
3612715209, 350027964
4051694869, 417126096
4237221954, 2518174952
2621011034, 1016382412
2883783321, 785295668
3462859102, 3610500668
2245540569, 85634682
4211325787, 952146184
810444610, 281555671
3565462837, 428712864
3388447314, 2177746711
2040816549, 1114011394
2831462233, 3998571459
680407351, 2769591175
3538606756, 835637700
33196177, 3718982410
1378009511, 681678749
3028756336, 547839546
4047225653, 2209078912
3877073275, 3477403168
846244880, 4211705788
1384059045, 1232748413
2199882244, 3410149915
1977221114, 429692702
3144785514, 2048696610
3085764369, 847457935
3747340554, 1007817374
2587324483, 2909584729
371918673, 2189380018
4010166656, 1124487691
174718093, 4101583793
1879023968, 3131238466
4151612074, 1037911647
1213078305, 3453723206
3111141854, 2258959133
4122676977, 1685699112
2208041253, 461047458
1837318223, 3222867598
770322413, 3149877757
2943192400, 2015799007
377913160, 719532559
1647377339, 515466907
2940427242, 375761039
1351457034, 2251628298
478341998, 1789771769
3946616635, 2764465976
2809226327, 2306898180
3817617909, 3859988814
455308778, 864359296
4098203553, 2704921994
2060314791, 2163731177
2602965944, 2492530670
1146086376, 3090997735
845651700, 2068753720
2719219556, 1088134291
473513781, 2617961958
2939575857, 502504847
1289919696, 235608715
1652408476, 2523092201
4257268613, 2193012898
543412045, 1407973546
1056264032, 395424875
3214743839, 687635831
1809003826, 4096518331
2490188621, 843656563
758708047, 3677346170
1750804260, 1808947064
4183313849, 1303892885
1769917638, 2332275311
1437501140, 141133838
759753667, 3644049001
1150726070, 114976095
152096146, 3888805016
704688090, 1753854060
2858832216, 2191140868
4160673741, 466714626
2348948185, 97158153
3747664635, 703432722
4077457343, 4021457839
2114263932, 2034514682
3497293543, 1832235084
1447784948, 3833461209
102579877, 93953041
3662508535, 1760184365
1793695011, 1026172509
1348620664, 4157911029
1362530214, 2246456237
3740765980, 2342706298
2805895436, 4067227101
566613272, 1330405477
3692346199, 2449656843
1703763635, 3260370297
2917788941, 3757599738
1736122386, 1671236717
538734371, 448078720
3570555414, 3999511380
719504883, 1550386923
3699890972, 1049258992
157404786, 1799663804
3379191169, 1804016568
2424690645, 2018027745
950745411, 3055132893
340893199, 1173447095
2803763753, 3202853147
757324665, 3560507281
2450247974, 2093367139
2383322743, 3572658618
660283533, 3203182669
595522826, 3314044508
263662540, 2257299924
2808862225, 3382364178
797342937, 2503001376
599701905, 4146480054
3179118443, 408701373
710732794, 3284848308
4139898705, 2277313984
828464626, 161755436
1248691083, 2465714153
1025531204, 2434561922
1880252312, 3654237307
739984756, 2451905233
2309530269, 3640233286
3521181847, 2996603390
3439233491, 228417351
3044024639, 1062975381
423957942, 293941697
2513292752, 3787313050
2221351764, 2236739312
945946361, 3491488541
1643867261, 3538512302
246366366, 1059255787
26984878, 3963751817
1299556558, 2628398678
2110519305, 524573552
1326023007, 122125554
1146024569, 887385063
1361072394, 4087232132
263178656, 2141223620
1746522744, 355563601
2175313953, 1098972372
2627608260, 492405331
3737592889, 1109595114
1420184418, 1856229042
818358312, 602348666
216163353, 980253198
2593073259, 149837570
4131489109, 3206043982
3847952670, 1750216205
2237422486, 2955312782
1293290428, 1214187417
1803823394, 1715534684
3644655741, 1244686399
3875263925, 2649232777
2453297731, 894882455
3009434962, 195643555
2920108668, 2549977293
643471367, 3884867805
1135685674, 3402251137
3637632655, 549317510
3210513061, 1977224755
1325268583, 3022728381
937452335, 2442419932
1563116674, 1709943485
4221080448, 3019915105
3592219627, 2754235685
700182052, 3330748588
981926895, 3155331359
3927078439, 1366586029
1418271912, 3295790002
3005826390, 48984818
1728182961, 2191122637
1635790443, 2124654335
1594734873, 2356962646
1035841373, 1706624786
865332899, 3666538905
1240889527, 4121467865
4001021105, 634416034
1687804396, 2295111001
1383178957, 358309306
2702357856, 1738046507
3723714972, 4021220158
2610036144, 3944922371
1212104916, 3897450384
3861446004, 358891129
2549132445, 1599550215
54169960, 3351264161
851372212, 3450017017
1787494226, 2303958915
548758258, 2361848961
3537939649, 2664634011
817720975, 166988833
4065613669, 1536379289
4270040511, 2814192442
537129126, 3428589858
444992617, 250057274
694469016, 1284069994
1931932304, 2234911768
212279399, 488800542
3463013453, 1687143599
4109680063, 3162722536
1557529592, 1519599653
4040248347, 3519880972
2311775273, 1875081908
2689146069, 2870367373
2142085050, 998945159
2956147798, 2771104044
3655182159, 2638883965
3120463923, 3806393426
4283871981, 3033006136
3361325262, 2835388106
2871701947, 1669512102
2928749551, 917738169
2859989521, 1580355782
1681088854, 1158929953
80822896, 3160722909
1329627509, 2266129001
2871301526, 1635961222
3309708234, 1224947325
5399971, 1052745923
762236579, 1588151504
2965362217, 3582675311
1323528988, 4206257256
1397956427, 3733642308
116736064, 723399867
564156907, 2371484220
2551266947, 2571907969
563470050, 1475685026
2120116153, 1316331674
2377897671, 1783802748
861566417, 2546385759
165925176, 1699183535
1329585922, 626614625
2260916581, 4273155120
3281726655, 1421463520
849371799, 11152890
2739021514, 625386190
1990694614, 923483288
917128735, 2471900147
3570694492, 4274241681
725005621, 3989525138
1132589058, 667765067
1850786843, 481906214
4290077371, 1544609101
1649592911, 373035481
2662630296, 1368704045
1519138290, 3476391265
4118791803, 349925962
753846859, 3445586591
3404670576, 3518572399
1401013161, 3155824779
1952535758, 1102003761
381340436, 1761576266
2376010835, 34701083
1351670357, 3146510220
3619616008, 1070802946
3263045249, 1500972798
2920023860, 692524757
2010166744, 1054696832
1632166799, 2645642100
2139589985, 602648565
50995766, 308427955
2120268632, 1007117356
3067067820, 1860963102
2804217948, 3403123172
2822371230, 1593721432
340313122, 1693207737
1501426928, 823514773
1209631579, 431284545
4158641945, 446098995
2136022490, 2002382643
3010458363, 3645957180
2442946468, 2892615290
2194468193, 3759443779
4279964048, 1947446819
1394928339, 940309349
126843781, 3200171953
772785436, 1566991571
381216721, 1857774483
920683261, 1883817181
2216123391, 542319774
2940219889, 2993816801
4048970731, 3599685733
3422568450, 1906722762
2104887043, 3982602856
3466258909, 2928631568
119764261, 759220852
2887363235, 3855559360
2133274717, 4175328858
1050688050, 810186965
2481944015, 3210389601
3550057105, 2309144751
107390250, 3509883553
1684798975, 2249274435
3305738857, 346514247
2342545627, 3132837338
1440614682, 3353654907
3395328163, 189372297
620904843, 274743363
2397512037, 2408625866
668308017, 1999978339
2195175777, 1379114407
75098944, 3964036242
3326253778, 2195124636
3690760588, 2555111055
1612894354, 2507154078
350436944, 2289180972
1852102060, 476647831
2664236458, 2348292506
525038343, 623235823
1614185447, 617764256
2258702263, 8616176
3219798336, 831026100
1870569406, 609377962
723769023, 1429154578
1924552904, 1286963285
2859980412, 3440004392
4160001280, 2930469648
4064010045, 449882406
2453374096, 1312055442
1213345899, 3580287012
3109768063, 315976452
616435854, 3043796149
361941251, 4286803594
2182513861, 1226803120
359921272, 4107237579
4068857845, 102968625
939637371, 3795429327
1820912746, 2536904074
1801134553, 4277051483
2957491592, 4254345117
1471591398, 2642498209
2947371075, 376431188
1188737097, 236287441
1265068112, 1661148778
4035183343, 3941803690
394616239, 2931460383
2535662808, 111400298
3388307222, 4150787348
1078230604, 1716183425
3612179002, 1621708352
892693484, 2588819430
1582676332, 354359706
3456211650, 176486877
580951189, 3919311299
2034804772, 3076280319
4093512194, 3835999467
1943835746, 983423406
301270325, 158346061
2722365889, 2798973902
1470712133, 4241805493
4279962454, 1820261199
3601659462, 3058966510
3111291211, 4073634880
492466601, 708388699
664013841, 947476703
3049538983, 2425370833
1618915037, 571651220
159220819, 1467051553
4115932061, 3860897499
644356707, 3149623319
2421337030, 3467582001
4252962853, 3823846930
3515683823, 3346239485
2278866860, 3571861009
1836788756, 2147011667
2163771586, 1302023573
2271432747, 780579237
1168656409, 4248022918
3138711285, 1194604214
4163075414, 3651040912
1116392370, 1042358067
4033541170, 356545574
1605330882, 3803673159
4235857532, 1777803137
2443081012, 2952794577
3235815980, 2430651010
239090202, 380283103
2208340905, 3390421366
794080602, 3976403052
3570264688, 3143038237
2689624919, 164706788
177941296, 2456757874
3519019825, 974817807
988843707, 4090280720
1749516896, 895837277
3450129839, 938230094
2129140127, 2093862172
1004554711, 2373959256
2332578875, 3027954980
2114913552, 4066202041
1733947740, 253251459
2849624729, 1487992944
2365047137, 3855441399
763918776, 79998543
1193651956, 159832422
3445396196, 93586355
3002071937, 1547717427
3013016218, 3498742189
87981457, 3009566356
340718971, 3916941969
3162563161, 3725810578
3743450713, 65588232
687599801, 1302088590
2844331276, 2870104868
152249420, 51855584
2764180500, 2723970219
4011440197, 584964280
765938089, 501530199
3195154266, 3053879830
3842013384, 1171045407
967473104, 6955262
1139252934, 2162017031
4193932367, 1174308193
989215791, 1050255782
3148254543, 4266867649
3451043456, 123220202
3493402796, 1583265652
2035982195, 2716135224
3381386831, 2945730596
2433719334, 3375418620
1185897288, 3806265731
983438899, 787842084
3559898920, 268556952
1687251984, 1463386116
3399404029, 3189848957
874330549, 2724800919
4292444853, 2841694681
4001183393, 4058588698
2091462724, 3929964193
1581516206, 1181387246
3702044157, 2298191652
1352081304, 1498822651
2883178019, 1420914811
384669257, 1527161638
2011114911, 4073028807
2000939563, 229005233
2407240304, 3414464316
181291310, 3141216888
1960590455, 2018716453
1843548555, 3449284750
2341976751, 1251397267
307720657, 2766793337
1263874696, 3530107896
3303769266, 2400588618
1977551072, 1998320745
3316233016, 279680800
2567774506, 178259945
2975799924, 2808843218
4076221775, 2064989013
3800536919, 2977944076
1936989486, 4020364623
3790454589, 3078187627
223096040, 176515990
3269802768, 3543628230
1311114615, 3310939107
4171320692, 1409676770
1683589964, 626080893
478758022, 3159661367
2958138493, 1618602964
3941454554, 518153389
890930271, 1823955826
2638778388, 1472744527
1988102871, 1815068687
3371716369, 2071282951
2407502075, 1526136827
2651319425, 1789828819
1638076950, 4038527647
875301616, 2817846758
1080397219, 2392070969
59062449, 193481049
979014711, 2047985688
1787031791, 260070596
1411306841, 675135974
2039414919, 3807711814
2046889251, 1942977228
186601868, 731276551
3946743534, 2819616092
1196772299, 2003939880
3553732134, 112788978
3470970145, 2761845204
1677770363, 3015345323
885799729, 3218328699
1813256568, 1882477175
2220926717, 3534799741
3076458587, 2846643718
3429828196, 1119960024
2265011986, 676085589
2205199950, 3423424315
892563728, 387684655
2402941263, 1784189203
2279427653, 672415029
285518974, 1076296288
865211219, 877823847
2718144705, 4281603651
2561805926, 95590937
1533827517, 4259178202
2311410241, 2985516635
1499814179, 4208066874
2100821541, 2424955988
2997891500, 2686982147
2209110257, 797019179
595891653, 1812926149
1608454879, 3561592859
1558114610, 3016416734
2610898106, 112825327
393045019, 598299882
1554873046, 2068320895
4216978653, 375344482
840267518, 387435522
837942, 3852347504
1357179392, 2951828627
812718938, 2800732351
2620704648, 1968720140
2048408794, 1980819008
1813110580, 2452328770
430595353, 2704944310
1962280302, 4123320399
2920739212, 3456589410
2907903023, 3152287609
3090161036, 1038076025
407078283, 3634140297
2822781553, 2960543272
1245273763, 1966980378
3328092372, 334538711
2210233125, 913559984
3079282248, 728435403
3224869241, 414886945
3683326137, 3383909520
2182196274, 3647271464
1255890442, 3834481421
724915095, 194784991
2783204463, 2388374624
1441542620, 1185866747
3699607331, 2176567291
728211073, 4101316347
3816419385, 236329124
3858192450, 3647085564
4233679340, 320002209
3871399277, 363091671
3156810952, 3050817851
2975917250, 1160259999
3158428330, 1518788966
2407261395, 1895014398
3184608311, 274145575
2849267770, 97957401
2916498506, 3194457422
501347512, 3761616246
3541019527, 478285061
3578016347, 3604666449
2102461397, 2131951198
2773790008, 4200963678
3327595044, 1251369469
3132647934, 354083852
2084346771, 3008146185
3271696922, 1600502381
4035830878, 2577186154
424402819, 3837480504
4294124484, 1761482746
485804011, 3853137808
1148225975, 271747706
1487315250, 369635997
1317302101, 3789428022
308331804, 3820942426
2609559949, 3224424438
256684993, 3344718745
2453435554, 658432369
1654954423, 3006587266
3400777875, 3148009701
823009242, 3117755836
3475693211, 3166255862
3272126613, 2520253911
3657654533, 3858099128
384390401, 3130660729
3870725386, 3169788867
3842742880, 2778137026
859176432, 3266048707
2294403438, 1952545137
1284150044, 210044574
4113637726, 3877763117
4027264747, 2084605560
1509311837, 4182338061
3382363460, 1060962434
2963156534, 2896943083
1508234112, 1057894591
3457924194, 2447892760
668224874, 481416229
899618614, 565668924
1072337638, 3783046282
2900089770, 1285301528
2760918194, 190268798
3065027305, 4026856795
1508285262, 2606478529
3498146840, 1621444753
2292442156, 3952916370
1632034524, 304251997
2647869374, 881964796
1841128068, 1297401843
765904682, 1521080824
1816406050, 4126858472
860770707, 216252728
1656252617, 3617642237
2415973249, 1877281696
4060331579, 910778128
234906633, 3186875762
1943033860, 3716392068
4242890096, 3455621594
1328135021, 2591356089
2763603439, 922208952
4234504574, 1181731102
3411776635, 1421979
3397624849, 12820034
2250414206, 3403526208
3462496011, 1745374490
39933140, 759888659
2964228506, 1667946602
55387455, 2427545024
2396873958, 2705927924
263831501, 1301569064
3297665852, 1837999403
1656920139, 2811914039
1804773605, 3215787809
2432463370, 2800409070
2079633612, 819914093
1751271084, 1445907309
1624996460, 3705993925
30632794, 3094245600
2756650449, 3074272119
4293483251, 3379826440
1055928974, 678503190
3363605647, 252779699
1741469840, 3077709728
1328390498, 2457594196
262499271, 2929372539
1854320828, 3140717548
1985351859, 2094499286
4004508816, 405053224
1700779292, 2387493123
1546132543, 1485654044
1272037756, 2919782018
1603644362, 2292645488
3928209778, 784993979
4091354156, 4287026305
2078153412, 1627016186
2149088738, 601519274
1010750974, 1548828761
1615979729, 322804214
887252251, 2248050547
357218922, 3755036946
444950153, 2931598268
2684845132, 235459543
3656649959, 3632754295
3631175916, 4280197028
2861154873, 1524805709
3407708166, 173340894
1380827426, 2897760827
1240711712, 769158481
3366807565, 1619482829
3354210596, 1386304117
1437582041, 728427247
409831087, 1494020906
1357333404, 2064262241
1464919934, 907175142
2418201919, 3904746497
2132106774, 1207811812
4180458692, 762259946
3526784025, 3932770237
2761870592, 3465373451
2947678536, 2798166448
2514385865, 3062553061
1755307135, 2527663994
2489898393, 4229919725
1084159137, 786005417
3063894701, 3636709
3519092826, 3553837634
1515340367, 3978556453
3130660768, 3187932025
1661814595, 3436741776
1886018384, 1455725529
2812747378, 3111918744
2263194805, 3715372430
881978416, 1295664220
1172643343, 1466036552
2438870065, 358525363
3670356481, 1285865512
2807106071, 781513181
87343889, 3977209264
1147193939, 3187613743
3303984064, 2895871252
385281211, 2053087474
2070666164, 432466867
3183142719, 3299220498
1405820307, 3330250259
3290299928, 781867732
2508492382, 1160141172
3023479862, 2106683286
1805817145, 3178307957
1910579717, 2144113007
433844599, 2069683226
462066996, 1114152133
472275634, 3016766269
2018974368, 4127446607
3691451669, 3709764548
2888886137, 1463056506
3747649028, 2660578682
3526758505, 3695705627
67801480, 3715988261
4030918002, 165936413
3471296007, 874981210
3371346887, 489761630
1205523447, 2882534270
2811329041, 2539760960
178110147, 1234345015
2335200270, 3161439029
3656566606, 3091589519
3859133874, 875518296
765635023, 2028448978
3869301638, 2191435770
2865381266, 625913077
281006849, 1998005194
882823356, 3278812365
1374650212, 3765511099
1517342787, 806404679
1327972226, 3357436678
2552039300, 350206708
3627503562, 2027315595
3187061265, 1803150416
4015627240, 643005521
4245575240, 3700801340
4271367194, 2338628011
1750023361, 4264599750
2168124271, 1974744359
4173273048, 1685959873
506255899, 1626112000
4290968872, 528840310
302428438, 1556557810
3341241997, 1820650969
1631101224, 817413233
1709960885, 2383688649
2618023284, 3845213791
3052146091, 831148442
1452633656, 3865293163
2710619218, 3668290179
3163678160, 1423245908
2210027085, 635362808
1955043987, 2726009025
3689969200, 3802813318
592153197, 3793344261
1665036524, 1580859292
3071555806, 565995031
411940511, 1172527831
3707510298, 1364742319
1963095027, 3346436321
2411694724, 1109376540
2323288697, 3726861835
3394853216, 1721494155
2363831942, 2536629507
1473959479, 2872026805
1605665465, 138383526
3719083521, 220279116
3240388303, 2137127097
3300807881, 4268489369
1066121036, 1743065612
3923740277, 785802958
2747652278, 1321626122
2978687836, 839078228
3612462828, 586527118
4275485243, 2753840902
2576987436, 1478399128
1790199923, 1592904423
4082644729, 1870639961
3865774004, 4252403454
3209185469, 499485022
2925853139, 1128316509
2605423667, 3541420248
3444107974, 2693958085
3595317525, 1093034570
3462976628, 3165726666
4162401127, 1723435728
1320223851, 3630176580
898012144, 4292175037
3003833588, 1327564310
4147959688, 255545262
651692731, 981011116
3047465757, 1738959033
930886476, 540293268
1633604652, 240603665
642272067, 2470061333
1376518375, 3709183184
1235323961, 2191363424
3631740407, 616497162
2481864780, 830621311
1399996555, 3848583744
2811209728, 1716213768
1603784266, 728801595
3417583198, 1576776517
1272898179, 3219857175
3666872172, 3462773119
4038568400, 578145732
3515200328, 103356043
1345154791, 3899794088
1696968770, 562159024
3624368715, 4013600543
2022194628, 1752136713
4270874506, 1136001262
2263010405, 3759990976
1541060425, 2466699237
4140148206, 2952405403
330022515, 1340752721
2219385386, 2245373325
2411373179, 1400040776
1958413158, 3803140001
2745815784, 1317809031
772139563, 3402690487
3665191125, 4232436467
1283003059, 1438490777
1466240394, 1598206085
3109721619, 1836668399
3863591859, 3078044742
1967564230, 3172932084
2125731065, 1648250525
2855349423, 2769155869
1116798283, 3110983381
2733713591, 718282376
1944628094, 3105216318
3700386487, 1917802110
625831309, 2182832562
2577147341, 2153798561
784685815, 325926625
1171618393, 2104546102
341759609, 3789879793
3243512314, 3431180123
3118293019, 2280105112
3418725844, 2574832319
855807391, 3954551146
2218152032, 3030823739
1004507606, 1769398653
3607883403, 3147099476
3664086467, 2281261171
454306408, 274477483
1048865117, 415836633
1588697892, 2428752114
4075631448, 3846027476
729690575, 3219507112
887514018, 310655644
3059812585, 818899996
1338016224, 46713609
2803007944, 1797115317
1564134734, 3103914559
4043322047, 1933865201
1818714027, 1529114684
3633733382, 1897143072
161403561, 3922571131
1261105646, 713400720
4036058127, 1553376895
1836211258, 1120931687
2818997785, 388543758
1731140919, 1699609411
3805512456, 3072788829
3427435062, 2161686579
3640780305, 3038720823
687545584, 730866378
1839848817, 2596197697
212529133, 1858156129
944300001, 1151358329
3646100326, 1456598799
1925964120, 419989755
2315204276, 447759939
2530413661, 2668158066
2232987964, 1091872494
1808968277, 714601183
3276047556, 2625468730
1866370770, 2911200049
2351337825, 3560448364
1328185291, 2082580660
2563887825, 3954086839
206728431, 918334702
291572589, 332211217
1005735381, 2272197238
3768534111, 3550813403
3715567892, 3611921400
4007580768, 356141598
3573467168, 2724263809
2671758234, 3844409972
2701298517, 4039046731
4173683854, 1285742691
2621250930, 471658336
786605702, 2087139288
3824543120, 343213389
2245470734, 2641162853
2656238461, 1765797780
1320893146, 3526327963
3919552854, 3106729516
1112016328, 1221396731
2140347603, 3794081045
3423365254, 4043064973
308911364, 1602760347
2890054314, 1973973172
1511213251, 2031238784
1864208059, 2827915950
1523605112, 4153212755
862435653, 2105951060
109491921, 1276061332
2139072292, 2922015030
455125329, 1290352191
1102168112, 2760591156
4294406503, 3249487741
2777779655, 3955543226
1329242919, 444459988
1204141489, 29463666
2002486306, 666451155
3756638592, 818674437
1004701247, 4021910888
332002941, 1806336351
356967848, 1613164711
4102441994, 1560904859
1322108110, 2690615820
2382924528, 3399346895
690277313, 3657153279
1478557014, 1015381489
3352056440, 4063633871
4049630859, 3558787466
2113413675, 2052666611
2831469643, 1608715803
1720339324, 3487428451
3750764618, 1300229715
1229030567, 50586635
3140584775, 1727885477
2323670744, 3166422784
1660747551, 2569507666
2780461576, 2148024430
202512276, 2607364535
900813803, 400402355
2311292815, 3474215413
961375742, 161628517
1424410458, 753081984
1660812084, 253232139
229380753, 2170056439
2145157689, 674487733
3476318617, 1863826083
4123329165, 3946450621
3392896677, 4113415452
653611009, 322267409
408848463, 1381286080
3549236249, 3421770360
4104698323, 2800766576
3314923960, 148280463
4030047158, 2816571157
3446685080, 1126051585
2878511576, 3926516736
1858339918, 1611270206
1600200191, 1598337073
2882959932, 2661908857
4224121432, 2361083713
4075633161, 4053493214
1106947233, 2543996438
2225087201, 359050140
373726791, 3484495859
2920011332, 1087219314
381240503, 2854764689
858854868, 599616181
829428977, 607553788
2343845981, 3068850157
2444469404, 1557154553
2962370130, 1033872258
1271344642, 3298541316
2767618595, 2038137454
3642139778, 2622429604
3234584669, 616900171
576010196, 838811689
3245390754, 161214083
232222779, 3094247553
3550737394, 2970738982
2294288418, 97028867
2095445639, 221125245
1618036873, 1158934635
1364211460, 1490761783
960646426, 2314697125
2358550707, 3563867167
118537173, 1446394966
4199611422, 320267350
577941300, 1821598148
2170462604, 3431142713
2355279442, 1407512023
3400669005, 1433443186
1455770584, 2043294639
834972308, 4153427565
1701831160, 2350541678
961836511, 413084783
1199510854, 3625976857
1644533235, 2694680259
3093270057, 1885322697
2101179497, 1369000463
2493327920, 238717638
1455058145, 1648130112
622786073, 1388228235
3782487966, 4137861915
3241324315, 2190249030
2952764657, 2088648393
1305680342, 1437985823
3114358062, 2434620141
1034524779, 4129231971
296321913, 3591570931
2866766873, 2240129051
2986908173, 4166630200
10746882, 1871583721
621181408, 476441756
1015541875, 3325245749
3808488903, 2358969575
3550842957, 349007625
2377976368, 69200930
186500836, 1629075349
2009334878, 2047430150
2989014065, 4000401938
1966169617, 1304343051
2428229117, 4048410856
4160262856, 695440196
2000684702, 4292208626
1598276025, 893463244
2751968262, 2124811078
2761677457, 3512978766
2720428688, 2587711794
180622829, 71997455
2044091260, 1381517952
955655433, 2708214966
589529533, 1669442496
2619563170, 552022860
631814577, 4261088058
1814831364, 1611300288
2389762317, 1729896853
4182547636, 956403797
3748926426, 3561811738
354605430, 4213156299
4075096203, 1760049461
1191107005, 2949591524
2637210179, 3599503885
2376461376, 2116181986
2604505747, 1279147419
741275737, 1150182046
2146163214, 220214258
3680725411, 3858740237
3596765698, 3971460463
4095206398, 41387147
1499065207, 1004197627
1751698087, 2233361905
767139845, 3759013460
2611180462, 3038770360
853667958, 1235390111
1176497088, 588634748
997556386, 1901195969
1391488927, 3882403515
4086382719, 3252765747
940001515, 2656623089
1479693837, 3777897797
730160608, 2216530995
3384180476, 3872298435
2125678307, 3458259924
4068235912, 3429345378
1454137721, 1827252711
3477016535, 1480343455
665393048, 3166345505
3352479781, 3056090198
936372599, 1367840374
2496693164, 1337791802
599644746, 1205287618
1246273315, 210046352
748913387, 2036900951
896127330, 1598169212
1025808771, 1917229593
2556296285, 3983045444
897521906, 599618691
2006565036, 20053877
427003421, 3561832809
240401406, 444015119
2371551786, 2244317133
2822420324, 2075525077
482366162, 906413370
2923405993, 1925172447
1609014636, 2326846990
2161843286, 2211403146
3707100413, 2703593329
3765126570, 3686030139
1684717064, 854391437
2815255762, 2169583495
3709080437, 1393972986
579431540, 97230757
2814917604, 801630443
765548839, 296558955
779769995, 2682514920
3968830961, 920726263
2317583289, 3482452977
3694836160, 391783306
2694871566, 2291356236
160998125, 3317963912
2471523599, 666411599
1937371600, 2563306000
3085092909, 1426736669
2377000376, 468548604
1311532687, 3852125276
3974537736, 558293357
856410362, 3225409474
1776279289, 127496608
2037192535, 3908178254
3082107162, 619943940
948632355, 3541620379
105614451, 1099934868
3760172360, 850887999
198830916, 1729714841
3754437603, 1106010397
1109134055, 3271584365
574930532, 1745593601
1500709833, 1336992009
2287746767, 2653396011
2753833789, 2956465974
2918549587, 4049967517
1711848752, 879130749
1433307506, 508363017
930409501, 3484243050
2025318069, 167674696
1819475486, 2277645633
3072416195, 2302416649
4269262743, 2672563592
1143988794, 3099112615
2527340542, 2526319173
2354405227, 3143632510
291866821, 3592227133
1324194074, 463662716
3205903691, 2926154172
1285736339, 2815572604
4263004182, 1574669537
3363943468, 176607446
3857471271, 1204195470
2415227484, 2936054069
1306416183, 4083166021
3160018336, 624219692
2480184182, 3489840980
2228157553, 2070786292
1264226060, 481382387
970790421, 970863524
3404851970, 3206834995
267590867, 2285912487
1374665158, 119889814
711347590, 2582855672
3530706792, 1740168943
2607996906, 2145062996
1628760509, 2176884203
3979829061, 1176216444
579240450, 1657193211
433885633, 3475448146
2807214237, 4142137673
317177392, 3400984788
2409222869, 3942957355
1271918214, 567121735
2216487399, 3897397586
3982671287, 3124483861
3022328442, 3147177264
4294710917, 1668829808
3147583497, 433918796
2140274705, 2019231253
492217441, 1356245985
3556592735, 3819265035
733018101, 3642990058
168583815, 3208217908
4128170528, 2365280329
3183848207, 2059717351
2628789439, 91270406
2871587416, 1466856796
1961898728, 2048470769
2835720132, 1859016399
2193825619, 201764790
614862481, 575543931
674658588, 482190373
2497001344, 345346695
2081888728, 2002774944
4171684580, 2597566522
963119183, 3210587936
2396710690, 3766785542
3125838700, 3768905061
3716928993, 2852052440
1254069016, 2456281036
1291153212, 4276543581
1603965768, 2246340131
3503152391, 2776061406
3872554728, 1568665249
3967699661, 1572701794
191822951, 1881320681
1871207225, 3690412732
1342651246, 1134890318
321754534, 3733984751
775208226, 2088578954
2257364060, 1162492472
4105256652, 4182145839
2716096774, 2557553114
1926083909, 656875285
1315971577, 1314630544
3480957235, 1447023511
1120034341, 4122671946
1383536057, 3471101885
2478493361, 3936745568
176391469, 1229760664
3611459236, 3874522980
1564849008, 191666482
1630541593, 4018912418
4076703451, 654016267
1253500222, 744193148
3534324781, 2347945054
1683247877, 3647694716
2418642293, 3583593686
2095318627, 1684050248
3126746506, 466833396
1547385644, 1128225737
3823638165, 1708048695
1596822764, 528752931
149157782, 4064011474
647040684, 756064540
533168745, 3426371280
2176211361, 830083214
3001893835, 2505299210
2733785037, 2688962360
2721891148, 1272025457
1001271424, 2979551712
1485519244, 1332253884
677937181, 1749270783
340356209, 2966627207
481840323, 810833895
1240440565, 193772313
555143034, 1318142871
2475764774, 2414130260
1483054944, 2564736545
802360707, 2968471838
1855413713, 1370972824
1014768560, 2736938596
1943040557, 1287257446
3015004947, 2238153998
3477212058, 3327325716
1405542541, 2851462343
3823845079, 1623804292
3104532850, 2343706996
751227274, 1353505696
2522077133, 1917975782
2621595715, 3201686888
2040507371, 729062687
1588477950, 1585691298
834808498, 2746617856
4138109678, 957076669
305714365, 1714701883
1063009473, 3217148207
4187626434, 1669077031
2835873983, 759665807
620159606, 1484628095
2677276996, 2429431780
738915058, 3319141170
1193134763, 934885963
3432310414, 3194424778
2805903717, 3863086314
3585269367, 691505514
1752084564, 2841233399
632331077, 1687704995
2526301873, 2854694385
3583205895, 4144883295
1899441107, 4140280171
2348122661, 3280573930
1339039551, 3246930252
789852987, 980492506
1768410673, 2186512921
791914874, 3796219905
2446905179, 2103252495
4098635162, 4094856792
3128751476, 1536671132
2535724048, 199837808
914176294, 2687313309
509854905, 3942043000
3202563271, 3075714954
3955106182, 1796418956
3992595252, 4243163515
4241977289, 1553634734
1559280775, 2233997880
2792790942, 3796024020
1430002181, 1320541681
4023670136, 1371299718
1419781363, 1214593532
3196139591, 876973526
2016542861, 1785942123
3046152561, 3802571329
3509151110, 1760168589
3763084564, 2011208596
56425693, 4117386560
3076507532, 3745793619
1761977111, 2694817955
1743662460, 4256924023
2782986618, 2985498208
3957314560, 347302426
1809268946, 3469267389
5799673, 842805226
2576504724, 3091540309
742202191, 3156382738
2220871953, 1954250089
3353197263, 173331874
2110990810, 4004033976
325190867, 306449418
535883863, 2082168903
606178840, 2007986942
1192055716, 1728835993
2761548610, 1488769021
172113468, 337833713
22171898, 2701141674
1763893970, 275296652
3030608048, 2272784229
3980153495, 1442222858
4174245135, 74139733
285770063, 1185290063
717049634, 89909360
3305201813, 2028228572
152796718, 3123457517
2933008787, 872296290
3298446218, 1708430910
4226681446, 1638664093
765366793, 3976277835
1675083366, 697472065
3563626973, 253981225
3723026630, 590013664
4145412062, 437701698
989727379, 552864941
1687702439, 3588943708
3401018925, 4192477188
1805843430, 2333443518
2748443327, 1255988560
1001320253, 3480571263
3924426959, 4038213234
1412407691, 524557315
2583418865, 4178237013
1630829075, 3372959030
2364849889, 1326922043
3311068505, 659585152
908333185, 749308985
2788304870, 3157106649
3212045076, 1144981288
517361680, 2904678681
1779426767, 363285925
2151965786, 2723433026
2349160866, 2977383627
3029277140, 986349368
2561024140, 267250072
2523416311, 2800937904
3369850608, 647853416
1950697071, 3372110516
2385731691, 2748131522
2219803929, 3277048435
1308677088, 976197010
3883392346, 2365867663
15862461, 481664178
219163519, 2502613472
2003756049, 178776375
2067149701, 1689959967
3014976250, 1304116208
4169529064, 216289475
3540535706, 1840106721
3974424665, 88370157
3575792671, 1772423031
543842896, 4876038
616472085, 1916061090
2246671522, 3140910871
1991874527, 999467172
3675049961, 598251577
4088433905, 3062376345
2331874319, 3448002106
1572214441, 3578718745
2161511563, 2595172187
3840405140, 2400199465
1589592534, 3903198779
3129298051, 2411496882
4063222124, 281538458
2757583851, 135667263
3288036577, 4259495624
1316237733, 3546438259
3560721513, 1972689405
2172589411, 2548817479
1804350608, 2091903758
1732638160, 21071025
3511147122, 3009271065
737552116, 617804503
798331552, 4263780166
3063089890, 3171321238
580451926, 3317702387
3333804409, 3219152607
4203009155, 195661587
1901289953, 1203607686
2172031262, 3301337358
3568305706, 3223467328
3483034238, 2923650547
3988572043, 2666099658
2623617603, 382435499
1595465203, 3003185322
2017476380, 4191755311
486981122, 1151495566
1474351626, 539791968
3776359242, 3031318599
1786894376, 197459479
50507602, 3590082584
2022322004, 1946592162
3932304946, 1762097221
1840251217, 3918495058
3763987488, 2473436034
973624407, 107385991
2065745579, 2268360302
4101938047, 2925754895
1791163329, 2405128858
2761415255, 1413309662
1313508533, 2516480617
286483140, 995380233
2539487978, 3454684404
175726718, 859264010
2793942134, 829188697
4185647088, 2309536441
3097160603, 3261898414
911835920, 3961669839
70987664, 257459086
2986596641, 3388660346
966449750, 1320358482
4213833670, 512497294
1378484433, 3642585973
3433469682, 526470514
4280173495, 3424905229
2851594398, 3246647838
1301784068, 2653167973
485789326, 1144004400
941700287, 2759042627
4149432119, 3341518611
1755553191, 996339026
1569181794, 1056991119
780113245, 3893288729
2742211338, 3534155019
1561771799, 269527623
2533648987, 2966557144
409593096, 2110151641
248853031, 2586719316
3112898659, 2813561072
1158140686, 2752841327
2590643242, 2518196644
1381956112, 2838350270
4217533277, 1569718010
3314409275, 917192511
1839974265, 2461387306
779417522, 3647833887
456791846, 517840475
2608253906, 1710757005
639386241, 515481141
2924162875, 2903683711
3496202364, 911163267
1856706114, 1766748198
2455826919, 1777057416
3658764546, 3773462600
2216579359, 892654210
4283899284, 3882586032
2747640941, 1890440998
1234707753, 3677164653
1251835723, 1700499614
2682345699, 611169837
3027866894, 1618589478
571610308, 2701802759
3835353916, 2561536932
2894809868, 480699122
2079858909, 2027123917
2249456798, 4121259447
3259601382, 2211694861
970066942, 573704138
4183987593, 765665074
3653714607, 4153917478
380853976, 856894225
402503147, 3337580537
1417130896, 254821893
3004572619, 3162741117
2353020117, 2258554524
1552657133, 2454974769
1796956979, 1542854071
1603908021, 2158621677
4191350189, 222261431
100887229, 663604228
1257587767, 2109121630
1133176194, 1009606860
1596041300, 365510836
2186796456, 1691955355
1940468522, 4031997356
2724039673, 1792994995
3157526467, 827344070
2344311678, 1047590798
3934445353, 426102192
2949709082, 1302278920
621257417, 1911149234
2129150029, 1409601006
2644267125, 2921444132
11278583, 2379736096
1691610943, 2194664310
1445886975, 4045299647
1222338037, 4197200581
297870620, 2489171163
1436509578, 1643468998
3463057763, 3728601543
3163413113, 1177105532
3359394381, 3960338941
1754152665, 4227665755
3549130108, 4284412992
663826029, 2889919260
1657999467, 4002209732
3855526235, 2833227739
775146176, 3331135214
4041511390, 590273212
3490440282, 2838688262
3825289009, 3407629624
3006501427, 1685923803
2651752585, 3700767149
4083625898, 4225251572
3857592392, 3764277881
3572481797, 2180358794
2366821868, 1868253633
4185663185, 4228505525
3339816487, 14005717
2221027336, 434711605
3548210147, 4123392387
3123382443, 939816495
2980935385, 149428144
4015576261, 2227975701
4087266073, 2825248069
260256713, 2528490015
4076537928, 1956115464
3644589913, 3366921970
1830542320, 89208977
2465273298, 2204584839
3653520463, 1709887844
361173378, 2664750840
672733939, 761178528
2120180495, 1495014171
1922730536, 2715872403
1099926602, 2596052794
549224259, 102408760
2097554234, 1646931390
317717065, 3904288805
1906319376, 4022198211
1386337337, 3000474338
172672441, 1758169818
400991457, 1181378645
618127007, 3322626754
3765090256, 2728302617
2565846762, 3250562981
1314437969, 2265861006
3567987994, 3451305703
3135307915, 3118089723
2681682415, 2647434126
3610462409, 3852569524
2928422013, 3095219831
2145193274, 2140989393
3605747462, 3887711108
668267307, 3347467287
3487400335, 181992807
2474917430, 466182523
182338504, 575954292
1335688465, 2714141734
3288067246, 617825848
3332833798, 3749366390
3108362177, 3516107745
90666082, 3203727140
436662695, 3786986044
1730738883, 313455191
405927283, 3903500457
2936664754, 3619110807
3033384680, 3308603890
2513252884, 2340301346
1958070131, 2492288503
1373601468, 1773295616
3690214463, 3532526336
2745900499, 738910437
1573851294, 3726299703
3391716714, 4261060788
1379796311, 3553111261
37477662, 1979261620
3150185468, 2893276657
4069746558, 1381062128
1055959780, 1685597789
4012005468, 3741056747
135703147, 1075100921
576571645, 3664419129
2171756840, 769517769
4165134172, 2163785812
2416526495, 2776353124
1887423081, 392114067
2806747284, 3956850782
1320702165, 4146786981
808617869, 1828394083
1659684826, 2575016085
455449783, 1194289555
3897465754, 764351723
765567947, 2111964259
391809487, 1282623217
802088705, 1217113479
511383118, 529572804
2126671632, 3617117114
4161577146, 860545893
2268008447, 270743635
3971327625, 2873534320
1081002502, 3178443515
2350236534, 1611772613
1174192709, 542952611
444728974, 512739286
756514748, 2657135724
3576504556, 1256610796
900800521, 3188244210
1443443917, 1135022893
3087485112, 241876846
3076716192, 1539946062
1407691972, 533075583
2398429660, 2211261252
1542094370, 1789360183
3808461223, 3199286720
2459965037, 2398875448
2032904159, 635504437
3907133540, 1910907032
2776832691, 2841516176
1982508041, 2952220650
3280392924, 2795267889
1046301642, 291056120
2972596012, 3097451020
3364865070, 2744500789
1215081841, 2482951344
4093810533, 623402478
720549565, 3921921273
1429588191, 670917182
2257668940, 2949433200
707746982, 355182041
2340690688, 121684345
2137191422, 2640270796
2921991999, 3161962690
1180047356, 1483824322
3089802865, 2098036052
2369987406, 2371136651
183430737, 4256763851
1355533826, 2835010922
2571830351, 208464128
3965689229, 842900782
3840997365, 194099326
1712522827, 1708499963
4237343405, 3057797440
512954733, 2563509192
3332968559, 3547417964
2124645677, 669607209
4069965896, 2229565155
1046630479, 2510220938
3879909912, 933245902
1993757044, 3383458094
1955070211, 1856084114
501591644, 3696259499
2892475735, 4286476163
3067257874, 3995148165
2001675297, 4004953893
2136586395, 570154678
1169707086, 3977113758
1246897101, 3756362088
2166793370, 3531393994
200997053, 4293478379
839647579, 552096978
3907919293, 1862370742
2804054069, 264617930
3179471195, 1602316950
1336262017, 2629709229
2153977901, 205840937
1750029912, 1262903303
1428685070, 1311494974
1867495117, 768086556
2698827237, 3322445021
4146822887, 1185792021
1521168794, 3359256694
1607528821, 615805071
3906922300, 257389413
2771184626, 3294125362
1488051506, 3020246455
1634366263, 1424662713
1008182749, 3765167012
1822802888, 2161234523
1245043067, 3001926734
1122926717, 176521846
25472286, 1378140008
254031683, 2170051457
828396388, 2681320202
1528721101, 1849408381
4002418872, 3792596177
3449185494, 2138679302
2954839893, 146439197
2741388245, 2262087578
2991926941, 3141955269
2930327836, 451175482
1794926068, 3715077689
1485908258, 3657727369
3088851423, 603469022
2022106638, 344342120
3219362550, 3849655724
1693320841, 1845989187
958886932, 2151496570
1058164332, 316427809
3754461576, 2497327420
863420591, 1481758280
1044398628, 2644356097
1373696493, 839165825
2187827558, 1588492976
1216230012, 3243137320
422937917, 3299149776
4111421935, 3546239302
4206078566, 3184028103
3471957317, 2777500624
3098513327, 2084727753
2917762277, 4281618326
2359285029, 2125996294
2438711958, 4211134169
226781029, 1050784306
1421825567, 4228436522
2041614964, 2812574871
1595324364, 103949005
2769199704, 1973451668
560727849, 921093034
2548038529, 1693799132
3613628931, 2176032040
4146084128, 1900181671
1226664858, 4243120705
3537647862, 3370209515
731635227, 1576434866
2678503704, 1105900327
1816984109, 2649835799
1999645968, 1917861083
1217134043, 3195287039
3070019276, 1266275529
2032458087, 2677613066
33049049, 739498332
1726372982, 1141424727
665544387, 287383434
2074091485, 2114294535
3696494977, 3458447587
3800101435, 400699997
2441524597, 1560753138
1680124908, 1013001280
3356151894, 1026508220
1688248779, 954446869
645706673, 1987076642
2052428875, 2787313855
1020207575, 732170341
488831118, 1725981130
962526776, 3712159374
2963521981, 1448027889
2991668025, 814813967
79414957, 3930492882
2967000379, 1431835791
443211662, 1992950356
1424121814, 3853822587
2280865042, 2172746433
2474538676, 662628662
1988339255, 1061834845
142213294, 1200378
2702719750, 2693006272
3515972483, 3949080865
2792332177, 2121038725
2093036318, 2143601334
1509389796, 1897743537
470265774, 3696637161
811826965, 233605148
1645280089, 452312042
3567672644, 3836782840
3746757176, 899557417
4073757522, 2888790024
1633656457, 3190687006
776165640, 2183091570
3047210347, 2038947967
3368956972, 1608760552
3395358550, 3247655335
1643712631, 1775531527
1676383846, 2694699815
1126687060, 801902236
3088637233, 3699454353
3672140210, 1900442564
216295439, 743436488
2760405644, 2354808542
2017100605, 3146366084
1789369196, 3128085788
3949758520, 3057280303
1433969105, 104232129
1836942971, 3203158702
3343890815, 2469902427
1121435482, 152869628
2920148255, 1212319949
2562204803, 2162559212
2584161609, 249991962
4252975250, 1520315016
641383329, 3808462015
4059731902, 957991161
4292967204, 1286510350
891258620, 2044240943
1346779387, 3275103785
1304280733, 55678912
666196786, 64696122
1644634905, 4210041244
1062902586, 3911313104
459886789, 560151800
292431356, 2176058791
2646683610, 2377706423
3584023306, 982706864
2787509656, 554060888
694069825, 3846179351
2691971278, 3022689537
3128636760, 3213011347
1769717840, 2353026052
2859802900, 3080977270
2811143648, 4105460232
1742593940, 2361658978
1123745119, 2902678794
467240988, 3299430339
3980888472, 2703201723
1745940949, 2514900891
4089143466, 3582980025
2395309193, 3377502507
2488516362, 3577951352
4270053868, 2377406150
3681531680, 178438435
959114134, 3488963959
562341490, 1991129940
1340335057, 3069278854
3343474925, 1791123444
1309335972, 3007219702
2050160783, 3317975
851302603, 1435858122
4080194434, 2625861921
2493966927, 1996897697
9625438, 1983646971
820577923, 631614092
1790851977, 1916433512
2206006617, 4104915463
2517723150, 953553736
2182304047, 3017873672
3410581573, 4214230550
3812599240, 2776985386
51553958, 3439531520
2924937471, 651944982
3098931144, 3578100682
2996167345, 1287281503
2222511519, 3859559815
3921732365, 2219967933
2529618908, 1975656617
3778663034, 2366003455
998644423, 2979148896
3801905011, 3359835572
3126230306, 196425617
2880206734, 2419591396
2849937647, 2042478880
3510431948, 1062940518
311779545, 767477156
548411048, 584714180
3311526124, 1017386806
1577678059, 2139801265
2823290563, 3340203580
1030899430, 79334123
3831112667, 1629241290
2245988142, 2683082571
3678478016, 3747529672
3617554937, 2508391038
2554725436, 225040790
3814381392, 2290990129
3478372003, 2515493403
441323983, 2446469913
3114687261, 319162292
2459364528, 4270807934
1262026093, 617637167
2046960302, 1947118587
1587899658, 1942950849
2105317382, 853448714
416657074, 1436096804
1145578764, 3479165413
2393506352, 189729915
1935971106, 547917418
4087915570, 1070015548
2237492590, 2873127095
2460637556, 2893395304
2616700365, 3278108494
3895122065, 2355064310
1659732048, 3132807984
2854003419, 1662184449
3526240219, 3401532600
2389886847, 1628886713
2731286482, 1030474392
4292317216, 806858656
2350660904, 2653785374
1569066012, 1076643956
2886937981, 842601947
633241583, 2548353561
3360806333, 3081438793
1375564680, 2065176181
3178173290, 911058181
2385206004, 646823625
4002833229, 1272936198
3267550971, 2765500429
2303546961, 3010665057
1469031089, 486807504
82727935, 3182667440
175254001, 2210923757
3424156531, 1629108658
2735928160, 3335278638
275953347, 3307475165
1512701835, 2864250526
2462496879, 3367357543
2006550826, 2766360229
2836673408, 2832138917
2478993023, 2796853916
3924704519, 4202651287
1947084070, 1814425112
975119096, 2753691328
1472336767, 1418629597
172375337, 346357543
2817270314, 3057568904
882288829, 4017032313
2833044922, 3727506602
2507001320, 4045396936
2770211435, 2760424507
950228948, 2222031308
141274285, 1596873212
2801974840, 2112454359
2312107670, 4155715587
1797992024, 3764354941
2482407832, 1498666399
1699627979, 3374267775
4079328061, 3050917597
805057037, 2936899651
3005656321, 4074544731
262694693, 684423968
2800561713, 2703056934
2468846817, 1311664613
2955498660, 2306474478
2589963874, 1578516669
2797012461, 3114539203
3698840064, 653622578
466820738, 534180008
1338003954, 2129633265
1734101986, 3276171384
605523066, 4205217583
1424741161, 2734676328
560101386, 206305581
2641538603, 1440112955
3120784102, 137124845
531539234, 3421755442
2045516682, 3946410591
983369483, 661893594
2134048887, 1778267389
537557382, 146877345
3243515325, 1538723593
4007971876, 2149249603
519322363, 2372637236
3072010462, 949490202
3642980507, 4283999559
353825889, 3853014574
3189780573, 2767880709
3341857403, 469364234
1413208786, 805074514
3973452476, 1629097544
2729716429, 1069278492
2690774554, 3411326100
1089451502, 2520735929
4187090229, 471470227
470912587, 1102837936
480491100, 3292079184
502039690, 1278023379
2429285903, 4258414330
1135113477, 1615493664
4283600165, 1058357465
206172618, 1695094778
3371793155, 4117606923
3987924407, 266019135
3033148103, 923202987
3741761634, 635591528
1302038211, 190377016
581712332, 2937815191
3244880601, 2753315211
3188125265, 1607301247
2861050522, 2861647376
912577690, 1323386283
206462262, 2807883577
414807336, 3087298952
2475565201, 2425620210
3987725602, 2612581843
1171495446, 224276644
1132362397, 3947299490
2429849890, 1198922068
2123119656, 4216802786
3918897284, 752095459
1886148072, 1418381354
4196001164, 2409638671
1785859609, 2084016375
2103169936, 387935531
3964737646, 3787525979
2326131344, 1924124995
739495919, 1400225500
2891563039, 3317766059
2909147241, 837031858
4216354300, 3269460776
2924581269, 4284618435
1683544394, 2574117857
1160851370, 1130301190
1166729768, 3174125920
3481856812, 2731983894
1610566652, 3907912003
2419213730, 2900994715
2457246782, 1195003754
30089379, 2224796455
1361532847, 3841036247
1086009596, 1305664137
2344126018, 3234786161
1960454346, 1647322616
5864224, 2968089624
4120689385, 729788027
1847362840, 676565613
577164209, 1322194634
3939661326, 1100098303
2978380936, 2297649666
446299347, 4202756330
3393461662, 3707631153
395341145, 788505033
581672040, 1775168799
3097755596, 1080659669
56801575, 3753596948
2581743598, 690292534
1049063682, 2163437645
1913549811, 1152051757
2947440042, 363102801
607505201, 3355628646
829286802, 1468207403
1902487237, 956882311
925286305, 4013900160
2022945482, 2733483866
30127512, 3727959918
1345518800, 745873528
2479208694, 1222820575
1542366124, 2438389004
848431575, 2905600013
842754126, 226134929
4061888889, 819966089
3758201204, 2778661012
2343543720, 1309016323
4143604896, 3528070748
36367966, 4050813572
3266638221, 2919829506
3673558309, 3657776959
2799510623, 942825379
2348328232, 1158834074
1755580548, 1894521262
2880272713, 376426075
2986846993, 1626069739
2843571065, 148525164
2011867662, 940565512
2884941830, 4205826945
3005577898, 136577635
1384558055, 436992569
2983512507, 3658081010
510854596, 2254949025
638818013, 4104474480
1179808767, 1783856260
1571531436, 323458868
2081402560, 901843298
2538400568, 3761823088
264006870, 808599038
2729869554, 4001972216
1894173912, 2576741087
3864884607, 1209801579
3051018998, 1461212298
3551408182, 1172356682
2696830512, 330450647
1634886812, 1379170895
1275141987, 3728120368
1056134338, 458368826
329011100, 1041489280
3062586381, 174860970
1907470639, 1058148226
234441060, 2764953504
698731250, 1237908740
229112806, 1707165223
2024725303, 504038012
3075462169, 1519184983
980115456, 2285514207
3664026118, 220663550
829347469, 1277763061
2086702762, 881217912
2219765943, 3901854102
1852719183, 3552210585
3570771122, 2433594033
195974253, 820119751
2435217696, 2931023762
180663748, 1349314664
3057828514, 3304481278
2238789544, 2265162880
1101064947, 684582823
3704085207, 1041137193
3782533053, 2662294028
573518826, 2862495782
2624769777, 4102451104
