3867888838
319303459
1921524503
1952515788
2200221663
1015139869
708094268
3387314512
1086757755
4185859301
2587094368
1569993116
1489418454
2407064766
335308652
3471448796
1367441706
359720261
2428412487
1322472770
1754910421
1535582922
2224648240
3694731926
1998711134
3029114584
1869225243
2650232656
2897021065
1212565492
1974971487
311528846
2871953456
4223736334
3043714513
1734967793
694765291
2528237713
807584817
1572868528
1038536929
1817006140
1041808480
3539070186
1181908857
3071500241
2803379098
437578265
425040033
1585482097
1833514632
1590298878
4061056590
1031534846
1067740422
1031836426
452881360
3952694825
3023327653
3784064932
3941753309
3492979866
1456447147
1139266410
1304185000
1867214937
1463073477
3044218318
3806217059
3604264006
2426859484
2990731563
4148980803
2247439277
2036982327
407359197
996566140
4254119664
4215342909
2292188342
3729815694
2225258983
28578346
3797388448
1075348185
4107049455
3480156380
422072174
3874745032
4170152506
706436000
2115209887
2572920478
683197770
1036899610
2509852747
567263074
1050500655
2940333989
1194149477
1161439019
1401640548
344014055
2852021051
1260691830
713080305
3737665900
2725493876
3190711961
816099319
2998444654
205714164
648760876
696674503
1361442951
1254642468
1535065566
347199737
3692991844
2648716346
3759459117
2055043498
4239368120
2696354540
585562322
4275658728
1401159710
374122331
161331727
3065368371
3988873439
3434949183
433720014
2269457101
3547282473
3594118214
2263534308
3679608669
1791641003
182001869
2779936090
2736807060
3692460577
970994242
3742895029
3247212891
143480212
2287945370
4181751387
1329128697
1962060985
4264491920
3283195611
2581535079
6685378
1545482425
528992421
784100913
249067816
2846312624
2113822355
4215197163
2504943170
373313370
1373411285
1609012076
3918352596
2463587378
72006045
195234399
2946909430
571284910
1952441508
1674904725
2336643935
1910166796
2086159700
3289201832
440208549
2022638599
4011250746
3497005077
2134777033
3117387601
1041409880
3198354005
167834916
779597250
1198603727
257529438
217084870
4217676415
3907460797
266723496
1723677573
1186678927
1895467282
1117509608
47201547
240383503
1355531333
1629457662
1016553743
1022774901
3604074468
1273619996
1236446108
673418725
4037024566
2941473923
3289877454
1816932163
3638463033
3511103124
2540340358
1561632780
3146828869
3565212089
2258587299
78609815
67857377
854755840
848283172
1310168693
1380362482
1159871075
3982939919
2727062410
3107353234
424490793
1546316112
106679986
345330812
2186645391
2113062046
1268851280
1447462231
2207897624
3381711244
2440162425
3781737086
3063492952
1270772787
3830853609
3851891569
3780277898
154906856
98685222
1016709987
1040514355
1815197184
693187000
1701715110
3951708786
3978184757
2048922608
1348473925
1242042889
1937170697
691072408
2277325005
1619433649
1344678240
2180786527
1812444952
319809346
1731222823
3204557813
913905111
594535774
141078871
2804918255
983292251
1072638593
1417592556
524827282
2337536490
3761668678
140437360
3822669788
2770864391
2185695972
3642490092
1923768950
2759828749
2148294758
3802791317
3302668088
2272146861
2071143663
921500695
4244020962
3815306973
3735019574
2202509676
976860969
2214441965
3075565008
3148044591
2857933772
374845555
2232792737
2651282534
3603607680
935834157
1952541687
3470084486
4038482948
2626078808
639376860
3787537404
1711411505
3150596307
3542307221
2803508443
3615072696
3968664251
82235172
507379796
1251260229
196455085
4139279572
2412190274
249477197
339845071
1246622560
3296863839
3004015806
3756273773
2890367485
1559462173
393008392
3253657839
2799684619
2713194889
4017481613
3714921945
4000891703
3224158794
4217648591
1724117417
1320591254
3145718272
2015956589
1581233248
4200804206
4120590989
1567488353
3604735704
3529046856
2240025342
3105611377
3306020775
3575716687
2097962132
3365884282
2155357764
94557939
456841933
4022409427
1047171884
3145556409
4269628286
568480955
1445869236
2266894952
2806561489
2182565885
3053982938
2846471365
1833681031
4080877254
2581943356
1468316269
1030822077
3544676047
621894081
3602675937
823989460
1483626131
3850530808
2228820785
153332106
321483898
3047687509
3770824226
815076517
2541632199
1622229933
340299343
1153103087
2022603768
1253940052
2314702998
2213916080
1356324328
2862974319
3404845915
292826133
2580658599
2437917107
3744583934
3801621917
2998050348
2205364051
124860791
3039010002
1919192981
3806431418
2396687411
1938869391
3940266759
3512383283
4234490847
3591597941
786829554
835769802
3650219861
2906052250
3115662459
2474704519
3200927936
753773602
3465915146
3947433824
1217072584
2872892948
533231562
2155473405
1437583111
1551980130
1051161347
2385838742
4052194135
4001878808
772530098
4134110092
3802229512
1804748527
3453892481
1989528639
3894190720
624895327
810923733
2786756078
1173679875
893443642
2162308845
532877010
3688915241
3090052234
1343106928
3013417005
3215799484
1051966167
1460230920
2526929387
2817479468
3343948450
3812404349
15708460
3084621227
1108279996
898258494
2236385040
3536918173
1838302879
3208244092
1511330718
1368551931
1471205349
2727573175
1177204831
1696149164
802900818
2171058904
3823882027
3841907707
40073582
2815442188
3298791358
1562248181
2817032936
2502339160
1812690982
2987333149
1033721381
2274561864
3608886531
521824753
700353194
2024193424
3991678366
2037899777
1671582064
3870190489
1705292069
967023063
2289625027
2255014540
3240214233
2048333778
113214390
4152369279
3291142206
4156256195
789932029
625391166
4284266544
675177609
2920871791
1852455399
3264637521
2803831770
252167200
1928232352
3867875820
3993390638
2365265723
1097797457
1193085226
884513557
2958527861
1171324464
2686831699
2918294937
463811014
1770830559
3217862966
1220732240
2269603524
398221299
439131727
1552995852
3517494083
297292614
2031146403
3339790804
1491617465
348843620
1747804508
2293001062
3568419307
4082265716
3689698221
4023149469
2349965246
2599753098
2960470230
4006337280
1855150200
4268499290
2568258580
609031001
1900376876
2049129627
797515617
3643920634
1313470287
4009846516
2665147769
1168450172
1554607609
2527794677
1793478046
1607852750
2674120351
3073805493
52845263
3797823189
3307153556
1881809020
2213975340
101357330
3484058337
2042531658
1693170198
2859417848
3354017766
742417274
1720804476
2091846059
1734326363
3746947067
2359928403
4140191647
2039475914
3076883461
3603978485
2003625844
208963160
4273205762
1141650567
2054703678
3857784268
238405684
586280293
3004506827
3765778971
2649384289
3732419951
3488095177
17308463
2204381093
1621275595
720703756
2751239808
3613246036
4080466709
4088731689
3164878776
3525239403
2305068770
4285355888
2232694815
1408367553
947575500
4112284838
4237840708
3286205052
2537067466
2483633459
2723675062
2581603084
444429333
2973273409
2749446849
164971139
410617647
4152520963
2520888964
2048447025
2730892250
4164577890
481204059
3464680657
2305228396
980352825
3450781289
3113908134
1876292002
1195675273
1234156115
2626978431
4099046960
2944036482
3618221360
3893365288
2760640428
3260027504
3228434594
605502459
749219378
149928164
377532685
2515447269
676284928
2671531093
3558540068
59314492
1675087808
798884319
15456106
1905416995
3565667094
1956518111
3836133876
2359575388
1788722615
1991454866
3830936326
867760481
4089191268
65291646
2944873106
650406389
2237504854
2818327049
1322149621
3202493893
325660535
4255195866
667895002
2062311898
3489005921
893379880
3268363720
640783736
427203928
4036882177
791928025
1831540350
3116059838
633418097
2131764022
3099301216
2321570034
2987167265
934813958
1536789089
1540453844
3413342227
3308763267
2361652076
1067912151
1119449211
2533096284
1033600525
4268818397
3227516550
3652357615
1601342786
3460868864
1754332149
563247832
3686198860
1262881620
928538663
3949110634
3171676719
4281466313
3976861309
472938612
3727757935
275133157
456182127
194989006
2763255394
4133485045
702259968
2797207109
37051309
920750311
910767818
1667747652
3960020774
2784354357
528661491
1259212917
4012504254
877612921
554208914
1008625597
260689061
2469982971
2997672167
288653863
376337731
198456545
3650456954
3623755074
1038328203
799273695
4098699638
2530909983
4079072337
3530080489
2012760079
2090905040
1499069245
2821802365
1036329289
2380035071
1808396046
2525038494
2951465846
1211823941
3735671897
1902288660
2432133921
4152216889
1044699231
291021118
794851645
2783078466
1218792292
992798572
782260505
1231784409
266326169
2853934238
1982418872
1861261507
3363733751
2108032720
82756718
2753642841
792467020
1784081354
1752155539
3753950188
2982912399
3272398654
2293298404
3861906018
956934301
1253841984
1505015268
147278586
3185227654
604768582
465351788
3706830230
1398853643
1533016109
561873245
2846823437
966277072
4210440286
576701129
3362653466
907642987
4050289840
2146948905
333407717
1001088884
815666976
2787289925
1155983002
2087809038
1530241482
2106700694
2417263596
2476523416
2207966388
1731607107
446296708
4111520413
2854021319
634474209
243095944
1492303440
3830713234
3254211431
947086634
1179717334
2601946979
4145116667
3163861613
228874271
203788147
1599287185
2293167573
2742542307
3966056870
3856642646
2111633817
3189491635
798003421
233578734
3366319817
1189498204
1687594506
2381598313
184067546
305343761
1872758299
3904427211
1606959897
284027310
4193683054
2020016029
523407922
4191331155
1629644693
830026927
314167437
2216089797
938325452
219308583
2657381100
1930833758
695247044
3786503728
4239954676
2520451583
4153751369
803837031
1493643779
2643498191
3034775871
3056824662
2172050217
2996397753
1987553490
4228388756
2592060748
366220364
639234686
2860206374
4145692166
380893474
1697245808
2040146304
104538228
2933449157
4031517965
3462933616
1008526376
4128630673
1946092637
3953672490
388550171
1321281802
3873426299
574855299
3350666494
2556316974
3181843177
3482520271
411122246
357149544
3515795328
1085377308
407558665
4056569577
2681347866
1854934127
2839510325
558704023
2120844185
3150528382
3986151558
1480798228
697230766
2025557813
821875233
2570722333
1749777719
3797752896
4103658862
1910796283
297238165
2786813602
3616720458
2057137003
818341523
322383709
885939614
554080898
719559783
781023986
1744045361
3616829149
201609805
2894145611
1668030166
1813611249
3358388173
2809781124
2276966448
3869022732
3558586702
4243471263
2936374502
1335900509
3820811738
1869432414
3968276660
3244270292
3632129934
57781857
145995038
1335666750
953807928
1454505333
171295575
458265929
473504037
3755690532
4164387018
3092578711
3682641219
1408666456
3555404452
4032457709
705540098
2843226888
430704950
1872749053
798288592
38748838
1573488871
2371717503
4081993740
60686447
2426429887
2200326695
1045047421
1198562888
3016423471
3448049139
1647813067
2811733977
3879160634
1032860938
1648199368
1892544952
2398082023
3671637249
2637624722
4251771432
4254781682
166580368
4123288670
234511644
105605796
700917483
105403561
2947719758
1523133771
2499155929
2546086806
527731697
326839216
1325934176
1821642200
2654629172
3651161979
1331078486
1958784406
931308727
2901001361
2601744454
908877211
3766741227
3833854096
4240256560
3238828040
3328209919
3009029918
1781480560
4279793563
1232061077
2516409996
190042904
3311791097
980353663
1634369554
3917672021
3392639068
1162088104
4269361558
3763787964
4182216485
311439499
1530635659
781264506
433337714
2240474342
3698885757
447651989
2498324767
886659509
1934351299
2902878604
3290052501
2034151428
267866505
3747662420
2963793635
3568498306
4189496777
2035603875
3273598139
1996722205
2357605290
522767748
2762074319
2450430664
974025802
2743385807
1361523229
567002076
3592212491
2941692948
1379580592
250911613
1835196632
4140885536
3724797951
1766910091
4205169648
802676365
1784524481
1053803079
170443441
4216374758
2282144780
4042457506
3863893741
204009050
2159590541
2691237792
207082305
3455080764
1067382129
2307510085
1940255282
3247306638
180792082
3179884099
2245203833
2514153622
3631097154
1257468791
3607347683
3269901612
909920903
1185988836
2974867741
2230486668
713921459
2392911897
696732292
284157105
1338509561
3335198398
3169614897
2398290493
4232271284
2601509706
3991700611
164919998
3009652633
1061365235
1423787889
300574786
159204884
3651849530
1549955605
3648100195
4015266328
1236522902
1986257154
98866974
2619114274
1594021974
742299064
3804973942
934456331
3342852427
141910430
3160185743
3989107002
672926544
1134910095
4151563631
1949916525
2688893029
4119715236
912833845
484113821
861888835
1273791291
4233462479
3423958854
1162097680
959989336
3023545499
2241065544
586044873
1895308377
80762429
392239854
3349024180
1487908280
3726443886
3227778019
570215150
2599347224
1413401126
3689203147
338014954
1395626588
2225515975
1817699063
3205855654
1116058782
1524074017
3497448418
1361694622
2015398439
903427001
230676320
1541086871
1392679153
2903425345
748379910
2651516558
2366594747
3762448768
4271266496
1757042461
1665500535
499274675
2631795117
1189769573
3297396274
3925178440
1187064612
2954769751
2793036368
423952956
237438722
3003868612
3644702431
4039674150
3760510390
554598274
266861474
19846313
2015917013
2526683795
3162483494
3309601505
2051849047
2167568073
2325735913
3930580902
655722083
235235048
3933058917
2483629216
2385595523
1466134191
1113725452
1953438888
3893783214
3966016434
1648570810
358066443
3978846679
1478062456
3653297921
1123685336
3489925622
2169209243
1678138086
2348769008
637187490
1832321810
786949982
654853181
1295401842
2290856608
61256912
2700519235
3054916296
1678895406
1190226392
2736271059
1112170677
2946704338
414840823
3496973797
3128772302
1678105708
3563513543
3148548269
2370833878
706916711
1470032075
2995721000
2160457188
3701861860
2126520245
2954800964
318323177
2511183630
2489245096
2869005555
1941453235
990684634
3851553624
260055659
2180853908
1311796260
2303805112
3234778143
2723136320
424041041
3972194578
4126265461
4160290868
260225596
2124502810
2598635368
938822194
3420833075
1057421325
794380991
1280968788
3199044137
3757834731
2642404733
3556554871
768470275
1777220330
1401552054
3946664455
678646702
690948649
2189860308
807668240
1048920757
3416708813
1626363792
869210655
3686951188
2093945905
1726406765
2676589848
3300498434
3452260057
2497405523
991635909
3653650294
276112618
3314061556
1617424495
1468777410
2033462483
309743515
892912531
2285280940
2280394296
3424493094
98379425
2393828055
1377828687
2120149619
719096884
584202187
2908748685
286793479
2884636097
2711215217
2838098346
1328453145
201617621
473307185
3613568377
2841134786
692497759
4076093451
954416085
762903577
262092578
3894616420
462261647
1363471292
1806627955
3733522572
3388503371
2332373688
3264108127
1842451895
4017428720
614882013
2675587760
3404487143
846228801
1597215809
1334222623
2872645305
2080841211
2804311465
123813351
3655831634
778244593
1898339221
81186285
677008430
814396789
4208989405
2590234846
669524724
3606108098
3974507830
3517707675
1975309779
1240584078
1090872103
2192446571
2799619960
3251852060
2396221831
1964748914
2381174564
2995522766
1875924324
1458374907
3122265083
406313374
3369053052
2940487343
2283786297
812412820
3329406589
2591895225
4002604655
440530260
2035951800
3288456826
3975497760
3890247301
2930102410
1398713769
4080573012
1648834719
949265029
4142156929
2095236359
1826857305
1293759641
3662845180
4262944650
634260753
3687339232
1147145711
1730551818
53414000
3470263566
1261710163
3941767417
424517778
4066797549
967329062
732258441
1166612948
861674285
2066494591
4245339218
852295116
3633420270
3355256009
2667641231
486237971
1617393733
478398446
3725383787
4219222758
1473670066
3220877058
2190845983
2743711850
1725494329
3835087638
3877719591
931788081
1110935615
2625861888
1163704008
1477854080
3661393767
362250974
1048216367
914304608
2041288377
3130620762
511839976
2636156680
1327398544
938124940
4183396563
1129054686
1405626737
534305337
3372297037
2701989691
2213985219
2390598359
3204251499
3280306669
2220687821
4225990341
59587381
856230020
3969045351
49805672
3998574244
3625541938
2256930297
2168329085
3690967006
508226011
1690930883
2878774255
3351949394
697094037
3677564674
1126460456
1911696067
3382032619
104950155
2775917590
3926037714
2031401171
2440696520
4126203702
1343824518
2554386643
1115947220
355062927
1357028339
9097116
3648263977
658657691
2717727668
3206273619
3841325323
448732847
86788121
3518888953
90291978
4146647539
1008429111
2705164930
2910106125
3650722833
2180150271
1065199210
856394374
404344214
3144871224
1961453619
1096419173
3764006704
183796822
3467230019
4160697275
3225712397
2280016878
1783923236
453540319
3147476122
3923954154
3339418566
3495987861
720972522
1079132316
1567965255
2636601558
3290618057
1723779241
2846427390
1956676280
4074681479
4165137692
2279862602
3625307607
3105362060
4255146127
770119940
2483956020
2644728198
970366058
2585325337
2880917410
2990608570
3073955138
26956358
663319341
3068092680
64701421
4260106664
3540969772
2474523851
2798952978
106706789
2488822374
2705894857
2067323853
1580642591
1704127365
257723508
1276071932
2946254797
1517325982
2839522211
4290509073
3953845202
2930812312
3043095128
3945579135
57151170
2199306412
2025592706
2925673525
3415436858
3633488722
2228532139
1891742
1644451261
4087996313
2954679806
127304867
2416172732
1372591596
1021726122
2086449646
1411863804
2376707510
651133863
1629266798
1933597014
2819412381
2910545211
3634974606
2577332971
1149481098
2238087260
1094623188
1897482145
2634600520
120501271
3239553363
823676897
1744030623
2189361959
2252898482
1017857315
3789503590
4138311981
1319176173
2189712949
2694782102
2825898209
426000390
4105243410
1580025073
4213971207
327962879
1037462457
415216738
629829491
1811590471
521187765
3232647789
1946153885
2570794555
716596786
3761422903
2094972174
2863816582
2520901827
2256442365
3463406752
1903096888
2961609238
733112151
281678297
1088467741
2272393685
2670513716
3592040732
1333245586
1995829921
3231084892
959810994
41532869
1968721947
2733042919
4255317723
600294360
273421339
4180193443
239890673
1340692732
1084160143
3004216763
2152783468
1421691531
2995197100
2011877190
608522786
2535761935
1421131001
1736888853
969141962
3336919963
4119595597
3570188656
1411643502
3551317083
2617854647
35543512
4228609593
2606995165
9050194
3165839924
2959007159
508247035
3674392265
3997430760
3655649955
319541217
3562925513
3881893775
546177546
4113887617
3207951069
233455077
3995991983
240905596
577867006
2932973271
1748645720
1141223605
3140380426
3309138299
2743480079
4100289138
584972782
851604854
2550018946
4138702570
4257940380
2246288975
3963518398
2957459954
646419020
3759567263
1842262828
2733999024
3684133507
2580008343
2892508130
717850877
603414082
3611246867
1941633921
2167017421
2601342063
3943442589
1067840359
3956834065
1972026252
2756946444
642368326
381908286
3675295435
2299099945
1906088338
1321433116
3919482706
1495334658
1197167065
2350626061
1006550695
480734876
2544339877
2211504614
4109007883
2549097020
1848471453
4120398786
4111300660
3460970140
3899074501
2085341432
711842916
2034977344
1400211856
2201078537
1464235917
1545294455
341591348
3853475295
1066795710
657901216
4019509316
3547325996
3063704829
1706785430
2028336482
991756296
2134359151
3742542639
2667739783
830159400
387795878
3748307106
4054386257
996954602
819450979
3119619533
2499269528
1842119834
143126938
1340484646
1394943642
4036715428
3104934975
663023345
3972430695
801898059
251890778
1315695725
1689413406
1064594256
3522271306
661120389
614180915
176468481
3650398109
2950709267
1264502405
1529028469
557807079
3811335643
3827938616
3706130752
4080530540
133642978
1127720804
1664687198
1333475924
330498978
4200682995
1078032036
2270389181
3548135532
2257661655
3275682708
494048498
1005964843
1708720908
2712746828
4123912485
1457383804
832281775
1957930119
831720214
141028366
1257041432
3349229432
3207151909
1632136488
3635352687
2908619658
3895141275
3450652665
3323271719
2636522636
771186127
1550783929
1961985850
496650277
3689460274
3265434746
949176884
4087727848
859601100
133384405
1969813690
1096403021
1062227229
3543014908
3391168749
1339377354
490740506
2004301218
1566649550
140722714
1243797676
1432670756
2642341739
1801796698
1765876041
668308586
3636112145
3040435247
251278411
910353445
1723819473
1708316978
2592939386
1307882174
853695787
877279849
1542585021
2427598839
2205048574
3291624987
3654416584
2035775296
1814776631
2469457694
3135880005
769053424
688983135
1516468943
899728901
4002995447
1383008785
1918369059
1842877521
2158904870
866483353
3056580592
2391087510
1969402754
1116681720
1658178672
2222361328
1111453392
2166621829
3403456960
3653157572
265903479
1867947549
1518503534
2361019480
3659952659
490595094
4135364728
1795530837
1084764499
3517283749
4025867196
3347516851
1970459519
1194485302
1505941506
3861098853
2023491330
1937694724
65972580
2106725933
1858257535
599448054
3307124281
78274110
1744762324
643399348
1153724601
374894733
1728252722
3632681417
1793551259
268844300
2126871402
3714742027
1482269994
365965661
1873456296
3025931940
1701942608
2249768588
3056111779
1017792004
730867195
1071646833
3104206328
2728928199
2890928987
112983631
4283059646
1223577898
3482954938
362009422
2695855058
2093728726
3342032367
4043278701
3957466422
3065112036
510239742
113096186
1985151491
2060642478
1028716874
1904380636
3951336255
2740924747
3322557661
1495660480
1877479509
1815124962
3276861555
1554759565
1636856517
166123502
893255243
2027637859
1454168213
4041208699
3446071878
4090546251
2311956412
2948727584
2575257514
4253077346
2403308317
4051859400
3202083035
2202958865
2728735787
2157705046
2648966940
331901965
2302197616
3637238334
1540316072
1721281123
123584621
1645501844
2012537384
17541310
2334449256
1033550456
1771164164
3457791871
646571834
3922250168
1151081813
1803680152
2643440914
765213543
3777477621
2645886224
955276516
3247062435
1109620464
1925642289
1186105379
1225707328
990450647
1882525120
3560721976
857276203
834636557
715301262
3911471130
3160067369
2386957716
1554675528
3372285766
2750201477
953696827
705892498
3087995212
1353321563
1324138092
887030053
116650117
3962604039
3421877236
1934082885
3661958212
1340404495
1068898328
3142808418
3242699244
2671011173
2896926659
2056594059
3412966932
2721802399
3873835072
2707218675
1152191983
1907356562
3264699478
178477297
3344057326
1964795738
3119513518
667422010
4099833772
2008953664
4013627272
3833356665
2058369978
2134119233
4158886898
1991512854
1918405467
1972385696
671346684
2720936790
1747207447
236506937
834669209
3030459060
3520361387
3933290108
2095455221
3348861381
3414552845
3052103523
2209145838
2375499546
1128828639
2903765808
2441826656
4243825747
1011066028
1844932970
394178569
2567126345
667195749
1392011872
4135693795
2545877149
3950371914
1505095046
2380021391
1004421193
263037910
2815913522
337588189
1422844097
230260003
851528352
120313839
4160673514
1001102932
794964134
3491900083
3861239187
681010570
442199136
4176529639
3790358092
2688099841
123095766
2394979928
3234859209
2284236266
1915441578
1123276550
2840404618
1433614605
1363293459
1751683047
1298760434
3452585531
2642903722
2619640089
362060746
3908672961
797778264
884700000
1496183824
3718880110
4065111328
620431733
3436666898
1998549422
481860137
1484774427
2590715392
2320788317
1075678355
146298687
4199435855
1048022971
2985284300
1731191773
2529558593
1931865025
1693274359
2716491889
1771087705
597658994
2159066896
80918899
76888630
2098044311
611901348
1445054968
2594765468
3905947362
2192119240
3505074702
3157230649
1920723655
2004577230
2883899170
3973958185
4220038042
4157372922
1182160748
1971733751
1401020846
394050963
728095642
3374845764
2893835628
2488863974
718873088
3788378117
2132607967
4210917063
2964217258
3717383966
2105323156
458710708
4282653157
2260524144
784880709
551516298
753960489
951075481
914383566
802038163
488618220
1612386963
1975049263
3137622158
487783294
988121404
733813361
2372439177
1541034570
689043631
4157368799
1136442660
4118880316
3889666539
4025569565
2163585068
2841499247
2758927088
1257539162
2909427371
711475366
70674273
394188924
932969583
3009374153
1696340008
1621564858
392932802
2693774257
2241902156
3875885228
3490887282
261955664
2356720170
1912600820
129522956
2900159446
2908760865
3485489966
528451804
100637397
1757401775
213215500
244406003
1218346424
2964101764
3985666844
3955723127
4158032067
3630404617
3100997709
2638900593
3156363659
1350288883
1554875448
466828886
166806609
1611738754
3716407298
763457016
4164637740
1647896685
933084683
911983728
748439598
3391255537
2103259700
1921866405
3925315440
2513660766
619309953
1477296977
421608173
3775697218
3283002300
882899454
3643914841
1125546168
1172481837
3070618028
812800545
3778143585
2944498485
3848532008
3018101865
1204988396
892602476
1253698100
1049331564
2410354703
1704761937
2107765584
388927450
3497779823
1674961956
1301909216
2507843311
406776803
528599959
2564634894
1965172434
690711035
2836776186
3849941288
4108594845
3482124977
727113848
2865444567
1930576510
3164866809
1074901741
1394717889
1051818273
2851094983
4250202677
840538495
979480034
3820882561
3286842978
1347634871
2285632310
2846156497
652571084
1301005670
2317890328
283372584
2440973022
4159604662
1789967550
382507373
2888333299
1867048104
707485967
3594526427
1155429503
1594390294
2763857868
2460489284
1501915440
3243830123
317116429
4252775326
1282374033
882687046
4028098925
313407063
3884156873
392022369
341709345
1688734075
3035699398
3994507345
3548938060
1197141003
40293552
1661547896
4192826696
273042288
3846819427
3141874967
559668323
2221531712
2502441323
2881362233
2648316828
3556387872
1620564013
1695775110
799731400
1021796528
4071005496
1655962106
3773665818
3983634451
2904993710
1990046531
4017660029
47327899
2555713028
4290754182
1684900696
3290493477
1858302573
171277889
911975942
805629474
3078279986
1835354725
3335765143
265298140
403318037
1269778940
1010537588
1582425002
1411422292
2287382298
3080790506
1573829270
2527549497
4132628439
1841205447
2121848227
3182923830
814748961
1908784186
1953691581
1055796958
321415752
212367748
1723247307
993165706
3828641274
3863991848
3240117558
3366210888
2937350146
4117367611
3083332745
2417113714
1661923386
863911777
3761292435
3698895639
2557065548
2972141749
2652830972
1574632207
1936470092
427878565
910377310
2594145084
747533649
492311574
577018784
693147311
1006299416
3014719918
2658290153
2583468688
2485017078
2842612626
1795360471
2987995562
3112520649
1201645245
563770084
749676579
2302222906
486531818
323825275
317557603
2425352309
2743076965
268643118
2721355562
4129340020
1757255518
417039247
705727422
1091449366
1133227026
3334521591
1036033681
991526683
2157212216
2928742675
1127624134
1009613217
824307401
2521071033
874850990
4047120705
906759381
3288825314
400534494
2419862438
3603143044
2205082268
3019569942
3088312454
1969924517
1981803818
2355427644
2084821628
3451457273
3462998583
2564065455
1001343716
3159179927
3048504518
2618082887
510993591
3345284428
463956843
4076127471
1792680603
555951839
3048751269
431680558
3794833727
2380557606
3204782108
2609048762
3500789206
2271876549
319409749
981851996
2219530137
1659451068
29730193
358401535
331864615
3895857947
895691647
2321802407
631004308
3370751172
523092880
1558604204
642017762
3527452439
46814028
3556982141
4027905551
1960938113
3244676595
914278111
1482909157
796282839
1561218348
2884075683
3487201953
587686468
2450147342
454113498
82358176
1181695743
2745199501
1891141594
307238176
65612202
2166026676
195488125
999749968
1149219144
1837166466
1099835980
867963125
3958491598
354028326
1588034108
826456987
2194105521
2734673735
1118117773
2261498284
516917227
2471152198
3639963634
1174909850
1168160426
1930109483
1160147012
3590706532
2443462914
2610532798
2668480617
2653319727
2072283001
1357664109
4240448890
1060589599
3371923887
3626410262
1932190196
865256572
778166492
2762384687
2423437754
1763271012
2788005986
2006435371
944883594
3067978935
320377229
1198063549
2251047232
1072931014
3165169454
971162667
1662595395
1742188845
3211319232
3463143640
1393243255
2534024750
3417968553
1533416581
1715507725
1669062112
1209296637
527987515
3623549473
2311835998
3794992737
3702769114
2824779542
684862605
3135280532
2958297916
1928611237
4030653108
3903545589
2132867576
757641678
2283912985
3745293829
479623853
667591907
1373387168
4095018564
3464939709
3109847504
2354794750
1565224649
2469738253
2829040363
1500936645
3229400771
4008928171
74740221
2323841615
1102187377
808055895
3706636068
2771588257
678176835
1732947960
1576649716
2271112528
1632340465
1928706438
2341670818
1910911503
2413652585
3121356142
2743746416
2997439032
4116812884
3907683098
1598844679
4127474303
4031498072
2035975340
3146964945
3705960807
592103703
2258111386
3721642915
976112416
2701372397
3005341234
2498370756
3595182164
2128156820
3034455218
1793364142
3065372574
1990901606
3535463772
1863829924
2294472067
3319288702
152696617
1093412522
1871505098
3672895197
3920870731
2824341948
2194384462
3428464521
2174596829
2360248793
1951033481
1262454034
272610408
986786742
1947609046
771113620
1083736908
2643183204
3144006593
3586857112
3809663156
115696241
622860599
2270389266
3644831994
1866399234
3085220166
3730304184
3862766292
3842290840
834151585
967547553
1328591695
2079255528
884791378
819229351
1959267980
1791632356
2239538761
689457345
3337968377
223670865
788179532
540889789
1457928746
923341191
1697422178
3379583994
2270049994
100717656
3200616775
1902104670
510410181
4057671206
1591953943
208328867
72803060
3385419910
502746861
687252768
1733300342
2482655178
3555758906
3957325703
1092056890
518679575
1296484279
1167394905
1131923320
1714911743
3481906152
3863836459
418725721
1599193399
4080618644
376226313
665981220
1102928985
3655171501
3889239178
2308134173
379626672
4167875460
398721225
110362268
2552031757
962255860
3197940230
902165869
2110716208
2367294106
2244729732
188169997
2231691499
3068032888
2351916724
3615779852
3264253894
3643484680
3383720058
2277334350
726399379
24021247
2272377817
3191684867
2587665215
188408918
1329540148
1399511348
2257839652
3316542349
2432718685
2138771942
1413209160
1857049174
2120179557
827224885
2538692480
4191277061
1552343933
2134412757
2778449864
1853284584
3213499046
2164541623
1154575586
2881507865
2079142834
1525289251
2703501930
1003687185
2150802061
3326906124
590735127
4081125730
3732438774
3738695354
313240331
1263517528
698457138
4170323466
844631964
436345603
2059184659
2910170046
2008550760
806888459
1262219595
1212876048
434472504
3308639199
4066585875
3314830533
2130310567
110959426
34256805
1529661382
376907717
2413811524
1362331986
179319590
1225552415
2149582218
1521973014
2617531892
2957261474
621624093
756549760
1213395683
127673491
2315814486
2273704386
745916637
3541661512
1957823871
3154691241
2299465485
2280556063
3557032910
3521473579
3676115645
830415612
2276601579
3905895102
2089520519
2304715977
1474068122
4287713560
3138316979
3935097039
3013301750
3390961264
1537439602
421426934
1157936941
1789129924
4250613292
2634893163
1832820439
1328900021
1726493577
1694813279
846725198
434098492
1897573659
4226669908
1841026479
1230115821
2505256912
2317668251
525820673
1854721907
1595255929
553888024
3075313658
255350549
3930359262
1979989465
1243799340
4265060637
2711147953
62623465
3811742415
3795627517
247502970
3532464508
1883782797
1754450805
4208313827
1947079196
467301138
1076100900
1720714489
4034551386
211864930
3799310891
2520026607
1360436627
1417299620
2397210800
3508000321
1254547070
643892601
4054696612
3965793398
2645130417
1182726960
906304922
2418882405
693011888
4257380219
1419951320
2075401343
3310879186
1026378537
418583379
2964309156
3184856853
1076018078
3362392044
2196668993
2216997613
3062136552
4181237424
2372463137
1165548073
875077168
1847783270
1822453088
3755719112
606121766
2604464541
1685825889
1139374545
3429122678
3477061854
247460151
3308440220
67603969
2348990892
2127015168
692533315
2155337979
3061734726
850322022
846427494
984099526
772021076
4281924434
1783912016
1000613726
2141810421
3788857344
1460181396
3835055152
2468899980
3439200964
489684871
1969934052
3014232891
1160334676
490360931
2141781423
3709327358
1083061761
3898205969
3676679726
3249565861
3171742558
1019646416
3730923047
78057404
1266697831
4119685047
4033986504
1547232125
2492311033
3214128729
2451483872
356814677
3159860855
3347549061
3159994297
942957786
2483279889
997016438
1729861787
1608317148
660697745
2125550524
4115103349
86374094
1951771350
2536041385
1410531127
1265151525
2637074365
705986144
727792073
949158280
3241573917
1265104552
1614976351
510034656
3175158698
4261054344
123106184
299880606
935385867
2354521052
1348330010
657494713
1510647033
1786832982
1125117359
4191935010
3193126149
843528245
2254872143
1813998262
1051502546
3243982751
2908722658
3192378401
1996066223
482708313
3390843248
981029009
2052133541
1803903774
4195026300
73759016
2156718140
2083322029
2325800398
121928558
3992996704
4236495865
1739319710
3736464490
1941320761
3386020149
212254126
1243515414
2614615117
2451743688
1223423365
3699484429
99762007
3392088433
234888927
1888316992
2840109687
3771149862
3621743361
1486867345
2294480989
2392069963
3388606647
3168530239
1130824230
3858582938
1958768708
3238959770
2532625802
2937347828
2780538756
1316512677
611804963
2805282784
3372936375
3336789027
1320670046
3545788872
4292569092
1968100069
2333591084
881154553
1267053003
3381262705
1124918177
3834712914
2829927025
3747121373
3605172868
1696631556
609528695
660554439
1022996948
1852961805
4200740145
1242913678
4259291594
328874129
4135986254
1802439188
1598438163
1115735667
3919765223
97489434
4128078564
1635757438
747252147
1050640564
3598118769
2789703358
2007927469
575423804
1332148478
1260546703
2765003630
1363285108
2672580385
404543590
2989453640
710513174
1766653362
2163697665
827810938
4286211822
1675398266
2622197934
1332173689
1435347087
3442466591
112486638
2861974226
2659268489
1689643688
893596040
1099244016
2902728144
782258896
2809934056
3581765637
697789763
3950597632
1224439126
3658558444
1429420777
1235448156
3284715174
1232118385
3114983587
4032664440
1112992846
1918183500
171312984
4235784448
3215750264
4174121573
2380632827
2577604168
702800536
1276983234
1516247713
4280069358
2767591299
2932088186
787918066
1824179407
1305325412
1465172569
3335038539
1030288773
123884247
1517138566
2002962467
1161662394
3816030518
2494432787
2451817388
283135300
296403060
1725317077
3002348429
3168404155
3988762262
2606996886
1353447273
1768462121
570774752
777871492
2699909711
1689948029
1822665946
2761522005
3463622428
1426263230
186928413
3456179151
2722981323
4101047508
1497615530
288655548
128990303
1070641520
2174258756
452156459
2390332589
1560891337
1519572865
1133283485
4088927637
1327406269
2577121271
3918608478
1223433450
1840214620
2380546377
2234967931
45568339
2308476601
603877428
3083679539
1228443772
714999863
942069996
408271876
746565448
2002418084
1812827757
2788535936
3804164929
1015031431
3061405338
3456492117
376828820
3247051782
1219266959
611058114
1124779819
2706687840
1098636279
3866285861
2807230546
1091587702
2783866407
2651225351
3028002291
2981257335
3745963095
683845
1062172657
472931239
1308075200
2703347272
218755118
4020756069
2935006026
1474994182
1334006124
420220040
736592040
2761905530
660020242
977304742
2740953184
2127934210
4110002609
2323808241
682259502
2137102530
2460813622
2017596622
2429642226
370686014
1895444980
1043578939
1370593342
3281514303
3259446100
3629624746
600761775
2750229319
530395406
3210567974
358281488
198717939
2148913369
2538392308
1253487903
980673070
1430735638
2919367710
4265376722
145139854
2931190876
2983283012
900047715
1043018113
1328719419
1884007111
1184244511
1810342188
745061655
3126698555
4076994396
3491265897
1861980920
3718091514
996214075
531324585
4204702326
4009711646
3223129487
3391114104
798179292
2467195987
3009355474
2960359041
2784756718
396546376
3850373624
2726444872
2187942060
1401324025
3762051352
3413627394
3350963852
654256483
1831913397
2800459435
3845400240
2636255108
4276063169
2363067291
3716048881
3824391522
505177090
438807881
2513564692
3846640786
4056219345
1524870419
3646445251
1943009692
1387761338
3464481018
2640782939
1022913573
1708943073
1042464902
1524954505
2299154404
1487875559
329066994
56047591
171316858
4039936125
3998194812
3969137827
2896651470
2371000102
1957641411
2982659547
2212717004
2014939066
2134559755
1031363138
514469403
1620796940
1518331654
918047825
61548302
3861345838
2279180882
1256885778
1456341887
366858123
2800007584
867686673
2092011734
1960324353
1221847706
552328793
606515410
2745381337
3421643169
4066453582
1219208571
545825478
1052223132
3166831177
1750817685
930867674
3024536001
2863459217
2581286436
315207794
3780587601
350066975
69968325
2712811423
2800374610
981469001
3379162898
2750820152
872733889
2437923841
436367284
2201380616
1170207468
441382030
4285681010
3965251042
1332673082
2967602093
1080943249
2729834839
3709584278
3502716723
2083633647
1618496770
1466125957
908413752
3283488329
4154564478
3446758064
2602237833
2300488176
882071312
325120582
60406389
3635710346
2398806389
707752315
1270061590
558813493
3263703623
1328373231
1799036469
2506718443
1375953262
2832546492
2523784417
1804602181
2256038618
2595928670
2752441690
2983023369
2955074705
564221141
801509796
2242400572
407224001
1092883651
2035832670
875533116
1841005521
4096980737
2174873385
750777356
3405881726
1438060405
246956215
1629499947
3342709666
3288733088
2094788665
2609129511
2356205250
1453913752
3046537207
4250009433
81255085
3223074988
1459557995
1122106092
1810124808
8904573
3636436513
2713287800
4176241843
1745292054
2188797404
2726271025
3965733711
2060626702
664901534
4234777538
1258859214
2579832599
2419905981
148207248
1743368997
4162208047
721918371
358390404
2427765450
789360671
1928037158
1288418016
3233495393
3736397458
2293343960
1093684402
3627100354
483633153
3983929157
3250867100
2264679633
3113112927
1989786401
3448735419
2739521611
1745041144
3492579017
1676682657
3680456119
4161183347
174085680
2218488540
88838407
2393347022
462552039
228101198
2021349168
3875563505
2723765487
3071663369
1104839294
723122511
1272904132
2523041891
1512066826
1445819306
2880243905
3971812284
2090083121
3785106619
2145481587
2495237975
1841938458
1170366896
937218739
2448629307
2012048330
814561944
267727642
576863917
3264438919
2791070554
2348380166
992391345
2419453302
3139955156
4181978284
2525239934
3170881971
3525660931
2876389684
3509737253
3737771016
1239985120
147255565
2799724597
1008045170
4065203323
990928086
3546127263
2179521228
3747165717
212610844
3743195716
1464636504
3327658232
1705975062
2095438930
594990565
1306982435
3063296589
763692751
240073309
2777362498
987539066
2605237431
3691297380
2768243429
3403178412
1523439674
1310350257
823898265
3782723430
4018937684
3655729667
334672317
3890578884
3451856219
938291217
3479749852
1563254433
3091480262
836867486
146344396
3926298771
3054750863
3738986052
3299022960
4026528501
2988001010
31243498
4081133868
2735067958
1500005572
215369378
2927303203
3684891052
2101216125
2486360590
2469166631
3806548482
136527876
401460772
3896381686
2750520143
2153084281
307691285
2824961746
2478069444
4105701551
710049641
650741645
1895456963
3326465132
2636981937
2658960753
77784673
4257948876
102026024
312548545
2107281448
3933436940
658508599
980613678
4099932210
2549452156
1704232350
3962231330
3121649586
2689819079
3445141885
1076559459
3705691552
1308930158
2615054401
1563534662
1802166264
2751013475
913237758
3350045410
2090119175
3141030138
388690885
159458946
554214699
630646478
1249718024
681124738
2724813147
3041539149
3674263155
3107394260
2336465286
999920287
3706315913
2164369489
623775216
4180905333
3705413320
2559472381
1582956104
2757401254
2670504819
1092542590
3112399576
500700354
114684510
1961278014
2983642365
356719108
2822945777
3386705911
9679672
4123202927
3194367362
1549581684
3506327266
3690658232
74786138
1268971258
1986198551
390938973
1032977960
2894465189
632951619
1112041708
2137680767
990922636
2754781038
1000765584
3570230060
1069164987
1525766462
3727213286
3079453417
3506791215
2534988416
966324044
317192819
446415873
380219002
3386505724
1546644328
1309488228
733170273
1081175645
340763192
123471404
4200603574
2029251207
1936537918
3394662357
2050421184
2827943549
2476608519
4063899423
1945603323
3588225934
1532076246
1740609983
3929864900
533745107
2053405519
3096284403
4116627182
2538676612
3775997655
1598857019
2963082245
2620954072
3591119347
606914704
2088159859
1985912679
431717010
295123063
143295065
41989641
1045616678
2643907295
3828901175
1082251214
1995432786
3173975593
3152880340
1865038661
304750694
2988602637
2701583447
162822833
1758131270
3293445912
3038946965
1443432601
3443383167
2317939604
1514993425
2746750112
2675363708
2397205418
85641265
3487815498
1581866041
649696526
3663041882
3893240063
4096510690
524977339
4005298514
364537622
512402781
1606264692
162904717
452156352
1089258888
2172436268
350310786
458310520
4067422038
2920676306
4253181337
1727435971
352828206
750714048
882244336
732149215
3884275478
920951636
3940595533
2022763798
3896180361
3414289681
921976828
3439726612
2989406887
1134984276
2979540827
2018217436
3126836716
2253295848
2232260875
1165792338
2918878341
801867774
3079120689
1531762244
3354558594
3355308113
2813093502
825086652
3704100614
1949493786
1100995508
1788722523
2087578849
1328236768
1285470323
2484720590
2273948931
3346259267
1874853354
2469189337
1978194241
66183642
3774543102
3318604308
297948513
2256476732
2221208768
201237074
3826568948
3050196203
3153611179
3176696060
3145443730
2078515131
871410483
829346852
3636708984
1002477833
3867205231
1618203305
2353694096
3157210411
3982575484
4288779788
3096496012
775153665
2331728695
2898234619
3967382642
928342548
1445203352
2470402922
891772255
1019190421
927202507
3953353501
1354373447
2590287287
3772772227
3433480676
918877509
1286305614
2944345127
597501610
3588360287
792673806
2786619049
109388789
1995177731
2189213996
4192168425
505943327
388624355
2873089472
3379248682
3546840202
4063956683
3007232380
3179856477
4096862358
969076497
1141740634
2501401504
338943168
275797889
295134927
3153340981
3582055419
3724167256
545335915
1451127224
4203091982
1776241449
2608161142
37885963
3613165080
2374914992
399017238
2905321933
2109492460
3661731179
1852812576
2060950532
3191243786
2119247468
4183691843
2473271455
1141965190
1568835278
1388829247
1820762513
3151124797
2915915783
2575157845
1289344159
768300340
1521093639
221824720
1319584784
3995284864
271871152
3320241015
1917421544
539491983
1272634277
1469907500
957483487
1815201764
733404517
1215207719
2315668019
3151982909
2367781286
2298088686
912452933
2500480001
355605191
2374071015
3648468172
3700440582
1713457508
2032105201
2809950663
3132845921
2479292393
1603821946
1714925853
1396685842
2679269518
585473308
1344644937
1257743736
1079902072
82298398
2562568746
592644063
769809513
3839222111
1933939802
3101003379
1722873417
3888655575
1423115374
2029753269
2127166561
1708340997
24143656
182657167
465228019
2773585909
4185365655
577213280
2669512334
592605856
140634422
1540968273
2275490353
3495420316
3831937529
1591446629
2572857156
2594155334
2648759499
1007839523
2861270759
2355599298
3723530019
3599791114
3662165249
2741305725
357778077
3832519553
1136629
1775612073
4171201027
87511472
3700848459
3320545178
1444871378
159915441
685742043
3347525074
2152473413
2076066886
4250980987
969594594
1111647050
1157409970
4021559935
2772084783
1721926149
3860751506
1413177890
3888631050
1193921455
2652276856
2889256972
3079507701
876106115
981268179
757833119
1089668125
2673598964
2321783661
888637301
2652847255
4256113577
3593093946
1232284326
1661102122
532906684
2646289162
3461187954
1063783323
494376569
45995875
3090014840
1682314943
3811730718
3290515741
2981451464
3758852022
128310628
4001891764
3541647389
3179396933
2146198436
1993665580
1319943413
3002958419
69466959
3504049142
1336344713
2475162642
153782988
826188107
206894677
2270454276
2806989154
347003045
3639760100
3928550520
1731276322
4249032391
3356733036
2027179755
3387652963
2949930049
3727441915
168038335
1802187456
4272467181
1164415821
154718227
1260372872
924461563
391872066
2756916850
2991564316
13989211
2784281588
2182382340
3145719073
3049561025
3999735868
3789872493
76660003
3657195581
834806473
3165646824
497676107
2959498552
3134521690
1997452456
1122998461
3692533326
662655332
894703079
344348765
527666822
1706112272
4028563385
4111312378
1265509028
3697592885
4191162673
2494107343
366639984
2473390213
984227037
1959917838
3389441334
3562601663
1504724858
1783537785
357964962
1417720087
3881861635
309770753
3715652909
2122227344
1198666515
3577823094
1445145580
278613233
2045508833
2070940363
3866902259
3303484935
3002303148
2092227153
515663699
1977245243
3062127741
3593009512
814915915
2043765738
3763901742
3448560867
1250949440
817588439
2854346233
3198075456
743369738
802813448
3426852246
2144471618
1807931733
3718268475
1974672997
2820559110
4087077433
78851969
2096017884
2829725539
598485982
368930253
4138187877
4036852738
1247158688
2027951280
1675358687
1687934796
2052519107
3916769047
1142750357
1458092739
942378845
3643853843
4210319276
169677425
3543306895
2839300783
543270547
2092035376
4094960290
29989216
586295746
1954892625
3371050325
3139177168
452860883
3969463399
3016585624
4128274814
774621031
746151159
145927035
742431098
834614456
362643368
3234619750
3830865814
835421339
2099588901
3997262125
1973446644
3397738101
3719344402
1575202393
82186446
4294964921
1207652402
3746689278
3557516666
1215119727
2631588605
4130643046
4174260094
1930925422
1696516698
3932543122
3049718612
2356307640
3122943592
3693286992
760233139
2021801547
66595552
168311538
3108716389
2314130178
1093071282
3613429849
4059330529
2666430890
3500808146
4177287310
3552023227
3382052903
2565533902
826367248
3014043131
3812090868
1742620292
942277112
1930189384
3187360234
3640391412
389089206
2006971317
2045019067
2871998078
1721640264
2863985634
235426202
1904619629
1608638288
1994811660
3260262957
1128438609
3411242772
1728246649
3554610553
2972195597
3717517913
228244105
712437056
357501668
2507864589
482269930
4197809829
522321694
1789930309
1619428862
1790871380
3605674618
2492186956
4098299511
2409218326
757444429
663853051
3776591407
978170727
2987431356
4191223406
1802888868
1454702007
1967848851
566824941
1187542451
1711699432
588508184
3670676275
3889893947
3146709006
1514328772
3684216267
3495670119
3872586883
3085081541
1161446219
2234678735
2309137151
205350441
2166303034
1680494853
1125389745
2471874609
123535840
753511278
3911585116
2780051850
160661846
723026687
2040143714
569458989
55133844
2677842114
2842071702
3893864329
3288437162
657553775
703140284
4142399822
4077703010
1294331552
1445298699
3970575006
716065980
3813402231
1237012352
4177226416
1231594704
307400661
2555858354
2789443959
1872159756
4088462511
3359484449
2921293624
3855767210
1173591556
3920786991
2559947921
1135298137
3669998477
2485292972
3773380849
3119525076
4083628922
1599135003
3283520148
4038737007
1647244453
1759110518
2530266607
2550054180
2984037457
1409747371
406806784
3801476311
738039977
3695435565
1146864031
3359281998
590392904
3791203234
2264173704
1794322984
558335437
1027373868
1355958956
1118212675
1741137637
2423934345
2752664637
967735524
708335520
1997865140
4053557645
465341483
3999752730
3159091671
2580475334
1647713115
816277423
1546689105
3796357225
1258833983
1000310793
1932524452
73252987
3822154510
3858462434
3719804591
2807660800
49672641
3044410205
1405474789
814466888
2134426982
1807888175
3409631066
894575293
4182159063
4199153722
1080933040
3734647603
2416688388
2003524474
2608361251
510122012
189416695
883775394
1859106345
1144475493
2296291675
1099716217
1088544542
3481601811
1527101157
3538125104
1996702473
775005041
3965678838
1349257874
2488916186
3169429384
4185489760
1928121583
2796245887
2365532932
4199911785
2640354698
1601950293
809878907
656363663
84524622
338518797
2277972384
4201606905
846476386
3155506983
1517482516
1609589201
1417818398
3663275708
3764990325
1863018762
1992505542
3455821981
1287507427
3467436236
2038091430
864374943
1760480248
1755489546
2328976924
51678162
2459943280
3288207515
1560352512
341738456
2790268144
2383038066
762279717
404362632
704001794
2680637127
668934063
3449198956
3508230259
1965627520
2061790112
2924172618
1759628464
735547507
3086337892
928656186
2848543722
3699919323
1436737680
1519662753
1451127525
3044898684
1157944504
3253458411
1737125445
2522304261
1206251389
1481595923
3150426795
3488641268
203642599
2616731688
3300157784
2940694042
2913657250
2502260885
2969176672
3271281312
1803610050
856505937
1117223708
1725649241
2584096758
1234186328
1311091134
17760661
1674768345
1977369677
2210949669
2929467891
1957836698
2143735875
1808851341
3623415468
4156913232
2816559581
688015889
2300982807
1925635556
1904077336
3873153484
1035772972
3949481016
1875584799
1855193159
3287634967
3259424884
2208304656
4290842444
3489803119
874758945
2923306547
407258085
1405171800
1283568802
1963530522
1805320597
98156952
3388031650
2394595642
2275990229
1349696542
2094057315
393477401
3538172720
2473381811
796226260
3518735174
3290256802
88070392
3990773615
2509171050
2746549028
1605254010
1651887766
2105204352
2138064674
2659275192
627618302
977804465
2876369997
3038789756
2353048662
1814470981
1985986677
2523016120
1987739523
4096667383
769874266
2846826303
832930827
1784656077
2107976635
596440145
815590822
1772479173
3643138662
1844953314
967519224
667594388
2995089304
2448569325
1450502820
341948437
708108263
2751727170
1998692189
1039731634
1297671336
3378537907
1259703574
3969715903
3481684781
2267794210
2531086449
1349155128
3739202267
4078075459
467286700
1101081257
1755165012
632722663
649869796
4121728278
2941819740
1958694877
3563067673
1928659429
2488495542
1007300621
293556210
901713619
2349452401
3084057509
891039813
4088215349
2291747083
299359421
353208014
1962446993
2848623838
1819678840
4264017774
2513226390
1034120638
3699483733
2848942231
1583176916
1686769872
1999469320
1672359001
129274446
3990134567
3503522456
3348956242
1061611961
691278510
2592077378
2774160097
2926493368
3151074066
730982248
1929525659
890851867
1410265817
2230896950
3050124460
3978640239
1751760704
3757143170
757656075
3007600498
625015817
2980036490
816610795
1797261839
2436935924
4191750361
1861936704
1067713573
700630282
1647278839
3532772895
276062787
1647916439
778224990
1463717031
1810612379
2766697856
207133306
2858214759
2746998727
1481599952
2252810263
171165664
860617777
4123432666
3341033475
3019055465
3019343488
1087332593
1946840711
181892571
3591013398
1114239201
3257130229
401912538
4126653505
1565891327
18242903
1829659572
1517199379
946765179
1138149529
687083206
1827034397
3150677631
2365244546
1916920394
1565808080
2374727386
1280228893
2865689580
2353443374
1577971193
1578065841
1220390296
257532395
1814002958
1476310338
2162267241
2738696202
1438495290
819363683
2981462650
1619516645
2047275061
3452630876
2242895836
325594658
3077849222
4039139599
4003603137
142964449
3975152007
943673200
2964292733
3520915437
1768068634
2833167742
3902275419
883129155
1689784519
3571989020
2419915786
1351900573
3832618059
3826056967
3147525874
1371020554
4076571703
81901776
3409537632
2234362610
2207070278
3247322544
3687128006
921193491
2315795045
2488730480
3581578825
1144299516
2833564129
1392768723
643645631
1534180086
2050262217
3478709501
4148682597
4279541266
3315055406
4016319328
4148398075
9403681
3298304482
4112118615
3197561773
2019951739
892682430
4253402071
2607522618
2376817168
3310074294
949586384
4154158477
3153350787
2849375373
1510395053
1985992327
3082431399
3211486905
3106204041
1124959854
4063092812
3478602839
3063855047
2551411292
3544142412
3490402476
2955978254
3301173621
1142041555
843178246
3687341271
254337122
2678043876
749889614
2218087133
388341531
2711818844
2468154825
4245321774
2694676819
3883734270
1476252083
2035279688
917748341
298810095
747475352
200994764
3222668579
2238772491
4259495566
204055522
4091828446
3261921804
1412530385
1563804075
4098004195
3309892857
2806905745
3841359802
2441546666
2034603414
1564114442
1628047702
4260050252
105245149
3528454932
617558403
1398529685
3433378629
1528280994
3194334116
2412450189
53915671
1192263230
1830313037
1278526564
3196496220
2195724268
1879028207
3046376553
3582681663
2143704981
3668781128
3518054251
2822150574
1769080065
2072678403
3510346519
1563432295
1849253030
1212015544
287972353
215948089
190011215
2474464731
4202112642
2711742272
2289249296
1195828848
1323112515
1524314604
2255156926
2631696325
2962431565
3618400360
1611228339
3519377566
2430837529
1100573158
4156021650
2694270301
2854294434
3382843305
4026637098
375119501
191181499
3723035006
2486568960
3659904136
3687267436
1356598701
236704042
2973699035
715092613
593838200
4053448494
2630794090
3026611662
766102040
2184339491
1736298072
1588888369
2409457853
1176337116
1232592515
3833020236
2547322025
210195253
2746641448
4150629725
3972979716
3150733108
3326726715
27609220
3814895335
4259731886
2965110749
3842621154
1407190765
1984849331
4245785368
2821767238
812970909
3050486637
2620066776
2953801357
4204232774
3091421667
3009773822
2973742269
1692239284
2356498463
2572974615
3856068567
489238045
266354413
3166316123
3101013120
215478588
449224474
3292093496
865381978
3857673543
1448744456
2402272264
4153309505
3099513121
1389803446
2066058770
1953715259
1098051730
3024916717
3812436108
2708627448
2166445513
2778154833
1175413029
1817760033
3498947807
1552620824
546206536
3723968820
2739659390
3742746488
1212625363
3384090252
867672923
2785087817
4073010952
4249212501
825456348
483519732
265028587
464083676
461873296
1478078138
2995451869
1938650272
2723577100
551263064
869978443
42253992
409529421
3752353250
345790654
3074403318
2767941985
4215386215
3937090612
3965248959
2165429465
3947212122
2799667265
3488091075
2263743850
2585637492
2129196482
504447159
3975218356
1296173737
343771136
3914568288
4264876671
2706571173
2390198506
3055671882
1686976943
3964632858
3232291968
2094601399
3845223022
2987749855
4144289167
11195984
390086226
1168670025
3351966389
3417972126
1416697013
2272661056
3941517613
619461060
2208796716
1749216817
1198544900
3036180734
704905890
3830726244
2747352874
3120750409
4011051471
564049257
1778425606
3247820548
626566287
3037701804
3676843246
1942590384
416169405
3856823788
753209764
3214938404
2543748853
2526875582
970497728
2768247428
1126731224
4171483215
3667236934
551938903
3659653558
1796897744
2624885162
3479443604
4181272661
2555035402
1912200450
4078472438
457567112
2234020157
3009117065
4042305576
1399169398
2923964699
1373569458
1606103580
1492401010
1515891719
3606121404
2218040155
707331892
3689471098
1719000299
2477406722
1809596297
410649962
2398459914
1786644142
2156921275
4261107758
2903267384
687636798
1560633597
1339802246
3562212377
481972366
1735834654
2966051626
2141886337
116415189
410736951
3564664546
902311375
2913791364
2626172817
3517838796
2218403659
2081455450
2012211800
3863540613
2380344221
3230253773
343507691
1562773624
2333687979
439647355
3813896807
1474025839
3236979690
2111880230
1110839943
216360243
1776769255
1679055700
2130415613
1208394709
557677325
3857912699
2331031712
3603379105
4119226665
781800556
2478867330
3412921447
3803389215
4264806029
3662636307
100674312
729084112
252921674
1733740370
3809658608
3916703927
4078769285
731219946
976837693
1602507374
1328041725
589355769
135229981
2080133961
1166636569
1359387063
2605156491
2666202570
2568491740
3150442596
1619665100
3511922356
147457681
2260691851
3270859214
2243643537
343581462
369223967
194484778
3491546247
621642428
4086683577
1750458239
651148952
2470351323
3670781888
2505751159
2660593361
911441329
3053694735
3335896308
392957707
2729590234
2357644221
3877018119
1357818415
705666930
2074389038
2879084820
600436049
1773084977
3594664508
2711799024
244695184
3420856700
4098737859
702053528
1566717546
3996179359
1664302729
802085780
2403539403
661085433
1403355521
316084717
2408925351
3702276902
69616044
4193526484
527456587
2452410744
1243627609
2182298795
3664979974
3080767529
4291005368
977550634
1807942259
260848817
206137963
1159803194
508635988
193837831
3337284142
3312316823
3691372196
935534004
2001956683
4171841301
247503566
2683130112
3454656270
459737671
2858601800
699124458
1691756349
1031606355
3430373456
2227451944
4213531419
4110157822
2763951926
1206714356
2501650191
94663238
2776614584
1583051556
3152229044
603966385
3487672548
88293955
3090990852
805928278
135623081
2492926436
3668192174
86720440
138196323
4105125872
1513232922
990746540
778762915
550725819
2091362398
827020344
2347478857
1625450473
3129313467
344532447
2012077021
2151507877
333167873
1368793730
1766484471
646114728
451762656
3007442338
268898713
3731225022
4051205307
567995013
1946519691
3232356777
3413493303
1813015924
92911254
3232535562
1269563900
3639213277
2047045889
901500126
523150448
3012307947
16309582
3768255468
1407349201
1765147335
843449052
3084738128
2374510919
1455378234
2274214664
3586069435
3131657118
4190112790
4026231244
2311502476
4065232403
3250612499
916680151
2262063014
3382503098
542740950
529332334
2735300789
1952297090
350141662
795338078
4018044
3340243779
1469511910
3893207381
83796925
3065299489
2002684805
2161728188
1282670101
1224086405
3350448420
1292501944
3146266568
601492290
2890642363
2603342942
683136839
1418886062
1020916696
1751808569
3633606665
1655013477
3416017372
3114873832
986949635
1541649173
1949740922
257099149
2775591792
2715131724
1996455149
1505651434
3700585133
988470196
1108869702
4251722175
795154424
584612552
2690577507
4247376454
1673258509
1926036324
3546485383
1817099138
3665073299
3503762468
64724295
275408690
117796540
2842729236
2003523432
2387359147
2528117883
2544078333
4246434312
509500407
3905718932
2439898241
1978683232
120991992
3529655528
2738834663
2431818773
407159136
970626866
993197647
3701201314
3162810348
4182844701
558677231
2979312748
1697155954
1153695069
1593439267
3482372393
3889124589
1947969249
2263697925
546672433
2938868284
3727493826
3427216836
2557180985
1905643190
2772558025
4153501664
3911678817
3573157523
1867292992
3835276293
4108863103
1693579475
1774025055
4253825624
4146395931
1740263151
1030817574
3376317903
2139433401
3412731688
313565858
1816229481
4204664345
1774287584
1989698511
4016406299
2566451825
2411075752
1512427183
3513633120
1292169975
1802429911
976890023
2060630459
3616349088
667223875
4280804506
3772043863
2879178751
3585646921
1173330475
3561621644
1096888759
1698346875
4010934934
3938585361
356925028
3335146695
2146951188
3084347708
586602736
2312951522
1460004742
3542825307
3656952130
2394992634
2900600081
2253938770
1221872447
2787081583
2900337160
3900144368
502308162
2323787844
2675633566
4157824324
3188483981
3423059453
2273814992
3663804667
2486930333
2031707474
1328964414
746818508
1846603430
4009634993
79240137
1316229216
3503521078
3685644890
1622093776
327238217
2811359056
2995612630
3320282880
1146827854
3872120139
2003668251
2852068314
3722841273
54292103
3506653137
683467913
3707430503
791041943
3514238653
1293234903
597003148
1408444929
295754106
2361163842
3442948602
4194071493
1538883305
1245555264
4151868330
1940152993
1610859840
3692422221
586125786
2741176246
32040528
2695098883
2233233394
761990873
299234649
727758095
3811709204
3007342448
1621837071
3807846267
3415008894
3537732311
2082548334
2098655598
590153415
1599395992
3661545574
2096013134
1370662831
102430266
435690022
2870733730
3238877057
2711368825
3556084843
2761581343
1506929117
1159564027
814130913
1465573947
1129786552
2722080752
2436038419
2797569545
3415582107
1052562250
3800511757
2977922369
175167356
304216215
1143736319
504178061
162375506
1099699597
1056383332
3087966252
1704741666
1937950260
4019214315
3806904915
799694546
3577633202
3921203422
702135181
4193316854
836287046
419633800
281756351
1420710156
1812971068
3509612343
2357171396
3939369171
2282137215
4179292464
3888015314
2073834336
2074264822
2237146496
2434129352
691341634
4210803643
3450510215
3884950151
3375738808
3233486159
3230334159
1383433005
1347283502
500182980
2328738671
156186143
3357052464
3932514175
2820781811
406778276
422500836
2651524111
3091965153
3322313922
2459013556
3816125377
3423995346
1371440627
4294473499
2119478140
902307613
4222023561
2660919919
2259316810
873347676
921775623
4036431615
1019833565
2157420365
812089961
3791223232
3855438600
1166123529
3418698458
3762612184
2910943410
1870951194
1301824106
3292391389
3665693734
822724802
365393783
3989416596
3153246793
1539134967
3035076949
2754191963
2878239858
4182553028
3537972831
188871668
1859075283
1561636975
463398840
1048917014
545360538
1717692931
577808839
1235392052
2872985960
4124350502
1591332702
983309865
2336989432
919406823
3838140466
589593610
895209773
1073266784
576582629
1321203159
2266050974
1749824581
2063692205
983882855
75311937
3848002789
3050754822
2578897101
2220360412
2179351888
986406068
2292636636
1346042104
3487098132
560392585
264367410
2875087536
101919180
582534973
268952070
3752746544
1221979924
32295678
2461413021
3526156442
3194202195
3888916158
3985448903
3411390796
1705371516
3311897131
1753063594
2226682001
4173914580
306674097
4062787592
3036369788
3188453291
2546191679
262603740
3116132425
927873834
1160862583
3762047732
2249305192
728007367
1645088217
1693883370
4040621956
3149779618
1184219603
2321908077
1488926076
3425853953
2830998357
3942047742
1880572190
3703576717
1151777979
2109850256
2273668045
2093130774
1802561222
147568340
1649815662
55057040
271504771
1268123540
4152173157
382475767
1476535742
3552594100
2555762897
1558961282
540332221
460494919
3138807354
2719865568
421029110
156225195
3725640513
1508877242
1445469784
66587365
2370954707
4285676525
1267931384
1101347608
1087599866
2617721192
1939824610
1302823057
3520739010
1327291588
2237166054
3797891501
1403571519
3609175596
348847103
4101103413
4197686893
4233576852
3370980928
1562509973
1000649275
1116418182
2919164811
102604671
624746121
1356022174
1895583505
2478228616
2088786839
1178188948
2657052270
3131624843
3443858490
266595040
2196245215
2402218310
3772423812
2780900958
3089521494
3576127767
1904386945
4102203714
947893008
63428178
3342434481
1065710020
3053280200
3024418133
846054473
1675946502
1811458982
873690963
2818951188
1112376289
4100721167
2167267676
3260526715
484994294
2276185907
1537428379
794359431
631204309
4187313208
415767180
1474728666
2152514341
4135509059
276315751
1020624463
4069027134
4108843695
3581327813
140950200
4289373034
2070738736
1291931068
3448199975
750528161
725015950
3196672307
2257628614
3056479412
4055889535
2313970117
652384475
213738081
575398315
1930841064
1389629790
1072211040
3186317261
1118747158
3816325991
4071661365
1652751004
514547392
1496821343
4096391884
2406927139
1642820168
746499755
2930322670
2127920170
3344812949
1252603811
1460363142
3274805967
1446981798
25599048
377081008
1721557159
2132943731
1986626981
439476215
2336048403
1867091893
1317811027
3761404960
256508186
741887108
3749125612
2424517195
4024169126
347160364
256636916
2020120642
2902693710
1649652665
1960708447
1297944661
1414729582
1674124399
3525594196
2238766752
646086059
3545177683
2882470124
4002342080
1316383197
2010009329
2733517326
403336221
598145242
2593651272
3866229195
4066407727
83298376
483950941
2040970142
1554993197
503098447
1460936940
588781665
2749194169
1480832387
2029119929
1651859760
841457501
45564354
3003034721
3608678879
227163106
4055067780
374053805
3957300110
3098580725
1845787993
2753877536
3165090584
3348786363
2287673145
2116681725
2175594275
3753536580
1743450770
74898875
3098840947
571144263
47231039
426304192
2804477637
2351784471
3496716192
3538145236
881384110
3068551797
3177770811
4210141795
1553544737
653086879
2228840508
155089874
2045039766
1174399488
4004246064
143916439
3287555638
540122064
2430076863
2054692721
3413371426
1152916229
3343219694
3964540862
3519857763
2953250759
2325309211
2163328371
52737998
4011825750
4142251657
3567568631
1883839531
1170619994
2184006933
393785811
293483181
3982986177
825992592
2776276950
253777699
2891639853
3776298566
4225689519
87767630
2454289030
3070321584
3075125870
1641220596
1495993664
290452670
2728688211
2966975517
3302938219
282258763
4040570849
3902962884
3538614810
4080207049
3666806737
2844479247
4229937190
3440878215
1250600945
2322603093
2095049942
894014599
3812740167
1253966623
2927385813
312857333
1586066749
3472747412
2729246195
1097839273
34464403
2417893808
2855871268
1796640532
3082632074
209253020
2883135659
1203365866
833314897
3923988206
2764771535
1370926831
1607421776
2864773812
3722416449
3395893498
3757300359
1292973181
244585913
36749211
2360152066
2299261103
2298333193
2926404238
1632091987
1440238335
2608500590
3876485054
392871608
1679985581
201561992
543946859
3267623912
3605716547
2385708184
3012328529
3029991738
1799131027
1537790003
784212811
3729765149
408812182
3932125500
1759595517
4004290235
3659510014
842311265
3794355799
1774248180
1482464209
2305973430
271799905
1407476769
4059373792
94740983
2707064181
3647492479
2684526677
2791195943
3614943210
2031262862
4110587678
2188944768
2882298850
801001543
23363406
2575140694
881744518
2693760603
1606160814
3103771240
2374158111
1725804953
348437074
19827744
3702947595
466770907
1407530231
2830328076
3869383892
1836763369
1360632653
2850390768
1007555418
2332758245
2419511711
3713176599
460468941
7634418
3849544706
1089959893
1473372710
427400949
1871207530
2887263822
3767079822
3697181413
82062059
2325259985
1947367007
1138130444
3811227346
2399613525
1156781151
4199412431
3903316877
1456859715
1132924840
3087529796
3083358507
746968669
367252694
142832756
4206107215
928609591
1835814091
1055358551
1139369496
3382823635
2880258737
3074236554
3978060716
3799942651
1189012778
2481536446
2869768964
1579021730
510293316
2273568781
3337851126
665425122
2302841268
935497808
1032575298
1186016893
1195135808
4201519189
4165264861
3881645191
3869958617
1931101355
1450714824
82048353
1336997751
3624721563
921140764
3482963440
1638968964
1221787335
1545235824
1012648072
2448871804
2290254473
2704409124
2921129991
1664232668
931504563
3122294630
2833586922
58700156
2506071234
3592365685
1335683436
4242423779
3261243700
3300133295
1544434674
691563467
3538669006
4053816454
1519350884
2260368739
2486010759
3975360860
116553105
2843114496
1104447735
186234087
479675650
2217154266
3135901143
4033088228
3940740767
2792022886
1233682225
3943081328
1783733475
1085120186
1004609140
2579227566
4242524297
2575493165
1472989696
2698731881
1886957510
3515469609
859628880
601488834
4047415762
1529152216
3168332308
631666136
1653655383
3748291555
2366183014
3329410219
1482163119
2756490048
1289170374
758580998
435971413
3189100557
1356756343
89290398
1025889230
1655460582
2224556983
3769729470
3907436375
3343747935
2793668735
1667512179
1589291559
1377704399
1492180300
1736548188
577539272
1262824009
2024548495
3425837517
2596371762
290042072
1934796578
674600954
3814862065
3891193273
2864084683
4274785761
3553003827
4270618864
1840053253
1151135288
189942033
4010763879
1073192441
4116477026
668083958
4237255662
3754642678
4282380676
2292270011
3662806114
954682604
3288230671
1961196762
562981874
2698208854
4174745004
2735768606
165648922
2200822906
4069874810
1140087713
4047173824
3310592293
3962190043
594628759
3238865174
136134619
1080507618
3771838401
3397244321
3481310282
1222568562
2370150904
3985006399
1576618925
1260152858
575792760
41310756
1917876393
442089927
696044632
1732189003
2743744666
1265692634
1946136547
4249371234
1848947297
702413613
4045867617
4201483518
1128824352
3650004478
1777071324
2765941685
933326290
2668869858
1144587012
1631405824
23828234
1109858502
1424141386
332507864
2083658735
3436811910
3864295851
4247351160
940567296
1876747782
1340604421
1690644441
4120643897
2944427945
2697545479
1951051175
2116544661
1016268607
2281369121
544015089
905311700
1779786052
845170126
2609709835
2167582224
3510614852
3481430843
1942510454
2686607590
1136509929
3975979628
3359031098
3503070287
185271058
3116720030
608012077
3684158357
2475972482
3635784099
2113411979
2193603264
2150746542
2520228425
499487
3642975009
3082852568
2652189138
3008953312
3694623643
3822749875
3619766068
3055697524
163255017
2356366214
845899675
2925775959
332516417
1239186083
5261621
2742250668
536930911
398443277
196108603
1740722143
1313092770
2343232858
3451842293
3958305030
3386402046
3797047368
712604427
4175315223
378455137
3248123204
410976629
4144598608
1962374673
1540728554
2472208783
1621470848
1374606436
2241018641
2959073788
2494955254
1577783439
3603872288
1728658012
1657154903
1388695479
1859744047
1932131065
409263700
1327683124
1952944957
2286877852
3677400970
384354706
2039720494
2308296276
1349604765
2320613185
1090748641
822790576
105115732
2071264165
1316475437
3627301745
1232145795
296610811
3500390974
4199889646
1215009816
1368577527
898835457
1515402078
4174107649
1501933909
3442326922
2893987326
3570205046
3034154339
2287394537
1924627185
1940526590
3690632480
3209338793
3254278558
1208090374
2869083716
3914842978
3818965503
3245153056
3984690630
3245789922
1182494142
2648932906
2857699582
548950986
1567530373
2741868874
1096887234
49316475
521808254
2719526249
1601871090
665853144
3537298840
549985337
539779472
95272061
3016315439
2232311153
2918736878
3174731047
3278400067
1093078395
3847760226
2234855170
2528422881
302381609
2155964054
53662644
2528090359
2783173035
1264544273
3922883669
541044158
492389665
3416983986
470212454
2422593650
2236729580
151019372
207063349
1142889046
3033846949
4294754208
2208146915
1880571118
2659118474
1640110338
3774161918
3172497828
1316950355
1184572634
2466888206
1316657815
2503066168
3710833292
2461889115
2262237587
2399878835
3952067361
524623030
3616334513
3762050776
3808462994
1601673012
3763622422
1735174818
1640811608
3489517224
667930933
3981866075
519825516
1427543064
4232437269
3502239502
187618496
4235283081
1995204390
2931934654
2705368032
2479302059
3207841350
4182786576
353281762
1182274216
1838901766
1757572694
1359616273
3775785951
1375044011
2463181265
2921924730
3290594421
1617356769
2166125029
2963513590
304591291
721951898
2921293542
4181089089
587497998
321118475
706576400
831479690
3039659655
3118469274
327173656
912171239
3474223397
130012398
3843307159
3116494937
1341596381
3087919665
960595124
3767117561
3984475162
4088975579
3896723962
2340148755
1308224222
3027541044
1146225928
3036276774
1719843580
3394898724
2488508838
939092313
2604313246
325615157
114722177
2993576089
2293064779
3969689739
1720386983
2777169087
1835212564
598024936
2936301822
1177438774
1595802350
1864169650
88549885
2722681684
3763270175
1415074287
4209099085
1834972492
277379254
914217474
3244631159
3630945066
2951429130
4226727524
851289524
3374798915
2224400370
390828284
2862872490
3375855741
3298448310
2960015582
2457681353
2461785266
116194731
4034509640
2664712599
16705429
3810056863
644368426
3583302974
797218952
4197422210
2150931515
2778851155
1214131273
3461365231
1798741866
2722558888
1258161365
426167351
3781842891
4201486667
2458828927
4246692940
3359541233
4184792181
1394173687
1074803386
579847681
2397472772
1906096886
3699990470
637145623
2442076804
121633199
3186552122
1704919969
4205443922
2055632218
324600777
3097684523
1045056595
3317942116
229786257
761202789
2808318059
3390246624
3289483613
1624980243
1607678292
278983938
1896409381
2214309937
1567812117
1001540425
2131377478
2960929
2421148284
341011104
3355021914
3241980908
2321761200
455744668
2763606963
27497943
3083636059
769664500
4071077240
330572624
477782447
1821814401
1749098779
1310035051
4013937728
1879005700
3741895313
168083101
731573384
2459361775
3597650883
4057532374
2430002015
1029123085
1746088459
212578068
1480915854
1949527506
156235791
714923662
2580637477
3216270477
3616078113
1206111192
1314324074
58780691
2584828764
4289000680
3255835107
2248965250
1010845834
3264255601
567108001
375685711
2431819362
839010230
3722560094
3165496209
1346808528
3347438287
273246987
840554650
1692794262
3229213735
4249821615
837221358
1253671792
2597239018
1184963107
2712668175
3070857634
3201905451
1218096425
2776194158
2430276276
4283414388
480785036
3292510492
1271398662
54385960
3270227860
1860357213
1054833635
2619183186
3319956960
581341105
3584922827
3432379279
49812430
2549746770
856655332
3662546277
258961146
1478752113
3024645474
25121540
658222100
2989725351
48993264
898519959
1318074023
821437310
2242680868
195894467
1493075918
3029037661
1056668538
2648970099
887114915
2807804942
867315088
2243770687
3947030750
216161562
2438478715
2374061894
1560930228
3324919871
4186295191
3225436195
3507145984
2651952611
580475637
2907737468
2203090549
2489830955
544420374
2513199573
77610981
1643779173
2787118709
834333706
1036015458
3186050312
1035867143
2581225364
162641429
1358224749
3758494017
99474870
3193316935
2491783449
2912190354
859049608
1455962563
1617436310
2104453068
2336358587
2602286718
4034743816
2178618041
4242443209
1989561763
454723514
4191463679
3149879038
3217866386
3281676354
1633114675
122987152
1714775392
2558326637
3089208959
2849288446
2425616907
621488654
3663570092
3778276138
3315293200
2738277853
478800639
3883164029
2730581315
233875353
1870120735
460300513
2426997461
3581324631
2297500727
4293901477
2362943928
1413465927
1480157244
678021305
1182428326
422119445
3545037090
3350365342
1240403563
3971225345
365043278
597933962
3107563053
3438872224
1973712525
2467355355
3518673361
1765674216
202487999
12839995
1489268895
363188010
2120966717
1231642701
2137065553
1943076116
867795045
843886079
3569491566
1670971391
1754967182
3643538152
1050061374
2851350215
3441861894
274086225
3067477728
4114068966
1212751469
1091334187
706546105
805057933
2986253362
166497159
216035523
4273976172
858925160
1637124259
2135249785
244781543
1587781939
811209764
1740762431
3355293726
2053083212
2156461957
70965643
3146994828
2427777507
3465318077
448589473
3723748750
4182837464
2404512059
3594601913
498735562
3674487748
1023210788
2979037619
1215479658
3883264852
319393359
138350625
3144138664
212233825
3293672392
1700984038
4091674574
3773953258
2448281165
2641862790
4231488055
404080952
4073965300
1710649759
1828163554
2322315680
2809480724
1369869666
1517204584
3866689079
861943829
1646580483
3067480483
2337345158
1232526566
3722234475
868848891
2693535731
290701857
382814666
2984317441
410194323
3557365554
465313465
1982488979
765941445
1860033719
1847471386
1393266325
2122667258
1445267100
2451591085
2221998203
1403169718
2777480239
128666778
810066658
606926052
2175048846
3213076100
2781979158
3867121043
2288387030
2225532436
592960676
4260649066
3138361903
2129919022
3322489544
2858664292
2717506173
3553128777
2418545986
3497483328
3387842695
590960967
2059775525
790389099
3902526432
1501309457
4098918837
3547083519
4264612676
128620520
1493950364
2055523198
389827415
3353685612
1833528482
1615692633
66033908
1767787510
952295097
1574506593
3134790231
2008802033
2387910686
480095610
4210777736
3320486122
59730466
290574084
4158779524
3775683182
4233148730
1066895238
2768090499
4210927516
1404073681
1633976358
641199649
1177033924
12453044
1090212272
1059387597
2190024626
2345327872
2703173650
1301446690
2500865850
2793355600
3254103914
1139493230
2801395189
3412151377
1986609304
373129267
619695645
66090970
2477277995
1526355689
1207530892
3730054797
2405793525
4135840187
3137940161
3172124590
4162088163
2275825586
2268784837
6150224
2738500134
3169666744
1730717007
3747873786
2990936055
2609206142
161657423
2423278432
3573427593
4104531975
2496327722
1503430259
3424285317
1626736335
1459398056
975123514
2974498690
3366444536
3465860599
2991855796
4215057734
2843476010
4169918407
1314712380
2668859498
3906426427
1103009893
747800973
3232832665
650961206
1877593846
3019346003
2760847937
1193201534
3114177406
1167996843
2484879767
2827971208
2890502977
3990128495
2627587684
1505646522
109265553
533313235
698916599
2443759196
95682530
3853847772
3380967813
2767099446
623693027
4096554537
3404736513
760817676
1362422606
704658191
192487367
4003260405
2847184268
2361380060
2181645813
2100077290
160477233
3853030552
286500596
3183025142
170504532
4294833025
31352766
1313379509
3124731098
2886818861
1134232968
4230449652
1902726711
2254816029
1213303379
1761516538
3072111775
1243939251
3724854103
4195213821
2564736737
2570071268
817460009
270798781
3009711304
688324906
1429389613
147614271
4050995333
2493953439
2385654947
3247352543
972225315
2295210190
589539140
2072593776
2340542852
727222581
247344013
3401678356
3164343288
3397041894
919048600
4113061633
3114272855
3206929571
2309354855
1922470720
1012391442
1518377898
4176258359
755936362
283764505
3309631331
95259926
1447420968
123450868
585059254
3095702764
1304227420
1692209350
1536530710
4167565582
2404893159
3920675450
3362290065
3247249791
213102026
2478439660
2082805698
4265909485
2064706834
1271669072
4246415206
181735121
3688918177
106356951
3978306555
3864204888
2888427278
4120963601
3672102229
78305609
3810747614
211665333
2428549022
1756552036
4035398377
4293035890
2601037061
2704659509
484114090
3698712283
3642924058
2228543471
2581701018
1390154033
3723102479
424865602
3109727064
4210700982
4064437137
131938170
3006339101
2140940085
2782772597
4024582704
271098775
974977671
1426835977
548550414
1548618317
2087519496
2304920201
4039835868
3441826703
1315791903
1436363834
2716333910
3456221205
3798026635
1265120127
2265711034
2629061168
3189012188
1394285821
3158587642
4099776955
29603291
1574612573
4241135084
717982119
451778696
3139063340
504050565
2420803792
3653879713
3900673056
1813044440
2822992173
3691548996
2617827923
2491449056
1590193228
1532534699
2144665922
913311451
3084557345
924253924
3822229084
3212843785
3234968167
3552552762
3978817805
2817369550
2722540393
785390889
2943182760
2127346276
3162140355
3319569109
3595617024
1280568934
2415753607
3670709336
3184346299
1462400951
1518098662
2720479575
585252556
517772980
3482264761
2995890386
187677726
2063664362
510887104
1016398083
924452596
2308123545
2031433986
844058299
281541583
1347597631
958730274
914722255
3300504549
811739109
4037804793
74800748
3169802567
2286489549
76495293
1627883459
1273301407
4279606018
3976673412
3842474665
2648500477
247783126
782963574
3940405300
959734213
378346594
2614524257
2586520173
705764339
2243213355
323892437
2408216315
3684158409
3913567671
3570417298
571877893
1686392927
2730181052
151957796
3459629248
1465869529
941049675
3302287363
3973233046
4189442952
2372731417
2392844985
343345674
2399266907
50256030
4052749343
2796464857
1328775857
100261905
3284644187
1841758841
161949839
390707054
2496626165
1800355130
733499616
1189991500
2688895853
2674470736
2049143960
3519732022
1353946263
316046404
4216849135
4150967688
1653013295
283154492
1799207928
3594528503
1310812803
1002155805
492783735
2003546501
3206631875
3065604369
3956683808
3222291531
411508969
1723332159
2772740714
1971817817
3916471156
3808656946
3177206071
897791756
4259316255
3246897359
1866486634
1091036524
4262969130
171743172
2474755030
841562818
801769496
3666993190
3113839823
2931897726
2930330773
3711952604
125550852
2325469846
723842579
2710716999
3891859793
3662042938
2812642888
1211646737
2712737734
344059303
2618406421
2384025372
1344910365
1249053289
4248637238
3325724418
462342649
2184740316
592005072
723213640
3264287604
3444058655
3740692274
1041986609
3060436819
1070032699
788022588
1932160952
2394058412
3153990363
310241796
2385712410
2942656952
4234831139
573762727
712668012
138308682
1579946097
1515617575
174645321
3525238822
3229329118
3769679119
3990750788
669342884
636689370
3078090121
2323432597
3728215801
1414982950
2648682811
2823880360
1241556624
1308035304
1710925262
885456424
3373345480
1608801029
1333245880
475300320
903052092
2580300784
2670471621
119060797
2361992448
3197646208
2158815107
2214323534
1346389018
906414673
1987864738
2364276718
318204842
1625473300
2426372206
2926135337
565882664
3426019114
1552305236
1208819024
840402843
494328915
4210356722
2112076021
1169596489
3415880546
569878190
861559052
3730928071
1327084425
3737975906
430539282
3584724290
660226451
3334674131
2538442792
545290121
1505293477
1725247402
3891599000
30450703
536521616
2288527838
2525305122
4263037577
1012173027
4022179298
1049889824
2015279137
2741535987
2239873351
809494279
834217268
2338321553
3108881959
1484383295
3824200029
1979821171
1050123473
2245596679
1677609715
3280826844
2750253501
138796866
3490332589
3503803788
2498058200
2391065571
3859535225
554179120
2624441231
3880218602
1296953283
1776340452
3747644022
2703684353
1494992867
4207005244
3042000972
1696398168
2210209646
866611398
388993194
3540116504
591840052
1893034468
1797070898
1561149040
624421320
1264193177
121377442
933413927
1525628868
828804401
4248505480
3798414382
2570893250
86927723
1823341126
2207732123
4004619552
812077662
633751760
1629791016
1025678235
2540587785
2214723367
3565324732
660196829
1311196780
3161314132
224549973
1196842973
2502648428
289963827
2413819923
2360826679
308732052
1722787484
2287931728
3262680952
3201037932
3214508729
2309345526
3375812593
237180393
2825271773
3400401677
4001919819
2074154969
2194598733
543699469
2663114835
3913823719
1395998321
1931078281
3293994117
1324557508
1685748831
1337432444
2640104339
4212281384
4108983835
3128810098
4276775038
3691535649
432932904
2252357390
548826603
545572501
334493257
4118043542
1572378924
2065027
152282291
3408540839
3481363718
3394918106
4287246867
815871955
3264713570
1355964858
2571414482
2501673729
2474856641
1010817505
4274876906
1910470485
599108581
718486121
2503829436
1653657298
1839362005
599899068
2867659446
2795194313
1523530522
2708216145
3974896489
300810508
1121709547
3335386996
3065817653
1705416036
3723738655
2822712782
1449496198
843159747
4261046796
1424304381
487553619
3056962825
532336611
2825030021
1919869025
3411476524
3950085842
1957997077
2226848391
4233821456
2626728598
1137133584
2685284681
4102453949
622374973
3359641057
2165815192
3555122123
1353136020
348464804
3458382978
2445796157
4215870591
1430169995
1324409130
2159111470
2975099784
3725368034
1925528085
170805944
1550455291
999032466
3730447440
3869453109
2681203745
45424135
3247269912
1038835340
1790698987
2088206617
1300087080
2031081190
27114525
1776243771
2827335578
1297079815
782456208
305104478
1923687882
1272801264
494704567
3290529915
1260653333
1184160438
3283955487
2984597398
2983911869
3176559490
2754011840
2844950889
1243045774
3309689023
13965981
1115210001
798298291
631691981
3693028253
2324384038
3599104877
977829418
1762961057
2853977358
218399167
3060538431
3563326209
1845577860
2771183977
856302177
3794839437
3659489989
1562103692
1560691010
3223596092
3104899556
370047367
4095087993
1071430607
734462562
1692773825
2011611994
1398007476
3353057106
3317239032
3508855569
1049132809
541790506
3234713261
3305636844
2204254723
499217208
358224175
520757604
2971291464
2868286242
1865995303
2083619880
3693637574
2819786354
1707181434
2975326149
3756661904
997114455
1950425262
360960401
999671671
608958285
2091826492
3611205627
2151063695
2319521130
1924395141
4028442916
2932130666
2463286658
2566714174
558954927
449568059
989376538
845293797
2521549697
2939234344
3629888386
3156816338
4227983537
1582145959
3476119833
1179641199
673971118
3988592690
1552744816
2131708961
274912846
839952717
3532040466
1174325999
2633172659
217153767
2538545472
248481455
1446640134
2305373210
2006321181
3182522480
2709362620
777183251
3087857328
4236734573
1061421935
1191561740
4190131292
2155425408
3072607248
2819222336
3589164884
4014478245
3490046200
2814582894
909536706
4199281337
824396145
2590097099
86101494
2428579678
808519408
2511272127
1441517104
2431764857
2503774300
2404072858
1436617648
3314325963
711364131
362416100
1470330749
829579452
1277633510
4226161085
1595876996
85124049
3930402164
1287058722
364835103
3059166716
799597585
2310327655
2132414146
3597112470
1232207111
656621730
1213745862
286936733
537789722
744931942
1239598099
1340732881
3188473470
1387706887
1789319844
2628701186
1198324168
858931223
1424314979
1319326675
2792591994
2733250956
2729852529
1323580002
2992558922
3639601929
1436207671
3159359318
1779849710
2522507064
2584279690
1060590727
3765914906
2196242912
355089979
1138351622
1803880947
3731548137
4282902568
2773698702
1014843172
1056216421
3957273761
1224606234
2742694455
3254254498
585879430
2936866255
351402771
243839162
2021121652
3124299862
3208413133
1194587203
101276137
1604803958
3976177579
710472889
3385157268
2069336219
3665562120
3089460689
3962779145
1732968596
2609120121
3373370774
4083429411
1857554241
3468620615
232478045
2135050907
1688439525
791428068
1106707308
1111753544
4266518200
437305191
4095635752
3557763867
3445672325
3217561768
2735631390
1849404891
3382120904
2787704474
85467990
3933911734
78542208
1153577827
1825136815
1788202428
350027964
417126096
2518174952
1016382412
785295668
3610500668
85634682
952146184
281555671
428712864
2177746711
1114011394
3998571459
2769591175
835637700
3718982410
681678749
547839546
2209078912
3477403168
4211705788
1232748413
3410149915
429692702
2048696610
847457935
1007817374
2909584729
2189380018
1124487691
4101583793
3131238466
1037911647
3453723206
2258959133
1685699112
461047458
3222867598
3149877757
2015799007
719532559
515466907
375761039
2251628298
1789771769
2764465976
2306898180
3859988814
864359296
2704921994
2163731177
2492530670
3090997735
2068753720
1088134291
2617961958
502504847
235608715
2523092201
2193012898
1407973546
395424875
687635831
4096518331
843656563
3677346170
1808947064
1303892885
2332275311
141133838
3644049001
114976095
3888805016
1753854060
2191140868
466714626
97158153
703432722
4021457839
2034514682
1832235084
3833461209
93953041
1760184365
1026172509
4157911029
2246456237
2342706298
4067227101
1330405477
2449656843
3260370297
3757599738
1671236717
448078720
3999511380
1550386923
1049258992
1799663804
1804016568
2018027745
3055132893
1173447095
3202853147
3560507281
2093367139
3572658618
3203182669
3314044508
2257299924
3382364178
2503001376
4146480054
408701373
3284848308
2277313984
161755436
2465714153
2434561922
3654237307
2451905233
3640233286
2996603390
228417351
1062975381
293941697
3787313050
2236739312
3491488541
3538512302
1059255787
3963751817
2628398678
524573552
122125554
887385063
4087232132
2141223620
355563601
1098972372
492405331
1109595114
1856229042
602348666
980253198
149837570
3206043982
1750216205
2955312782
1214187417
1715534684
1244686399
2649232777
894882455
195643555
2549977293
3884867805
3402251137
549317510
1977224755
3022728381
2442419932
1709943485
3019915105
2754235685
3330748588
3155331359
1366586029
3295790002
48984818
2191122637
2124654335
2356962646
1706624786
3666538905
4121467865
634416034
2295111001
358309306
1738046507
4021220158
3944922371
3897450384
358891129
1599550215
3351264161
3450017017
2303958915
2361848961
2664634011
166988833
1536379289
2814192442
3428589858
250057274
1284069994
2234911768
488800542
1687143599
3162722536
1519599653
3519880972
1875081908
2870367373
998945159
2771104044
2638883965
3806393426
3033006136
2835388106
1669512102
917738169
1580355782
1158929953
3160722909
2266129001
1635961222
1224947325
1052745923
1588151504
3582675311
4206257256
3733642308
723399867
2371484220
2571907969
1475685026
1316331674
1783802748
2546385759
1699183535
626614625
4273155120
1421463520
11152890
625386190
923483288
2471900147
4274241681
3989525138
667765067
481906214
1544609101
373035481
1368704045
3476391265
349925962
3445586591
3518572399
3155824779
1102003761
1761576266
34701083
3146510220
1070802946
1500972798
692524757
1054696832
2645642100
602648565
308427955
1007117356
1860963102
3403123172
1593721432
1693207737
823514773
431284545
446098995
2002382643
3645957180
2892615290
3759443779
1947446819
940309349
3200171953
1566991571
1857774483
1883817181
542319774
2993816801
3599685733
1906722762
3982602856
2928631568
759220852
3855559360
4175328858
810186965
3210389601
2309144751
3509883553
2249274435
346514247
3132837338
3353654907
189372297
274743363
2408625866
1999978339
1379114407
3964036242
2195124636
2555111055
2507154078
2289180972
476647831
2348292506
623235823
617764256
8616176
831026100
609377962
1429154578
1286963285
3440004392
2930469648
449882406
1312055442
3580287012
315976452
3043796149
4286803594
1226803120
4107237579
102968625
3795429327
2536904074
4277051483
4254345117
2642498209
376431188
236287441
1661148778
3941803690
2931460383
111400298
4150787348
1716183425
1621708352
2588819430
354359706
176486877
3919311299
3076280319
3835999467
983423406
158346061
2798973902
4241805493
1820261199
3058966510
4073634880
708388699
947476703
2425370833
571651220
1467051553
3860897499
3149623319
3467582001
3823846930
3346239485
3571861009
2147011667
1302023573
780579237
4248022918
1194604214
3651040912
1042358067
356545574
3803673159
1777803137
2952794577
2430651010
380283103
3390421366
3976403052
3143038237
164706788
2456757874
974817807
4090280720
895837277
938230094
2093862172
2373959256
3027954980
4066202041
253251459
1487992944
3855441399
79998543
159832422
93586355
1547717427
3498742189
3009566356
3916941969
3725810578
65588232
1302088590
2870104868
51855584
2723970219
584964280
501530199
3053879830
1171045407
6955262
2162017031
1174308193
1050255782
4266867649
123220202
1583265652
2716135224
2945730596
3375418620
3806265731
787842084
268556952
1463386116
3189848957
2724800919
2841694681
4058588698
3929964193
1181387246
2298191652
1498822651
1420914811
1527161638
4073028807
229005233
3414464316
3141216888
2018716453
3449284750
1251397267
2766793337
3530107896
2400588618
1998320745
279680800
178259945
2808843218
2064989013
2977944076
4020364623
3078187627
176515990
3543628230
3310939107
1409676770
626080893
3159661367
1618602964
518153389
1823955826
1472744527
1815068687
2071282951
1526136827
1789828819
4038527647
2817846758
2392070969
193481049
2047985688
260070596
675135974
3807711814
1942977228
731276551
2819616092
2003939880
112788978
2761845204
3015345323
3218328699
1882477175
3534799741
2846643718
1119960024
676085589
3423424315
387684655
1784189203
672415029
1076296288
877823847
4281603651
95590937
4259178202
2985516635
4208066874
2424955988
2686982147
797019179
1812926149
3561592859
3016416734
112825327
598299882
2068320895
375344482
387435522
3852347504
2951828627
2800732351
1968720140
1980819008
2452328770
2704944310
4123320399
3456589410
3152287609
1038076025
3634140297
2960543272
1966980378
334538711
913559984
728435403
414886945
3383909520
3647271464
3834481421
194784991
2388374624
1185866747
2176567291
4101316347
236329124
3647085564
320002209
363091671
3050817851
1160259999
1518788966
1895014398
274145575
97957401
3194457422
3761616246
478285061
3604666449
2131951198
4200963678
1251369469
354083852
3008146185
1600502381
2577186154
3837480504
1761482746
3853137808
271747706
369635997
3789428022
3820942426
3224424438
3344718745
658432369
3006587266
3148009701
3117755836
3166255862
2520253911
3858099128
3130660729
3169788867
2778137026
3266048707
1952545137
210044574
3877763117
2084605560
4182338061
1060962434
2896943083
1057894591
2447892760
481416229
565668924
3783046282
1285301528
190268798
4026856795
2606478529
1621444753
3952916370
304251997
881964796
1297401843
1521080824
4126858472
216252728
3617642237
1877281696
910778128
3186875762
3716392068
3455621594
2591356089
922208952
1181731102
1421979
12820034
3403526208
1745374490
759888659
1667946602
2427545024
2705927924
1301569064
1837999403
2811914039
3215787809
2800409070
819914093
1445907309
3705993925
3094245600
3074272119
3379826440
678503190
252779699
3077709728
2457594196
2929372539
3140717548
2094499286
405053224
2387493123
1485654044
2919782018
2292645488
784993979
4287026305
1627016186
601519274
1548828761
322804214
2248050547
3755036946
2931598268
235459543
3632754295
4280197028
1524805709
173340894
2897760827
769158481
1619482829
1386304117
728427247
1494020906
2064262241
907175142
3904746497
1207811812
762259946
3932770237
3465373451
2798166448
3062553061
2527663994
4229919725
786005417
3636709
3553837634
3978556453
3187932025
3436741776
1455725529
3111918744
3715372430
1295664220
1466036552
358525363
1285865512
781513181
3977209264
3187613743
2895871252
2053087474
432466867
3299220498
3330250259
781867732
1160141172
2106683286
3178307957
2144113007
2069683226
1114152133
3016766269
4127446607
3709764548
1463056506
2660578682
3695705627
3715988261
165936413
874981210
489761630
2882534270
2539760960
1234345015
3161439029
3091589519
875518296
2028448978
2191435770
625913077
1998005194
3278812365
3765511099
806404679
3357436678
350206708
2027315595
1803150416
643005521
3700801340
2338628011
4264599750
1974744359
1685959873
1626112000
528840310
1556557810
1820650969
817413233
2383688649
3845213791
831148442
3865293163
3668290179
1423245908
635362808
2726009025
3802813318
3793344261
1580859292
565995031
1172527831
1364742319
3346436321
1109376540
3726861835
1721494155
2536629507
2872026805
138383526
220279116
2137127097
4268489369
1743065612
785802958
1321626122
839078228
586527118
2753840902
1478399128
1592904423
1870639961
4252403454
499485022
1128316509
3541420248
2693958085
1093034570
3165726666
1723435728
3630176580
4292175037
1327564310
255545262
981011116
1738959033
540293268
240603665
2470061333
3709183184
2191363424
616497162
830621311
3848583744
1716213768
728801595
1576776517
3219857175
3462773119
578145732
103356043
3899794088
562159024
4013600543
1752136713
1136001262
3759990976
2466699237
2952405403
1340752721
2245373325
1400040776
3803140001
1317809031
3402690487
4232436467
1438490777
1598206085
1836668399
3078044742
3172932084
1648250525
2769155869
3110983381
718282376
3105216318
1917802110
2182832562
2153798561
325926625
2104546102
3789879793
3431180123
2280105112
2574832319
3954551146
3030823739
1769398653
3147099476
2281261171
274477483
415836633
2428752114
3846027476
3219507112
310655644
818899996
46713609
1797115317
3103914559
1933865201
1529114684
1897143072
3922571131
713400720
1553376895
1120931687
388543758
1699609411
3072788829
2161686579
3038720823
730866378
2596197697
1858156129
1151358329
1456598799
419989755
447759939
2668158066
1091872494
714601183
2625468730
2911200049
3560448364
2082580660
3954086839
918334702
332211217
2272197238
3550813403
3611921400
356141598
2724263809
3844409972
4039046731
1285742691
471658336
2087139288
343213389
2641162853
1765797780
3526327963
3106729516
1221396731
3794081045
4043064973
1602760347
1973973172
2031238784
2827915950
4153212755
2105951060
1276061332
2922015030
1290352191
2760591156
3249487741
3955543226
444459988
29463666
666451155
818674437
4021910888
1806336351
1613164711
1560904859
2690615820
3399346895
3657153279
1015381489
4063633871
3558787466
2052666611
1608715803
3487428451
1300229715
50586635
1727885477
3166422784
2569507666
2148024430
2607364535
400402355
3474215413
161628517
753081984
253232139
2170056439
674487733
1863826083
3946450621
4113415452
322267409
1381286080
3421770360
2800766576
148280463
2816571157
1126051585
3926516736
1611270206
1598337073
2661908857
2361083713
4053493214
2543996438
359050140
3484495859
1087219314
2854764689
599616181
607553788
3068850157
1557154553
1033872258
3298541316
2038137454
2622429604
616900171
838811689
161214083
3094247553
2970738982
97028867
221125245
1158934635
1490761783
2314697125
3563867167
1446394966
320267350
1821598148
3431142713
1407512023
1433443186
2043294639
4153427565
2350541678
413084783
3625976857
2694680259
1885322697
1369000463
238717638
1648130112
1388228235
4137861915
2190249030
2088648393
1437985823
2434620141
4129231971
3591570931
2240129051
4166630200
1871583721
476441756
3325245749
2358969575
349007625
69200930
1629075349
2047430150
4000401938
1304343051
4048410856
695440196
4292208626
893463244
2124811078
3512978766
2587711794
71997455
1381517952
2708214966
1669442496
552022860
4261088058
1611300288
1729896853
956403797
3561811738
4213156299
1760049461
2949591524
3599503885
2116181986
1279147419
1150182046
220214258
3858740237
3971460463
41387147
1004197627
2233361905
3759013460
3038770360
1235390111
588634748
1901195969
3882403515
3252765747
2656623089
3777897797
2216530995
3872298435
3458259924
3429345378
1827252711
1480343455
3166345505
3056090198
1367840374
1337791802
1205287618
210046352
2036900951
1598169212
1917229593
3983045444
599618691
20053877
3561832809
444015119
2244317133
2075525077
906413370
1925172447
2326846990
2211403146
2703593329
3686030139
854391437
2169583495
1393972986
97230757
801630443
296558955
2682514920
920726263
3482452977
391783306
2291356236
3317963912
666411599
2563306000
1426736669
468548604
3852125276
558293357
3225409474
127496608
3908178254
619943940
3541620379
1099934868
850887999
1729714841
1106010397
3271584365
1745593601
1336992009
2653396011
2956465974
4049967517
879130749
508363017
3484243050
167674696
2277645633
2302416649
2672563592
3099112615
2526319173
3143632510
3592227133
463662716
2926154172
2815572604
1574669537
176607446
1204195470
2936054069
4083166021
624219692
3489840980
2070786292
481382387
970863524
3206834995
2285912487
119889814
2582855672
1740168943
2145062996
2176884203
1176216444
1657193211
3475448146
4142137673
3400984788
3942957355
567121735
3897397586
3124483861
3147177264
1668829808
433918796
2019231253
1356245985
3819265035
3642990058
3208217908
2365280329
2059717351
91270406
1466856796
2048470769
1859016399
201764790
575543931
482190373
345346695
2002774944
2597566522
3210587936
3766785542
3768905061
2852052440
2456281036
4276543581
2246340131
2776061406
1568665249
1572701794
1881320681
3690412732
1134890318
3733984751
2088578954
1162492472
4182145839
2557553114
656875285
1314630544
1447023511
4122671946
3471101885
3936745568
1229760664
3874522980
191666482
4018912418
654016267
744193148
2347945054
3647694716
3583593686
1684050248
466833396
1128225737
1708048695
528752931
4064011474
756064540
3426371280
830083214
2505299210
2688962360
1272025457
2979551712
1332253884
1749270783
2966627207
810833895
193772313
1318142871
2414130260
2564736545
2968471838
1370972824
2736938596
1287257446
2238153998
3327325716
2851462343
1623804292
2343706996
1353505696
1917975782
3201686888
729062687
1585691298
2746617856
957076669
1714701883
3217148207
1669077031
759665807
1484628095
2429431780
3319141170
934885963
3194424778
3863086314
691505514
2841233399
1687704995
2854694385
4144883295
4140280171
3280573930
3246930252
980492506
2186512921
3796219905
2103252495
4094856792
1536671132
199837808
2687313309
3942043000
3075714954
1796418956
4243163515
1553634734
2233997880
3796024020
1320541681
1371299718
1214593532
876973526
1785942123
3802571329
1760168589
2011208596
4117386560
3745793619
2694817955
4256924023
2985498208
347302426
3469267389
842805226
3091540309
3156382738
1954250089
173331874
4004033976
306449418
2082168903
2007986942
1728835993
1488769021
337833713
2701141674
275296652
2272784229
1442222858
74139733
1185290063
89909360
2028228572
3123457517
872296290
1708430910
1638664093
3976277835
697472065
253981225
590013664
437701698
552864941
3588943708
4192477188
2333443518
1255988560
3480571263
4038213234
524557315
4178237013
3372959030
1326922043
659585152
749308985
3157106649
1144981288
2904678681
363285925
2723433026
2977383627
986349368
267250072
2800937904
647853416
3372110516
2748131522
3277048435
976197010
2365867663
481664178
2502613472
178776375
1689959967
1304116208
216289475
1840106721
88370157
1772423031
4876038
1916061090
3140910871
999467172
598251577
3062376345
3448002106
3578718745
2595172187
2400199465
3903198779
2411496882
281538458
135667263
4259495624
3546438259
1972689405
2548817479
2091903758
21071025
3009271065
617804503
4263780166
3171321238
3317702387
3219152607
195661587
1203607686
3301337358
3223467328
2923650547
2666099658
382435499
3003185322
4191755311
1151495566
539791968
3031318599
197459479
3590082584
1946592162
1762097221
3918495058
2473436034
107385991
2268360302
2925754895
2405128858
1413309662
2516480617
995380233
3454684404
859264010
829188697
2309536441
3261898414
3961669839
257459086
3388660346
1320358482
512497294
3642585973
526470514
3424905229
3246647838
2653167973
1144004400
2759042627
3341518611
996339026
1056991119
3893288729
3534155019
269527623
2966557144
2110151641
2586719316
2813561072
2752841327
2518196644
2838350270
1569718010
917192511
2461387306
3647833887
517840475
1710757005
515481141
2903683711
911163267
1766748198
1777057416
3773462600
892654210
3882586032
1890440998
3677164653
1700499614
611169837
1618589478
2701802759
2561536932
480699122
2027123917
4121259447
2211694861
573704138
765665074
4153917478
856894225
3337580537
254821893
3162741117
2258554524
2454974769
1542854071
2158621677
222261431
663604228
2109121630
1009606860
365510836
1691955355
4031997356
1792994995
827344070
1047590798
426102192
1302278920
1911149234
1409601006
2921444132
2379736096
2194664310
4045299647
4197200581
2489171163
1643468998
3728601543
1177105532
3960338941
4227665755
4284412992
2889919260
4002209732
2833227739
3331135214
590273212
2838688262
3407629624
1685923803
3700767149
4225251572
3764277881
2180358794
1868253633
4228505525
14005717
434711605
4123392387
939816495
149428144
2227975701
2825248069
2528490015
1956115464
3366921970
89208977
2204584839
1709887844
2664750840
761178528
1495014171
2715872403
2596052794
102408760
1646931390
3904288805
4022198211
3000474338
1758169818
1181378645
3322626754
2728302617
3250562981
2265861006
3451305703
3118089723
2647434126
3852569524
3095219831
2140989393
3887711108
3347467287
181992807
466182523
575954292
2714141734
617825848
3749366390
3516107745
3203727140
3786986044
313455191
3903500457
3619110807
3308603890
2340301346
2492288503
1773295616
3532526336
738910437
3726299703
4261060788
3553111261
1979261620
2893276657
1381062128
1685597789
3741056747
1075100921
3664419129
769517769
2163785812
2776353124
392114067
3956850782
4146786981
1828394083
2575016085
1194289555
764351723
2111964259
1282623217
1217113479
529572804
3617117114
860545893
270743635
2873534320
3178443515
1611772613
542952611
512739286
2657135724
1256610796
3188244210
1135022893
241876846
1539946062
533075583
2211261252
1789360183
3199286720
2398875448
635504437
1910907032
2841516176
2952220650
2795267889
291056120
3097451020
2744500789
2482951344
623402478
3921921273
670917182
2949433200
355182041
121684345
2640270796
3161962690
1483824322
2098036052
2371136651
4256763851
2835010922
208464128
842900782
194099326
1708499963
3057797440
2563509192
3547417964
669607209
2229565155
2510220938
933245902
3383458094
1856084114
3696259499
4286476163
3995148165
4004953893
570154678
3977113758
3756362088
3531393994
4293478379
552096978
1862370742
264617930
1602316950
2629709229
205840937
1262903303
1311494974
768086556
3322445021
1185792021
3359256694
615805071
257389413
3294125362
3020246455
1424662713
3765167012
2161234523
3001926734
176521846
1378140008
2170051457
2681320202
1849408381
3792596177
2138679302
146439197
2262087578
3141955269
451175482
3715077689
3657727369
603469022
344342120
3849655724
1845989187
2151496570
316427809
2497327420
1481758280
2644356097
839165825
1588492976
3243137320
3299149776
3546239302
3184028103
2777500624
2084727753
4281618326
2125996294
4211134169
1050784306
4228436522
2812574871
103949005
1973451668
921093034
1693799132
2176032040
1900181671
4243120705
3370209515
1576434866
1105900327
2649835799
1917861083
3195287039
1266275529
2677613066
739498332
1141424727
287383434
2114294535
3458447587
400699997
1560753138
1013001280
1026508220
954446869
1987076642
2787313855
732170341
1725981130
3712159374
1448027889
814813967
3930492882
1431835791
1992950356
3853822587
2172746433
662628662
1061834845
1200378
2693006272
3949080865
2121038725
2143601334
1897743537
3696637161
233605148
452312042
3836782840
899557417
2888790024
3190687006
2183091570
2038947967
1608760552
3247655335
1775531527
2694699815
801902236
3699454353
1900442564
743436488
2354808542
3146366084
3128085788
3057280303
104232129
3203158702
2469902427
152869628
1212319949
2162559212
249991962
1520315016
3808462015
957991161
1286510350
2044240943
3275103785
55678912
64696122
4210041244
3911313104
560151800
2176058791
2377706423
982706864
554060888
3846179351
3022689537
3213011347
2353026052
3080977270
4105460232
2361658978
2902678794
3299430339
2703201723
2514900891
3582980025
3377502507
3577951352
2377406150
178438435
3488963959
1991129940
3069278854
1791123444
3007219702
3317975
1435858122
2625861921
1996897697
1983646971
631614092
1916433512
4104915463
953553736
3017873672
4214230550
2776985386
3439531520
651944982
3578100682
1287281503
3859559815
2219967933
1975656617
2366003455
2979148896
3359835572
196425617
2419591396
2042478880
1062940518
767477156
584714180
1017386806
2139801265
3340203580
79334123
1629241290
2683082571
3747529672
2508391038
225040790
2290990129
2515493403
2446469913
319162292
4270807934
617637167
1947118587
1942950849
853448714
1436096804
3479165413
189729915
547917418
1070015548
2873127095
2893395304
3278108494
2355064310
3132807984
1662184449
3401532600
1628886713
1030474392
806858656
2653785374
1076643956
842601947
2548353561
3081438793
2065176181
911058181
646823625
1272936198
2765500429
3010665057
486807504
3182667440
2210923757
1629108658
3335278638
3307475165
2864250526
3367357543
2766360229
2832138917
2796853916
4202651287
1814425112
2753691328
1418629597
346357543
3057568904
4017032313
3727506602
4045396936
2760424507
2222031308
1596873212
2112454359
4155715587
3764354941
1498666399
3374267775
3050917597
2936899651
4074544731
684423968
2703056934
1311664613
2306474478
1578516669
3114539203
653622578
534180008
2129633265
3276171384
4205217583
2734676328
206305581
1440112955
137124845
3421755442
3946410591
661893594
1778267389
146877345
1538723593
2149249603
2372637236
949490202
4283999559
3853014574
2767880709
469364234
805074514
1629097544
1069278492
3411326100
2520735929
471470227
1102837936
3292079184
1278023379
4258414330
1615493664
1058357465
1695094778
4117606923
266019135
923202987
635591528
190377016
2937815191
2753315211
1607301247
2861647376
1323386283
2807883577
3087298952
2425620210
2612581843
224276644
3947299490
1198922068
4216802786
752095459
1418381354
2409638671
2084016375
387935531
3787525979
1924124995
1400225500
3317766059
837031858
3269460776
4284618435
2574117857
1130301190
3174125920
2731983894
3907912003
2900994715
1195003754
2224796455
3841036247
1305664137
3234786161
1647322616
2968089624
729788027
676565613
1322194634
1100098303
2297649666
4202756330
3707631153
788505033
1775168799
1080659669
3753596948
690292534
2163437645
1152051757
363102801
3355628646
1468207403
956882311
4013900160
2733483866
3727959918
745873528
1222820575
2438389004
2905600013
226134929
819966089
2778661012
1309016323
3528070748
4050813572
2919829506
3657776959
942825379
1158834074
1894521262
376426075
1626069739
148525164
940565512
4205826945
136577635
436992569
3658081010
2254949025
4104474480
1783856260
323458868
901843298
3761823088
808599038
4001972216
2576741087
1209801579
1461212298
1172356682
330450647
1379170895
3728120368
458368826
1041489280
174860970
1058148226
2764953504
1237908740
1707165223
504038012
1519184983
2285514207
220663550
1277763061
881217912
3901854102
3552210585
2433594033
820119751
2931023762
1349314664
3304481278
2265162880
684582823
1041137193
2662294028
2862495782
4102451104
