169724328
3089920557
1525572648
2402156327
1893256191
464014030
4287726797
3491700125
772463658
1822691496
3437403813
320570332
2626520994
3064821257
2863817292
391480522
503820955
2878498109
3995389594
240818366
629047987
4255284038
1647312277
2816662602
1827342041
3160024285
340521290
1124380027
4096832548
3790430535
1324440854
3745103601
4171203398
1555587971
3865028522
1900097553
3100116337
719540242
1245759097
873460913
25262299
565089277
2515617931
803339183
451978634
3553484105
1680774932
4132558608
3646850117
4280776361
2307845069
2641338468
2627136050
2866036148
1076612353
1057171672
2410877297
1766080466
3318542556
1725171478
1348692745
2792279381
4150361728
824959962
844751671
2877858133
3826410838
3283082567
3318381913
3567918074
3847799511
4288320531
529843243
3508911554
2374428906
1919338685
119888249
3553452565
1388084530
838553288
843316881
2619089976
2985319636
69978075
714395628
4141099977
3703513772
541946100
1357214220
4097184856
152460814
2105409969
1904788872
3717588279
3064860939
4184591803
1187632551
1415371411
110117436
899934245
2541007666
1392981455
4089958449
3150258310
365793425
3848505022
316509907
1510990848
1660664171
1680781929
3338850490
2318076960
4284589597
111893920
537378873
3301125406
3759701695
2329357431
2119129893
3421613248
2850992591
1765289675
3824170551
887162807
1923399204
2647057202
3722445286
392965524
3948734319
158031824
636518671
2959922561
1045919898
3832672116
3231393768
1286022227
3144970208
3569549862
3452665617
24129333
1409602581
339639056
526887223
786499580
2472910445
668792125
631921492
2750051720
3660671577
2142457481
1253209664
1786454609
2643301130
1032744935
375524250
2530967625
2425231999
3581139680
3399188993
484081647
123069581
2787480507
1572773601
1417843443
2677049635
3473807965
1245079027
868306601
721845771
3196602268
4122843985
2338551893
3656473892
1236762328
2862439219
2683489194
2440424449
31439864
597180898
1527402917
3376633008
3408146014
144309548
1452339972
2545108704
3302946178
3398275993
333213123
412451277
2800894672
3490815436
2874912957
4160502177
2431269422
2425739271
3112035257
599563820
2849238758
712403857
18754742
3039553271
751936187
1966652973
3886006107
2051362252
2657922235
942921541
1558240428
3816301931
1263466682
1322060812
2382612294
973720426
3592233846
245246065
1935366734
4136470015
3510248813
1325894283
4287611803
3345587542
1084015862
3729253965
1211368458
1060044140
2518985133
4241819232
1773516306
2148495967
2957276190
3913502941
2883546044
3757421355
1810090438
1838359458
4253186836
1441405565
3394079024
2372633292
3762419796
951619015
1504305684
2016496497
2831980831
2164908885
1797260300
4243910307
809723660
468865575
2596883742
1899380347
2409528953
3047722639
3848214252
2732692804
3972480195
1210321102
3790434288
2315185962
1972606049
4262323433
697209345
1806329295
1017142770
1237611423
2135674732
3182854721
871499580
4015109025
1513082409
3525675080
2573164748
2073593030
3376609076
1320695317
1390511533
1657325991
2523456268
3359475875
3234813510
2117775752
662262232
380410552
1663581168
510360035
2264405076
351664535
3368028254
2081870830
3764139548
19817923
1621690523
385408765
4115155608
3434593973
1280370059
4086166584
3666210653
607266376
1701023495
2457541787
2387555588
4213105866
3677756699
820052579
2693499896
2281875375
3800708333
414785071
1181927747
3461969101
65454346
2635158238
4004993234
1655216565
3254859788
2942090316
390594735
3235886499
2218624092
4288473087
2355811522
1341563356
2151352212
3045944479
604960221
2161545902
3737122469
2397027292
2727356201
1144133857
2921485082
1041941045
215026
346580769
2007762010
54300208
1931937382
2614403367
3365105645
3326696133
4133058131
1340404354
1873024677
1323180577
3315095277
2605054779
3305644956
1896838119
2584253525
1200792984
1369763171
3779018835
2360445504
300548069
3370528937
2431389051
2676363720
1761076651
733788703
2387045359
673973918
2221471567
3166836545
663546513
1088599442
599136555
75566644
4092767524
1564263996
3823372166
3335485522
93334514
3723372929
3426272144
3625007269
1795011925
2334432167
1049701074
3884803642
774932153
1086951456
4120962583
262213820
1643424424
3822584978
3151047283
1774505841
4145490624
298583341
1410475573
3571928462
496146691
1457564124
4212125510
3208505436
4179536152
2418850282
2838915293
2030230992
3697259857
1616932060
3953658099
3452366222
3150020038
1960430182
2302233199
130597110
919707071
677596538
2429606050
2275596569
370051942
2763162325
378121402
3519539265
4281503772
941803360
2483770690
249581412
2144523628
1481753373
291665743
3441826934
1077180108
1837781835
3500395303
2089669607
1460253442
1200305565
950979683
1176953060
4110871415
2501629027
3394920820
101080008
1662320761
2020815801
1167423298
2340531239
3587533299
696494452
1396687604
4280259364
2875734628
3524403994
2536391530
3069334423
3706229001
3241492456
227766304
2114085813
2959671700
1075762461
684734100
323989104
465909286
3703430121
1130377449
1019252952
4054832305
3068987362
3785456948
3677275071
773350662
1525222533
733330618
745146331
1957714448
3577357435
3983561888
58941625
2072668138
160811884
3767704735
3627660961
3019873965
3754058704
2578125803
1176556035
1221396732
475510176
1041507453
691421760
65994034
1052184274
4047281984
3798716723
2972704815
2103165930
1886631399
2842657180
3216882548
2824515691
4264169136
2981924923
3676857337
3328364092
1531689101
3103419179
3144933938
1420840988
2962586211
418562759
4208750930
2163207829
3855662245
2164943530
4276698781
2514044083
675622624
3171912675
3905176749
3223835697
2923580232
1772498054
682984482
220061472
3752508211
2032626937
137735174
783812008
1384370468
3770575488
1985053054
460213238
2684779873
771851464
3200202511
2690765588
3277302525
3300822359
3250957741
4072241848
183535209
2912700715
900968021
2393749722
3427743778
824471536
1916807264
294989326
1241712083
2131234683
3434155915
2862460982
2710205295
2756081209
644818923
3969002975
651854629
571581018
4198881813
3342991275
2040989163
1766208685
3433618792
121812752
1225538738
39371342
415441428
954326240
13417191
1268486385
4129369695
3604102598
595484858
184973989
2619874062
3252835688
2311305601
1755327248
1543809791
673340488
3575321207
263847925
4263970920
2986221935
399677397
3236153678
2710937141
547917920
1824333443
1355161969
2423391739
2958211394
2674846316
2740261600
3113024157
3374476448
2989842501
3819571862
248297010
3904187802
2607535029
842417280
4051274502
2573562038
1428649973
3868456713
671868139
2526381935
2197949676
852778901
355001431
1041372714
1397554625
4186259853
199285554
3821736568
1865789171
3146178006
3627386110
154860692
1783415819
658364977
4023889122
300601299
530695078
2368576711
172372553
1444260753
1771024298
2373662806
553019142
1630188058
2979477635
2814133572
1111006737
945457627
406792381
2983963101
2285266324
1170696926
2880007395
1671387372
3512710756
3458454382
4201997091
3051961746
3847894090
3798489730
2755719348
1049184717
2434975415
3655987509
3822936690
1649214522
3902192137
3798233323
3622971550
3801712570
4234385071
1596895832
895903938
166986317
653139666
3768700279
352552708
615477045
773302844
1224074914
4040160803
3543943591
1517491058
974291864
3625219369
1583317571
95743853
2699009219
665035776
3804012753
1837376774
3056223868
1320207320
1682750571
2739358900
1566894680
2316273978
1847437831
659245952
15777986
1682420771
3840739181
2638448753
693832322
1306206038
2509861420
1794764213
887728006
2474266236
3064502454
553791767
1610847191
448780189
3987519865
847072486
4043219855
3247892071
3191789279
4212811068
1583618021
3592501756
2692104975
3373195125
3631420361
145307273
3745049260
1135042859
564914579
2875443046
1654225717
1714649369
2860357493
2914001275
2745299193
1324167854
4120814284
2581461321
418665964
1323326030
2765719689
3764114157
2722429532
120074089
1286975067
2211449427
449673260
2102208857
3788550656
1009594993
2512075368
2894937589
4154823685
485356038
2858071571
3100193851
325524861
1269641692
1610368639
4079598170
3263750049
3665412719
2789364236
1705041421
3795362802
3811888890
1835459924
766728075
822540042
113550256
2288937316
2510713672
287308951
3018747575
2404770098
2784424972
2759629849
3290516045
3095068188
2659347188
3678992831
3853115803
2827791504
1602066017
984628771
3143621196
3480363583
2913376942
151728526
3340981064
2517202758
3545934588
2112723529
1436076009
1342573900
1198244650
4162958106
2955336865
2400852005
4024482324
2183391897
4053613239
396466255
547469880
335548086
1456848964
2027399675
2795080241
386062635
3648987428
3688233614
694087411
1405461003
2550985313
3536775451
3608231559
222269501
548297400
2676583218
1158601476
1297843372
3765062459
2284232344
3130850677
1367075891
524054688
400376609
1875720682
3818889558
2000113943
2629789813
95484044
3346815116
311762476
2761965360
383275348
2559723828
2109761334
106098612
2929261272
3630065591
3665863132
1944901236
1732696633
3042227153
2103372525
2032413774
1770632504
1706666406
1362399982
2243658729
2693310897
3511492446
80898162
2172368425
3588327626
2558915444
394752410
1522776100
970999226
2562372058
2010904957
4176448291
3132136237
3355929505
1425102138
2584241865
632499491
1566940723
3168722880
979688844
1087660779
3717044099
3633548010
2794934481
281146027
956665104
328187506
4018655090
2325990422
2244071986
622423334
2953033607
4153031355
66543604
3845778553
2871817941
214654792
1853345654
1278715372
4223154165
1446107996
3599463356
1181042303
1179359500
3140337060
2651475031
4245061412
3162853244
1631552400
1739176658
1385083217
470118420
3223012513
526242625
3372522747
4170503915
2727680485
3207081733
434691003
2322795329
1372020156
1570459427
4170963254
96829224
3562565401
1066662929
3153664842
2060266782
1834694251
4055701581
2276330217
690417126
1334526816
3811555387
3033383342
376377852
1693760438
232828374
348536784
302841950
817430134
2574495217
4125224490
1987060415
4280671760
2260199875
859968010
722278000
1648755384
398083895
1189637447
1480867427
1319360474
767201578
1633321325
2208505270
1097490434
1642667801
3688917517
3292557414
664098207
1120531324
1501569650
1591504241
1554706405
97852621
1403703871
3981345154
1522848933
1816835791
3193210020
478321520
3291455820
3818821257
3683272503
1150570596
890365716
2455979687
3219873074
3777115991
1397308011
636857125
70412122
1057605272
866290860
2477186335
2765923296
2361637392
2772619618
2052316352
1513529829
1077747492
1400437208
3426425924
2075315587
2143020085
1328844747
336507598
2771172209
3045340374
3178363019
2270204125
3227068247
4163112617
1877129292
2959554071
731997407
4024052087
685446395
2177707325
4110962324
722103820
1523742193
2351957539
2333738997
976776931
3504980226
4044638366
2002554023
252755606
2547897416
2272092790
2494548088
1947311112
2425745757
2498088767
2545692018
971106926
2810936494
3935643409
4133554736
4048340345
917934463
1889139953
3771719546
2760389037
1690620946
2525722040
2062318805
3257187602
1513397597
752320085
207291715
631495692
2907811981
1164554147
3776402231
1169891052
1531339730
3047958792
3058966716
474483131
1864795097
552710826
1723672512
2150423326
664597756
3186933772
325864577
1988896436
2500719446
3028604108
3909994980
3336476885
4225727411
717882285
3068297466
2310535269
2671814526
2282262699
2271277543
2233524655
396025906
431235680
2299967034
1337647536
1041322608
204606007
1134628101
3829779664
1809055430
4223253104
269083322
3237476860
2936725393
184145260
3643967919
3258781762
1121969192
3285063215
2808593476
402121413
3806427495
1348694775
1326556840
757687639
987308612
4059358182
2512605940
1320212980
1679907699
1621209228
4270746802
2908957977
228502528
2668835882
2131300678
4140046221
4053293925
624921049
2859643221
2916097282
166917384
474106415
4155371202
2458770781
1115002441
1260473610
2845616064
3167700724
4083733312
423185614
66981316
3003898229
463427272
1639116816
116244791
2729836189
3278733724
1980797154
3221461403
371722818
1697870794
1396325719
4187839356
2505740333
1857589408
2062966337
1436737257
3131601014
1340658043
368255995
2397589335
3943154956
221095603
187796240
1780329785
4069058175
3182867635
2136919905
4181526492
699751132
3856114712
4175606063
2449456166
2886105230
2594052379
2782773652
2768360347
10926584
2707790914
2673643579
4025417861
3005628741
827284705
1413688221
2989959911
1637420281
2174647353
4230310718
1070624966
843389581
3963560107
2149410902
1504389710
4020437629
2165962752
796067217
3656473827
54943987
2478375468
291199097
516795800
4127728509
2296415184
2919429398
77553783
778518390
2913040734
867042408
1785863622
1672922714
1313711070
552133839
133087030
2673911574
362132729
3725774963
1798562056
1100352282
2318637919
2368279318
63676764
2436504924
1195015493
1909097467
2930367362
418421357
2697257225
201702182
2737419516
1608374760
2463760428
3627155960
2472840315
2722040982
1291635154
899506740
1873994940
4009237747
1019839417
3503650530
552576892
1382132705
1585945420
463650371
2889803893
2009729429
2871122249
2667598289
4221742963
3187950365
1455851091
2539222398
246320835
3097275536
2677465289
2288024277
2652907093
4106673346
3758819929
3676472735
2322089673
1142434807
2989203018
419959877
3279980788
2732229612
758198047
1275508549
3210515844
2124279970
4049658610
573164104
2130988814
2930622048
1097820344
1940986701
3903129077
932403226
3037834527
2033741336
3090282385
1603411838
3503828929
3797665021
123784565
472523409
2495118810
2600129356
439250217
3905850758
417052556
3847805056
4085579495
3698117644
4261982080
3455670509
3094596457
552208364
1841456649
1952225441
1201583534
87792601
2733388765
4012320158
4011611484
710291801
4022591143
3654276034
3541708240
1039993269
1819669063
4015408652
2972563965
3524057234
2409431849
2797426066
3005508154
1701885342
3838846336
1596839301
776386056
1844436884
2590587304
2641992183
254029657
2185017161
1075564222
304689680
1316318419
3297597932
2286542598
568546963
573479867
69144303
1191174564
963965782
323836929
3265188657
2240913649
2924621836
2878324744
206047507
151426465
2829461655
1881476516
906216585
1521382790
1050153058
2582269362
3966825627
103174040
1976338926
2533197096
2048660253
1026505399
3709149852
440716226
1441167688
850816133
1499794920
586477261
1998844535
3128439870
3510050291
2406813587
1683122930
3142030016
1959623561
1614614617
183763951
2820278797
1584240996
1481683245
3817498615
1175686657
506936455
3159999398
3717677259
3832790073
779362448
140657258
2467568321
2987204419
3224230721
2119600385
1435181609
3865693505
3816420908
1625181979
2846688161
1216861099
3370544186
52721531
433543027
3254564539
4156430575
4221883607
3182361802
287691620
2419632931
4253513636
691691088
3910434640
3344587987
268497619
1401215223
3368269127
1542653072
703606576
3796916775
1315781207
897595515
880841784
2012253721
1602848290
733541966
1909096801
3380759358
796675819
2213637528
2127342352
1625101928
3782934139
4093686512
3844764818
292807983
2157163073
3486930236
2488436259
1185486497
2501521519
2177000529
3916251437
3762472825
1973357667
396241273
2456846163
794800825
2940992136
3527462484
1725617235
2866470079
3910633186
3299254890
101607194
4110569963
2898807854
1774665410
1607122584
1540572041
1735739164
2982461048
486328628
3165666076
3010657440
231275701
3311883553
4191915751
2717301877
3339152926
2082747556
2245697737
438537766
3167003344
3397568112
4262676078
1001314565
3008146973
277555507
585879732
1356536800
915119880
3519590228
3820749646
260138446
3102353567
679997526
3174304227
1754210138
4208664883
1972025777
3159157967
2970608046
3135207207
1737684763
4110884331
376049676
1943753990
3364583363
2551357947
2189914742
1173209041
3363831234
1611802019
3995083975
3175056193
868814461
2606607897
4218601779
3235785577
4139350246
1701275059
513483144
2401204536
3957037555
2317403587
2999457351
3685334211
2213744485
199072040
2885956825
499837971
3831912263
4092100238
442185652
1251478990
2215990044
1900337989
3028832449
44659294
2759057089
1309642606
1287144836
48826920
1000945103
1114195751
4185250634
2923987866
4213463767
4017814119
891318135
696831689
3138079812
3339548209
3307327092
1802785241
1101260900
1657684820
4197082287
3333842731
193892031
4018391110
3626364091
762814429
940938817
698381282
1258841455
4057157078
1530888711
1873168829
25240405
791207018
1269075628
3941029778
3402288099
3081316729
1032069705
2047552310
555632395
3620247650
2810308518
397344854
1312453607
1472002741
4226646856
2439609409
386317027
507910816
2778212024
2074847133
1496878689
3819415820
2353647628
3339980640
3926133876
3734744928
4170596945
2189683325
3287289855
1547481768
2873077883
843535425
4079461766
3059189926
2837177455
2939744074
1062354075
1228675739
2354879352
1616835242
3612748103
2017333631
406224210
1088574096
2502216344
452066302
2440379241
2980902149
2529251390
2862071462
3613442751
4095264119
1209182569
1490412556
1477294087
879374545
893325783
690109456
658341603
1657641520
1451752773
601191152
2834534934
923850165
767712892
2880311405
1282457471
4222536448
1276826074
226098568
3415277997
3866502213
167720730
727762509
3770912501
2220730136
2066518173
1671823495
2600072752
877344926
2321116912
2578699019
2529691377
1241817845
3786618988
1465906597
1103367846
352564806
2332433788
1651688473
1707220679
2280905566
3609260460
2919124364
1447004616
4028122600
3423204065
4066054894
2835871831
1035229038
2409986878
2203382831
4253026493
1299431899
1544085461
3315349824
4029409086
3939322959
959734977
2507710425
2016624133
3098763134
2592487392
2831807380
2961052919
1496674731
273222229
2260482061
1119929467
3275978705
1205559663
268865868
2799071499
726472486
3588158575
218442191
660833387
232949409
3982296531
2672563238
1417401962
1686042763
3299146007
467653861
398132941
3747101298
632657294
115742308
2432516801
2622027261
3587528492
472205380
873823227
3053741870
2431945585
2760811205
3637704432
947592069
851984553
287879105
3064819265
2898089474
3173832977
4149245872
4005105969
3295548041
3858141950
3742471478
2444943359
4194212421
3856347634
1733276403
969299816
2210260954
3448216734
3160590415
741531740
1923652999
3811245629
2870732772
464995491
3987345397
3945374786
173410831
1203514753
3230422124
4226726604
293442415
307820890
3686676999
3997517568
645591132
3623401568
38935047
2667500136
1163574649
21891522
210330442
3563517301
1344708757
3021589271
3482339954
2782120782
1917449738
2137353133
1387546429
239490139
1220821934
1818927081
1890307208
4215014623
1713799
4166236763
2779135885
4198041744
3359965842
2273009944
2668606358
662311444
621916568
4019820855
1044657833
1691015030
1293243485
329181211
2612734037
407891170
519129766
2917482439
3437379817
1132678682
1548601875
1485183055
1887108976
1518330616
1696763524
284651540
2921454067
2398546275
980967954
1033140256
3316743284
2401656976
3938662574
3531897594
788741945
2890872685
3494222145
2590740032
691425867
3184952820
59420689
2257575328
583128365
727703780
2286289130
1331282598
1774776451
2702923026
1678300920
2371272721
1657458826
858044153
984527584
2998645173
180074868
4173202830
2095324728
1441186342
3533718273
631242438
3718613593
2625681635
1073666146
1430031859
2442518097
1421865809
3023444341
3448463165
2930892924
4094071409
806851964
705209694
3187546327
3964675468
4121518096
4166639838
615717603
1566423512
3365350867
3917420974
677848697
4260476261
1109452150
708925426
1632182616
1613032301
449283794
1812549436
2062101106
2080683791
2743738510
708820263
2689350951
2724352051
1608660712
286717207
1207292576
2377093522
950211537
2769358850
3399979710
2487465113
4223501940
127248952
3817226743
391598940
2000430495
2000366528
2922968620
2388783370
2106972640
517965351
1574926986
3030050965
22623636
3388370724
3374385346
3804754400
1822451404
1089322185
438998720
540893871
3401237052
719299739
3177526962
4139723063
4141830134
1499463563
3384102942
1012606177
1363584034
2993675678
3042177161
1668856403
3391513644
3811737537
3997931480
3643819571
4108148694
258185564
3341923716
3696281136
36478032
3883345111
1999892640
2891314737
3047094607
536762658
2813565884
2717267902
2126380819
3888922326
569637128
1960163361
1818129832
3592164814
2245037334
1469031034
131586225
2725182704
910578659
3089490046
3288603071
2148479669
4232460652
3800966990
716251252
128958383
3431057956
4112109771
973354616
3187510210
3275376423
2478714038
1576865623
711203833
1925364126
2763713964
2820692793
515122712
2590281796
350786893
4038211458
419745311
1189517370
3437151557
183729814
2903905083
1830845928
2395494191
1111968125
3380946321
2526532729
571582295
2672828986
799347167
34828418
3950174569
3483528764
3802225334
2278945724
2670080872
3572828800
427173592
652997102
2685131550
3286143147
1798645763
3198676887
1950860928
1848863697
2287612604
4022602396
2804464043
1407332909
3927930765
2016033165
2754860126
3465698305
2420027509
1068362546
1373069798
3688587892
2393958516
3569791232
953924825
4018221895
3535588482
1703434765
2102183590
4193398902
3268526511
766177757
1993795254
132901417
1954372764
2103458350
1015838312
457762711
2837443202
357608778
3675437343
2030899518
4203260167
2096182366
2392857267
2845192020
3255035340
591071665
1288697667
2667018248
3046382374
1653441914
2537495807
2623000930
3615697152
1126828485
875789880
299465931
2058228229
3202733629
145740471
3528687078
208368834
235546952
3097184874
2520382829
2547369862
482170618
2609306348
2843449330
2690720821
2277413108
2927685342
402909655
3601955037
16944301
1675650562
4021829541
1950475300
768934017
1501054292
1109662599
904374140
3575594973
1069989283
1221888061
3279674302
755788672
3581370022
452994223
2138970713
2584102695
663771706
966207592
1840245571
3929917203
2621583888
3630677246
2956127689
3666089058
1262123448
802906787
1657930027
3451157977
1653331433
4130985981
1046417464
2394609040
3865856338
2827427367
2717747294
718456418
2181757861
987650131
1306381207
3015160815
1835989227
2882616987
1741965073
4251274183
495907213
2090226007
220703056
3190034428
3774817246
2307046225
4178620528
1223948480
4081814792
4283501380
325931691
1761199464
2894318374
2834428389
1582879876
2436066815
578685551
2539021179
1311248016
3577807403
3570920816
3002291911
2133529052
961069840
432798543
3699122554
2087276555
1653715711
885920319
2392565311
3852725761
2562618398
1425306514
316442516
418085320
2983377013
1269485317
2611984549
159896077
1804419806
1071794018
797765701
3211831562
1150866423
3282096211
2519253353
2899488178
1011526648
3125187300
3927769530
680771431
3961066630
676892034
426951190
2472342385
1856156841
3025279876
4287576316
2350726951
2609533050
1191175983
2032682479
3556786651
2724969900
3466658719
790420212
3348622698
1555337567
1627702076
2208727335
128472740
3216853989
3970044815
402943705
3055329283
2278963370
345640456
2921470078
1245458786
1953571530
3812874541
321838141
2740381550
3377050458
441810324
3095685187
3486376364
3558706495
2066637142
4154126826
2563469371
975273629
1801724905
3276458357
2014024418
3799925865
2029329300
54027688
379462698
763464606
1964909699
1039088862
3440416219
1150531059
4018433321
1593157634
3362612955
2423896930
735713240
150307159
3666225524
2418537727
4205072747
2738865980
513290748
569852405
2589330252
2443507355
3907435717
3382431848
2345182556
1089485025
2960169513
4092963049
2409926423
907648966
2369469044
27034503
2929351235
713386865
2274475718
3185278403
1351831970
81020031
3277835745
2103642617
3539512511
715756502
2432954269
420761080
743676121
1639425646
3580272350
89141360
3901870645
4211871975
995231979
3853481002
1614804748
1249992258
350032349
1165044276
2193384934
2192691478
91608446
3497906980
3827837082
3166548768
932224785
1051771914
2431043206
1044635138
2723444881
4171798923
3581353368
1900654131
1942608309
57830392
1297381394
2641678754
3781561649
2161932502
4062399438
1689458861
2585400409
2482096026
3173806112
4010782732
2235125931
2998738966
2879340278
1590617457
1202047806
2664708142
3382670102
3222292784
3138985154
838682078
1649183646
2975596933
3015526775
1465203925
3967328654
920296932
2526068631
2996025532
3245299523
891990269
1973811187
1659283436
822552205
2559949551
4124284437
2477752133
1452319369
2851491674
1008271382
3088003238
2325269901
4083888387
172691621
1771942433
515113463
2719193730
2533524452
3279335721
501427268
135643534
3758006136
44397666
4294421209
2333840227
2879019851
326972409
307282753
1394129895
1721031164
4025566987
3950819144
2301485913
774945290
1524655274
2184227959
2963414730
4169133091
1657902454
2404494815
1735019602
3115350749
3063432031
3273346785
1924553427
3794446303
3230556517
900772380
930682466
3218941183
3828854826
2008382674
2560556981
4110495822
342029337
4113169657
2961378460
304255713
2775217040
22605958
1000000654
2650623486
153126950
3394255459
3609344561
3134662436
140001916
2546720815
1611962143
3612437378
1691526479
3379967332
3224422497
511229463
312628404
2132337834
3377748887
3221774700
2756462488
646308914
43113020
3944499094
803755713
3911172217
3091743676
3066715035
2171527373
3142066244
1243673802
2605447892
2734071461
779941902
1310051105
2826573103
4129165233
1639682070
2786450910
117539767
1664397763
3041858588
4267914163
3509970945
1791277542
1544448579
4212358913
3648732161
4047684761
3688882746
4167402363
3853273973
1041727387
3918252215
646868532
1272871569
3114111054
413667540
1913895161
1082347412
896416184
2453059157
41074605
386897883
2146140437
2937612928
3542363092
677566574
1709365039
2691411970
1011412332
505309398
837658603
118235858
3945994741
958097566
2094061143
816612433
1340458908
2353196458
1574312374
3436197474
1433311537
1244348628
1305495826
467669441
3438366822
889061390
1173611108
886797386
1295030560
3016431112
4207925484
1661622567
2851971753
800556164
371285149
1103817262
2685973869
2570701643
355589860
486985724
3153277191
4138799065
3531960136
12334833
3188220196
1191198896
3714409776
4183055598
780837153
897475505
2499369036
2099292023
660873649
3104738959
1219175626
1220119798
2655585091
3588754415
683023147
1989965361
1315179870
1757542783
3881413144
1543836864
1760679662
3603717304
1987131401
3229580838
266495804
844503862
365807486
1825583703
3238381530
2162961918
3700006697
1452306362
1657912174
2630803140
1084182517
1990093465
1477513029
3372482127
611367782
3168479554
2504921062
2210980630
2920425762
3070798793
1331902426
3308687798
2350074200
499198163
1978752300
4002030184
1592498946
4223903174
3588400052
3903690804
1591061153
1367921617
1147140906
1840746408
1294126201
1705103048
3459225096
4133941540
3646147612
3828092220
1029782484
356412975
1719355479
2793028660
1449454175
481166389
793932994
380175476
3431441907
1580839557
247097802
2546010683
4039948683
3427950071
469159953
1943196299
3988235330
3922618787
627951292
3973216091
528965987
2970624624
2313556175
3345277544
4225398133
1140910862
1816232932
3705442305
3764621971
1730287052
1420614271
620098224
967920327
2338987641
1400571817
1509595454
1739102499
4146365362
3475269433
3625409106
383590548
1344685198
862515458
3050359398
1539936972
2741113173
3753437777
1136844345
297338161
1645408791
1945390510
2775217372
2745475102
3967616064
455299315
1610660141
1616237542
2529354781
3612979453
1899541105
4104123200
244944329
1465167826
1518972878
1426376742
1316462062
4110750427
1175166503
3057144169
1904474300
1437025328
1692506658
4117942535
3447380673
3174495419
2200572642
2852507488
1837542542
3099509164
63703285
345095230
3206716377
3265754649
3012940076
800981096
1254637499
1979038307
304331501
1553918964
2768633519
155669753
2615029040
2486708595
820145165
3167475754
343431838
66769972
1023295517
516363710
1197905715
2087441082
1427363915
4181546737
1697054806
4010697930
2220381409
493281838
3562967024
766043449
3683312430
110967674
1420153751
4161757997
167716388
933517170
1570681592
3858779743
3785448708
4226705991
1373852087
2554508954
1926319978
69089292
1559016375
920282214
1698561838
1059564704
1099698311
958111679
3308967227
3665956960
654175357
2338386544
4187920963
270563560
2671657652
3773749590
3257956036
882184308
1368481847
2142405214
472348810
3560210706
4129849128
4202233430
2694325908
582168214
1300888465
1266635322
1836782597
2369215895
3098857881
2045332459
1924976581
3704298458
1644388935
1277579158
293335621
4001189742
1161142264
1315307751
1778180187
2955182647
3376427506
1124592641
2291880174
1712427522
2596565388
1764759521
2290406217
4179234655
1302420495
291591296
3602552960
3464966832
4172400206
2774541935
3499369602
441045110
1183914944
4182742035
3315902717
2544021580
2156602633
3926431134
1825654846
2582549807
2489375327
2073620757
2717674704
3660979133
3351499801
1117723739
3710895368
2678800428
3999280053
3382184106
1648941199
516225
2216416951
70138952
3236461171
1644612421
842073825
16276617
544413581
3983610170
1023382901
1057213770
2467886257
393337852
496500377
3745898075
152810414
3846741788
3433082675
1465919619
2200533667
3487038573
3850340310
3917150553
3136604077
1064607466
4211648819
2479619790
711266620
1270900801
2343080170
3839366379
1094160789
686223437
4000509195
3684836294
1695222804
2738408302
841781687
105600431
1785983398
541717085
3444155065
498540389
900116141
2606142519
3874737186
998129612
983083956
1507453994
60724923
959872849
1087952192
3075856558
322670
4210018022
4071265182
3393301230
99522806
1505315123
743575109
3624800966
478278224
1612057099
2352243240
3395870024
2077577004
699109087
739901519
397572421
491312735
4004188426
921584358
587016055
284000361
176102608
2601736029
2547216995
181056223
1931853548
3526122234
3753972353
1727316145
201856832
3057135224
1035970251
3813132435
4282983056
182878919
2575771545
594965749
1132205556
3974023475
3577601211
2406665128
803240955
709555130
583440585
1207240233
3227878723
1689084100
785769805
985392942
3031929405
1236930099
6290450
707820914
3566737577
3433385492
619333163
3558129763
1414606566
2078693627
2930610435
576748911
113779478
708557853
4172202722
2711049222
1508622314
1987296179
996880202
845611466
1994853334
4002141945
2197624000
2497587421
540168826
3717122517
4070235134
882037029
2301017374
1307708049
1460673233
4289447823
3439392172
3723002964
2525963853
3997471029
1191944681
1438618213
2475863989
2184086116
261043131
865784486
855144809
2837092034
3923603908
3015421618
522114377
2992644835
4140817560
313325588
3643086184
1649487952
2733050889
4252828523
4282091179
641103795
2163708018
2794521399
3435429669
3833947584
355622179
2424062831
4045855760
3463590785
1370865990
3737081452
770698754
3721009462
3800289502
2322113205
4259354617
2089361258
1048055171
3081598635
2891814033
1034161890
2313079966
1037577977
2423824555
1195773345
3886991203
4073151316
1205822081
765915941
1089895972
3334056399
1143125883
136422998
3801202949
663515997
50183964
3088145188
1085080378
3136580407
1819832038
1895684032
3105361635
1178722090
1150941735
2188480161
3782667722
1690033256
2153201640
508711920
3507040804
712150819
1002380254
677147387
341063770
2610471848
3314885603
1911057381
704185190
1372101340
3793100636
1539987460
80220190
2635374800
856604657
4187726600
592677633
2546681198
2747980604
3442357847
900811860
3766516507
367718848
835491129
1396617868
2042439019
2448990695
851879102
3865974621
198986681
3518667944
3172378379
167048210
4103347568
1674672091
4274251909
1471258350
4174831960
3418978328
3598466387
1875215388
2604614660
1484234882
66833328
513866998
2615521038
3888644634
1822992641
1347660172
1057013213
2634078504
2762309056
1375412390
1485465000
2184572833
2986522459
516870765
282790506
3133395307
732989589
3364643762
3125371753
2574178412
2844030751
2458950628
59940616
366674199
2502002035
2781740374
3498441208
2149437723
3161495372
1196990024
2121825777
3555458371
607615822
1649386739
2671508091
1739225061
1759061706
537191123
4014904659
238296636
1192740505
1594421366
950203745
2133934944
3495078661
2641888677
4057235602
2360068617
3118432075
4292369092
618791579
4109304448
2672281660
1441136966
970995147
3240341066
4285864905
2057784407
471834617
1420042255
851078887
1460419462
2856547424
217125064
2036480301
2299027686
2052049043
3362186772
1197797987
2784826999
2684557123
3803161084
3815580182
3390138974
558833545
2171535235
3819123780
3677097164
2762122065
717112238
372085262
2919523833
4022472397
3281505007
977530989
1624636316
1122191368
1923509165
1661238662
2233916388
18779740
1552680200
3111337116
3091539731
2306127441
3681397510
1338454814
2516580324
115467975
4015214389
282146553
383932183
4176135055
3062122597
2588166802
3996209912
2550678670
2165391378
976831204
2317896276
1778333079
1461130758
1399839972
8177545
2956312215
873287539
4045081765
612128171
2091939396
851566464
2403278755
2266713001
3129617740
324551486
1480724162
2455813326
679776684
2705421920
1537141103
3282914355
3285756848
1903945018
3074821825
3284569545
2494668426
3206025197
2477234116
2697303290
67341650
455140113
3723284505
3123256920
2501390810
66252071
2206290086
3759110395
658913217
2589490893
3852021240
1040861290
1176709629
49695622
2054161563
3460329506
3543299792
3754918132
3358628653
3415171025
2054811468
3872193234
769496222
4251985116
1353406537
3886039487
3852348696
2148375012
2473007392
2259790571
1904666839
3403060009
398637451
3495303084
3698505228
3562019712
3261835334
4113110055
3902382533
1188259831
3029068750
918340039
2258120475
1310823105
4197014396
2464436475
1342781636
2492057489
401533361
132038206
2385391640
3930820717
2431083721
3128022709
4208038395
3733710052
2364783318
436175415
2021411259
2114733893
1007192299
3551156565
1766128773
3509058843
2758475495
649250786
2302850797
671980403
3172219932
3701805797
3432923121
4159311983
76574918
1704568521
247102796
1999648639
1133738771
1137843025
2076840652
2608738057
3002375223
4039117125
329749821
130319130
3135083019
789541931
819704829
460832982
3435256262
439506888
3920252358
1679536087
3272235454
151936247
1478955688
2037338265
2212263114
3527809703
4149729278
3551902096
225666554
1139989464
137347238
294200462
1060569947
2208430410
2860288500
3214045240
2980502523
1376721337
1347960050
1509472413
563027065
3744761570
3621210976
1385159501
1275527253
3957163812
3756127522
1472388254
2374217928
2759336112
2112631377
2127716748
3651803939
611570578
4127877296
790291064
440375402
3826498171
520870664
744418564
4101966710
2446533100
1095592013
3413762344
1360614818
280243940
250625303
4270371654
119449507
3422762402
3554897667
4045845896
1853197028
2543404353
4246548048
3872157666
4267333591
3795468625
642192778
4201170567
751494146
3949464224
1534409302
2039358421
3778341662
1760813032
705453390
3825654317
159049548
2265073739
1581636330
2020481016
1121629139
2697185447
1043177776
2852993737
1842914398
907745378
2059145347
1587837318
1320021969
2039446442
873195357
1055089708
2230496464
555693728
220847038
2674426761
3295971760
4170248316
443637754
1246145860
66060988
2495756335
2472974905
3055414492
2888750087
1652832438
1656582593
2077020787
1657538122
3525386593
3074603618
3680078743
495195206
2989719477
3913405432
2470084404
4244484906
297772289
2742362411
3478125924
1918827172
444362914
2623070589
1220697068
457669732
2460272310
3599745952
1201920088
3910683695
2348747733
1259353472
2511322997
1986826713
2302842019
1839243920
287160011
4104401622
676075039
3766108897
2065078575
2061363071
74148125
13124233
4195568648
539648514
4144145759
3235494810
3572514056
3562131429
2711648632
1425570208
323977101
3914098433
2332590532
416231354
3603615210
1659608618
1836825903
2605401851
3803033919
2117870651
1336764271
793866858
2500809763
3896909408
9510451
3506925261
489242260
2096296069
1202745182
628363166
150579891
2823026642
1253259550
2626324221
3766924498
3163630022
3657081046
1560992200
3077730706
201267850
1634589368
278409675
2484830799
1685108046
468431749
1177670610
577352263
3589246368
1387261626
2452177255
237590237
1762049062
2036156600
2575685075
20100375
2986521944
2959416345
4175991093
3117654423
4146876845
1930827087
1577202376
2357612218
4000108633
1043179176
2506158125
1275530031
1509755278
3929449398
987645225
2510373081
587935276
1961015126
2233467994
253030076
2406763090
905140859
3043018993
4278985168
975627889
3561959659
4052846818
2056989067
941296094
942316606
3786920232
3739776906
2860805643
2718430780
2471219138
4091141496
1170648781
3118691410
2924972005
486328177
792914102
3572173939
998350339
2698376446
3701878954
1802946274
3260274620
2285562339
2405654790
2317977885
2285443619
1151871272
854676587
616256687
2438668526
2585583979
4009502896
646952327
3583694148
2345471367
2837942637
3745372780
3158270639
290637022
1655780350
3230847437
3825452126
3409926063
741668855
1681294933
898059019
309589596
2736867627
2987130689
284067844
989293199
2501006067
1181870710
1274824219
937212403
82879323
3696223281
1042823566
3004252155
3628415860
1192976685
317502004
1296359555
77358415
2073919598
1647844976
25121912
2595253045
2058593952
874938052
4067284959
3225778214
3013179466
3140180731
304234961
4278105511
2456516435
991353450
827067182
422206992
3523054854
3078706841
870600509
2115459735
3502344544
2695470993
1684220263
2095929950
2357095026
3163018892
1600252976
1449534327
2052813763
1291217125
1527795791
691011239
3232235320
1489382073
3428671194
289715274
4031242951
3226052791
3560039542
3479873922
1799213965
6790018
514010369
337670941
3118256274
3814758071
3879486093
2452266702
3751300272
3247547296
3599307936
2860781114
213724402
1244883400
4058700589
1783231259
2923169160
2986284636
3864831325
981678303
1130752959
1922755216
1531753125
3714320280
1601792394
2288480983
3602796942
3418506543
4112507987
945438180
633130021
611578504
4063755698
4116856309
4228868375
2341906311
1345486283
2533043484
302585946
1734375518
1566885600
1541689759
2901764459
3352043096
2287316764
3051997993
1504541417
3345071198
2892030666
2437639557
1176075833
1099712788
2531397288
2088995042
316654065
2620510935
1027816188
3258613374
211913843
974420785
3846502902
771125571
1350654643
1957366861
3333343483
2442401778
3952012977
564469088
2362179428
1761899479
1470446063
1084302886
4226734103
3524790973
3811329196
349840706
1938557211
1698064600
3710167184
3065711547
3669056698
1297752221
3890055301
1161847246
2331157861
4216469489
1531065998
324389493
2640914784
1405333826
84224948
3205529336
4099076300
223558283
1314672589
60477851
210196197
2446281665
2404945144
3792745204
26445567
2820433590
3404675384
2368575311
286550309
2984949479
2417084209
1632508396
2922160726
4018333182
3379059576
2267065908
3021607087
2212824225
615091661
3142128493
3658919225
805972712
1703378186
3393249985
308813746
1212929269
1183301354
1878032981
930908558
3518277648
2374527403
1874025157
2576310672
1724284510
3708953335
1005308559
3445856779
4277706630
303450822
4277679751
505249754
2976500342
1599779457
950977432
4154835952
3739694697
3668840289
2380575744
430308380
1674448026
4239954577
1367934622
4104427810
3989740444
1218622866
3776818019
4063336290
4225353177
1947432823
1095952560
1871540547
994496464
2707154092
1603523211
3012133756
2713158714
3941680383
3327175423
3730267361
1051249557
1833796708
4072101737
2744047593
974862407
1327885413
816989249
259248925
407067366
856683787
536841068
2049054467
399197224
3306856635
3703272103
3252667899
1333869612
3791646741
3519471921
2839410492
204992816
2874045446
704005589
1929316055
805592685
677478149
2074680286
3661874668
250298093
1922624876
2992244971
27272742
2171398645
2698841873
2800165252
1683890200
1695762322
1090294186
105585651
936143182
287100399
579883413
2412198675
2115053822
4263910762
3488006863
3762134270
2809837036
2353600095
3776317771
1356816334
2045746139
786904210
3389602921
931717342
190814204
3361806048
3664354697
3384418588
460317944
2550364615
804008153
4112476177
3499841079
2380743817
2854516882
2882170452
3964316077
2260366780
1498554489
97936339
1014303597
1972667630
2602278060
707407036
1320585823
4248340579
3227261730
3289885537
4235102122
699048814
486770315
1031634156
1419260625
2160354116
2354659312
2180428767
972431051
1998582279
2727432260
1240227858
1471084878
1426830757
1100870081
1183461237
3390412235
3156182154
1200878115
4133444596
3792207145
2716072991
4072128851
921296158
1751133776
2135549351
2482006635
1620939331
4210989630
1790995409
610639659
299197425
3001819910
786628967
280739502
1742180619
1161303259
1878346243
339236976
3720295532
1015181883
1525926509
3802388516
1465161260
2906740383
148930683
1241661077
82621689
3200128935
4099493222
3062841455
3334375939
1742018752
613460446
1783564938
1338716906
2931268275
1786750269
425868190
3288620379
81131327
4255477656
2604579885
1519484648
921285729
2132798493
3299034856
4212564871
1972116698
3685199177
3473762224
1596667234
323307893
577199699
3061112682
348671163
3894225581
2100959738
2283420027
1020347812
3326584344
1659303974
3021679099
3169275324
2671825259
2389423726
3266009092
1119680486
22433573
285989440
747142656
2734430588
1748408838
1016550683
2372389441
1316960184
204751180
2581838784
1380592214
2138434903
3075331548
1045183537
2800179868
2033574825
2814006918
1602104559
365596768
2426105882
2594614593
1809264462
1771377022
401161361
902405024
3818187967
3001375792
3470664567
3719606103
712268726
1019795234
2002835939
3372461032
2530610405
24508022
2848589215
3124214232
1587436854
982340090
2539210825
2599503987
4026706217
2204094827
624954391
287173532
2557992342
885634788
34769832
1159128254
2840975491
3381976341
4037963824
964957247
289592957
3609511762
2918606407
2941601645
4038608878
2418365917
2795770151
3040557067
915272829
1569073587
4217857974
1517344110
1317136038
332761329
1331330321
804644146
787657552
1321497837
3131230113
3914417136
274794220
2700836491
3521581889
4076090408
1207345726
3301069162
2101334697
3154285728
3393010983
3173013219
1522632175
3009303177
1494321602
3446303159
1534129150
2376549835
2462667231
1699646772
2886241482
3378312561
3800209246
3153391869
1482945282
3835307346
3008606343
656360711
3409364096
366668834
1217947160
1919781647
993277617
2666276327
3055694466
2463029743
1343473852
634307818
2837534281
1624224647
742265449
336544695
1970674348
1320558505
1871962695
15589957
1880186680
323120523
881000192
2144244912
104288899
16167459
4103254093
3452619990
4016949258
3974303556
4163560126
1374307454
3762679436
610878916
2036510947
1522271074
1677216763
1824851611
1644204715
2557827032
237764025
1366017302
3838408922
1445116323
2333682941
131734781
1006455388
2827693714
3644527887
2785664531
2928613357
142257768
1908085283
3904506606
799424563
695098899
1386626337
3954953364
3185856895
271729719
6154738
3149068085
2118139333
1023056713
759500171
394194327
3587001458
2212051341
2698770832
1908894959
3062885735
3762359253
3007782311
1782492451
1166582414
1249251256
3454851365
3876545157
333259071
971164288
3000274771
659846504
1343759786
3056052049
3557810035
697695387
360297170
399992939
1943673642
1550969506
3123570815
743921135
449596640
1503170415
1063602934
618671136
2109273638
3799959067
1186240484
1248074931
533703538
3085936182
3640550816
2116060481
2712016485
1364623715
379160016
4204207566
261851779
3769493096
4182223230
2947145367
420789193
2206176920
2441686148
3966294150
670380738
1422386451
1701130810
841196640
3549093920
2080259112
624729245
2496904506
133353403
2118139086
639341669
3033953809
533344153
1849551014
2257012325
761441084
4237271217
866680788
2367450537
2021982122
3537769679
4187484787
971633946
4176747795
2088389130
3741954899
3667959451
2224226804
3669478339
3979652698
2432315150
3361936170
2441642086
2084397448
3201500393
1350020712
2121996780
2176791344
2744820857
4150395444
1973153340
456106446
2496771393
1390292282
600667201
1771733711
2909922539
2841133079
1233086417
3339935525
1882040243
1137457653
1547581096
3146100378
1034818577
1506034340
2810480831
2912405547
3360905063
1902604495
287644256
359486853
2486523977
1611827725
3903948257
2674149685
3685825041
1007174026
4225560553
2172615514
4255174680
771660722
2234562366
4135221725
3947372597
2443843750
1289918935
3329503710
1795930200
2877052628
4240046967
3889732658
620790205
2007899833
933221075
2290307650
190170643
807887702
637505483
3670083333
991039926
736854226
1490186245
4060169698
1632081202
2995733395
969661557
3133328985
4137150408
2024404791
3443454800
2289900116
1627706569
3424378764
755912765
1116408844
1072935961
509332753
391309809
2303363787
3623055774
1892965433
3464876395
555607099
2795991191
4236784260
1633629615
1961194502
2094394556
2316735221
4118716897
1519883528
1783211142
1941546758
2255690985
273313662
3286676333
1143269331
1028795398
3071968542
874168048
2316767121
3477814499
2681109502
2362858400
2894357335
2832739141
3156877552
3601757909
2990665694
4181884140
1446112514
4204565314
1373806318
2387743203
826252665
2536426413
4246027531
1975730704
1226375914
4044031985
1869731378
4072598032
1119258934
2840536525
3493808062
786028632
3601469962
1678997622
2766247445
3726414182
1363817939
1545107861
1092527761
2890517300
3466158693
3046437552
2475930421
2273938155
2440118212
2852302110
1713060172
2546648710
951577807
1871675711
3856347580
3903966323
2541015213
3503614659
3363577064
1918544137
4180682122
2756616495
3912581941
612693790
2840920559
3740855932
272978313
2867400173
2891592736
3822223313
464909934
759802972
2715011783
750493992
660938005
3070329986
4168996347
3907064370
833692746
2596306027
1775753237
1859990309
2099324517
3958981530
3249236184
131324885
3333777307
3121845785
1374440776
1639736165
1157641364
1647215783
2869675208
1713965613
246682366
235319772
2458868613
3697528639
1330933336
3087572004
1166651825
828127568
3059982944
2113628015
2599374698
2765974823
2940505104
3017619137
3066201665
963119813
2056424312
3560545824
2928225867
792661649
2147078521
3468435269
2292511220
1363541306
2381244667
2795012135
2739056424
3806228585
3391698830
3420862165
1357159989
1780879694
460565892
1996900097
1060366810
1598167447
288036844
3875811764
1436123100
938982497
3904246574
3056905508
3642744819
1342549749
41632380
2167448190
1193268595
4170126895
2622627953
2326203356
1045698967
3516899007
3045125644
1712480591
1258835245
651510223
3924850924
1258379077
2815019323
3904983766
1109245207
279668113
1214174648
3064966307
2740491162
2221502882
3750644896
1719707426
2382401034
1339142242
2111118270
690201059
1037441261
670873971
1931980725
3795970048
3750519752
3241019296
140572505
628092163
2950879482
1183711322
3804510486
3668509746
540291075
3635353192
660162056
3522548064
1368372710
734027682
2925098535
3777102914
2347641178
3625012036
604277295
3134831666
2786515000
968051800
374856064
159786575
2464185152
791751301
1623857627
1919329992
4092116308
2528112986
2977472582
1144925735
4230622662
226718636
734195917
545304326
1683064305
2142586140
2150092240
3541958038
2953048222
2531900772
487439826
3280490558
756428499
3193096983
1506708979
4055891524
1369356130
2718786780
474535389
3975437454
4249862488
1853485534
832585395
3552140275
1902286293
3222835488
1824238657
2144412501
387676227
730559326
2988801503
4269638619
2764872398
1658146093
1891205998
2561559733
2195520249
387121087
4283331406
3389726905
406846804
3127190892
2945949806
3600423375
3779726095
1017627885
1504874984
3114298803
250953915
1238582436
199940170
3219308652
3360216262
782939978
1442656009
3570361810
3552870486
1399535467
2793722331
2729604561
1530360091
2179953194
3889637608
1507008884
968945845
4012115169
837724544
234682677
3037227188
181145792
2099686529
2525866217
207238138
595698314
3596408461
4210191338
3245680698
271422999
3696687560
3673120956
3179837947
1390182137
1837211869
1712821670
1576146201
344884018
1302810104
2231903106
3345806636
21584377
2490458550
440002202
1508525307
1096269807
2638011321
3124238884
4256296951
1943143788
2303283601
3476500367
56088774
1183263383
4033909732
778670401
2381916221
3947439090
3003491149
1273501219
2389268906
3593964658
1088617253
302886236
3617977305
1815162738
1331908786
2452329610
3545557164
3059329940
1559579207
2595197740
937688845
1515567718
741195162
2238527349
762203452
600404941
3264214699
1801466759
2665326651
1673913598
3391358458
3154902695
3450686
3043425162
542496085
986561874
366371504
2162875170
1118181178
283314009
2276740433
794994056
577276908
2046663402
4226210456
2967647075
2935971494
3266976513
4159156410
1792129873
79760073
3390014626
3996637774
3807517096
790373155
3616194787
2322701014
779211457
302817755
3751943792
1983455581
2738926135
3136134810
2100190371
2073837757
1547510367
718519755
1002519621
2592858115
3055655638
2172794583
4025537087
2109852152
1996912152
2609021378
509348767
3849109288
1251967389
4148339611
3176496543
355815049
1402911816
1274933427
3859629244
4272505010
44821897
4012186212
3847402868
918591929
3891696636
2301189526
3493520113
548938478
436182701
3368427773
4244457880
180136708
3959923667
3810811115
2631372580
2869866955
2139343884
2049264969
1487411154
1437784497
3064592208
1460437454
2919590444
2650970837
1280362339
2983276170
3894407741
2787388456
997187458
121884686
820314575
3810214325
2727588375
1039233231
1201608121
2127328824
223162790
2232743617
2994508250
206832701
1256452687
192603394
1573485419
173136261
1718245547
2526674264
3695169787
254242193
3107945502
1057922172
600940497
1622095507
58148709
4222947164
2343495696
2863905515
4193206854
2703152367
920418086
305194337
3549957068
2244043433
2143786497
3064426500
2108508564
1808432230
844079146
3803977946
213199245
1367354602
998600335
1064986128
120895236
3577183414
268108440
3311141984
1165666164
4084774052
2208933080
757717314
936604279
2812387148
481430811
3091929494
59218140
3040852960
1876504237
754955797
4149410886
2502192545
3181849307
1919192809
1192552369
101786951
3685438459
3637738297
3335946440
87750530
2712965983
3590766640
318269538
1118827664
79359637
2753605654
3322868428
1492319367
2630149576
89817996
3721547118
2175170676
2842049816
1029513954
761287283
1127882871
2271938040
4122718738
3478189334
1149598799
3405170350
1270288217
3671796105
2310709065
2701833052
2790375536
2675641605
1951388232
1661632053
4045816804
2047214733
494735924
2044937972
164688022
3035635081
1440541588
1307603448
2149799623
2308958291
2180428135
3239406976
1441117730
4072769915
790196061
1832235647
2763546726
486560442
3516065575
3952294135
2846122059
2079849147
411645788
1249009055
3444686939
2423776806
3985638525
842037507
3775439121
3553759253
108414183
395871257
88522947
3001388
4249362638
2664564072
3255519030
847364168
2221770473
918757076
809446947
3920025045
1726395538
295002506
1449323704
3894324563
4175831525
1492645772
2096000700
2961599630
4233868828
485547252
942583548
615044486
529222388
530213918
2389603725
4174095567
143423559
1527742157
2082396133
1527411002
4168941827
1871296967
1181478088
4272620722
482972055
206842202
4212989174
3135317438
3818013074
2624244345
4288581993
2190812492
1128917673
3656239303
1914857525
1194828095
1912003045
2126744830
2094544190
404652032
2400156238
3352156547
3995943958
837068723
219168497
4256331818
3219903653
812765842
2882822329
3383452380
3679453336
2231113891
120051633
2378402871
2902657524
2278986677
3116055721
3159204932
1530326850
369302106
3142162084
1039660071
1249412906
3834333928
1793040517
572483199
1476409412
319594137
385788178
2239376641
574531310
3415358064
1588697975
3083283549
1836144848
825638881
3371156209
2158619188
2617623402
3824645887
3034142097
2928179717
1650503830
3509734863
966113888
685927159
375642271
571999391
1194837696
917160283
862433937
1082911370
2725025599
3355953965
506905288
2352382102
3380644725
2067289048
862030512
3782738630
302407582
3488750965
173003733
3219347871
1591876725
2684037689
2201565615
1133774483
2117889642
1768066882
599090063
1887557040
1206138081
1609963538
1410981119
923258348
4003443248
2354231125
2220877774
3771033424
3549906299
4096196872
3859772634
3118185235
4277998772
2163018485
2764753364
3597365619
973940723
3261688993
1309800338
1383362930
1666896024
2103108781
3831195991
1351802437
2429151954
2946695521
2760446447
2433464886
4221252891
1707120018
1207621803
3348496113
65249574
32765324
642576812
2431140011
3089649208
3773783965
1375406008
3810696402
1668771285
752672929
4257710667
4078264089
313464789
942426393
3671836725
2001722148
30355419
2964397074
3140441251
2449075615
1166136067
2580273966
1270298724
3072766333
2291224102
879578651
579607689
2129907629
4002311360
965629942
3271128807
980052556
1840790971
2986138476
3795545839
3823001444
3729816485
1258167768
2841063035
2550715895
2522683996
3150217685
685756914
3846181831
737449687
2395280081
1025368493
3968696774
983559497
3141327276
3166107769
2224178869
1308142865
3508445702
2371137508
196870056
3663405674
943272711
2484222186
3549593213
1435432714
3027893965
1057728029
3323730666
3274260358
2112460423
1908094895
459663112
2338436667
15835609
415161122
857139905
2309233451
1671093308
2241597122
2200111673
3276688053
3676042170
2434798781
3993789231
255103021
1437613030
3199616077
2045509168
1032262991
691586347
3785562999
4043006990
1278982883
1186533349
4016636467
661455983
3118217719
4282337444
852988716
3113445778
3071178078
167295008
3810588297
2752565050
1475876341
1507333722
168956116
2838041200
761151164
354773401
964730392
987462283
3432043175
2655012913
2607027766
1475437725
3239523684
1174440592
2329512773
3058878956
333963730
4293643762
1327535767
380390862
3989902363
1685396034
2665305992
1134365542
886007710
924753781
2317079907
1758044816
3281743283
3233815645
990032959
1993220122
1476646494
1201597540
1061165802
3979927927
331185039
3202526990
3132635942
3478247834
4008029298
3806274739
3662330535
2527277104
1214661395
3349851858
1418036171
1667477319
4156850631
3288014
3680613777
969790944
4156073889
3198135053
855168500
989757263
416467130
1703775000
813232510
2735641312
2232548245
2417016008
3197116507
3737218073
818818304
2576942853
3828324402
2768489737
3275587188
290698685
281058507
635972092
84326557
3957043700
2026798067
1216362901
1391340052
1780455848
1291441877
1933124960
1953510771
693963493
486421878
1822815682
2687260028
4205771983
881911339
3718041956
1929715663
2294961521
3885739341
4204303415
1860625158
3989559842
2830358085
1970849003
2236444112
1435368940
439541341
3612498951
1667311355
3257505513
788437200
572721976
2627310052
1006595242
3622208571
3366280437
1964300634
2493709756
588250667
2734653326
541241346
1281711613
1621793232
3187830043
679150831
2726397096
2809695659
2651892383
324061633
2600858241
852176707
1909468129
1980684937
4230540255
2961630823
1632782143
3699448701
2775970122
1447474576
280609498
1923659881
3687945258
2238304566
2469827650
3993666674
2200007402
2185282803
2757301780
2107211892
1187538948
3298615576
2162425261
2150075188
2363254828
3097308543
3432197711
933472106
2496206152
874157220
2070319583
3440755811
812018620
2128987430
1449128132
1092282433
2499840265
2207444690
2477309087
4044201897
2818492533
1293765976
149883139
3088570514
1738671768
1545054168
60028509
1017164367
3531908372
2068896359
2517067623
2850853445
9145824
1098643008
1423519588
2937387711
4001189098
2985413422
172331404
3102504947
504252311
2318635885
4084280972
694044562
1123504819
2339978484
2545956809
3704711258
2735501304
252110340
3853881438
3501456514
3094277834
3776468920
424514603
3260790098
4048955932
2512156558
1854224882
2142690611
743856969
2189987662
3632457450
2681305965
1939470577
2694314071
3530330644
2683427369
1164661887
3244052044
1950146231
138118011
2918933029
623767922
780691617
2809741610
3892782728
1607677920
3540392743
1622083738
1951681488
1397664716
3721155967
666015411
1838812650
2362409138
995426935
3023013010
1354997767
1044112969
1014400249
1612619073
1463725661
1385576291
1494043455
3274597054
4283844010
1625486773
2138802064
3432154630
3466222124
239792954
4134087592
3504951709
3409757077
732959738
852360279
870839565
3563641848
212213850
1157070206
795074159
2424475460
2037443110
3297820046
3083164207
1435556350
1263167322
3075074451
2722592704
1419885390
1546584814
3577978536
243019741
2609323971
3300302196
2984308199
596585967
3024849041
800234536
2335003428
1849747737
2432335883
297796944
3666648287
3600532600
330661783
1638760104
3238696648
3036938332
557400362
1868833037
556329904
1613137416
730038491
550253772
1724095452
3551027903
3107244214
2061154846
93849422
3524738365
1353928663
662637768
258183156
1440959228
2035617979
680341228
1153348743
2120986504
608693408
3157746306
1099869293
98140632
2122631365
3806799081
1308337214
3983998911
3697882059
258554646
3842527137
683288094
2020616533
3136097686
3282193019
1680590396
1760230268
413635893
2142432797
3270027786
3694792957
4179457774
4252264386
1952954958
819960593
3971088670
2363959140
1858003717
2106748881
2164659431
1941413244
4077028307
223537709
3354844812
2554504235
3889352667
1287144985
2733156036
2493804366
3701481923
1879759881
3569399800
2496613491
408468060
613418998
1995943413
1506804261
1797514339
1850580239
2439466144
687766456
1481346967
1649898302
2116142039
4097301880
687317674
3931202125
3592734103
2611037972
2713524409
1285585667
467762090
1960106249
1900033397
3720014692
4052212762
1826697054
910780699
1979435272
3566610275
1646464050
552823
262800161
3687970283
2462654793
3384149996
1619794327
3862080596
4278920184
517311271
946790420
2382223494
709451058
3127962372
2055961822
2299696038
2109880479
756228707
47125271
414206530
2090524659
1254704190
3798627205
2004433753
341985540
3662661608
3449137959
2730094845
2866104325
2246148513
2175822939
4287957362
502186330
3281237567
3186925630
1719029379
3228425633
3410405885
2855267757
3356752608
906712307
2375640703
4192016195
421012943
2460384523
2568694803
795409179
3571198862
2282803813
498478980
2276352466
3732035016
90899021
1935046847
3526966089
3730902597
659029801
3069783408
2260095278
2404671384
1123466008
2048166328
339524718
1018705352
3687666565
1571633004
3179526453
3351972135
83378672
1392440521
2685204448
1203400385
3404762065
2124843100
3360145774
2943453406
1717261873
279557193
3337347541
1806850474
2821960375
3502820200
257843344
3789590853
1150840922
981438318
415690826
3377929776
3842574743
570675713
2143644080
1694100746
709523180
1078042241
4071590700
711569560
1731720032
3838771144
2153455514
481215565
3511923304
672897923
3818776410
2316486509
4263051192
3795607599
2963865892
3236081790
3618088977
2077860502
1866040286
3684710577
874458751
1905133530
3854874633
1506198667
4200595579
3949678584
1093680593
3456440497
2836760002
3751235824
2050219808
3328044055
445675498
2832397783
2342426438
2916243490
301072115
2691904105
2604791068
2026899386
2888366808
1780944989
1661548530
2300111793
4036693194
4275315013
2450647515
1156861113
2608385400
3790639994
2590081543
2501966420
4233192312
1222161536
102956367
2049253330
4025106357
396293540
330483032
1611260909
4089955866
187206364
2287174221
1784765553
1008960387
2849576340
3158022882
3153314943
1617803128
1782188264
2750064311
3972242903
1290535910
1965260432
3218532536
2078622696
4286069107
2876082189
1316438221
4132240304
2786916873
3333454660
3729384643
1924566534
3782066467
1535837656
3994775994
2192159869
108994800
2956462059
3301612652
3308729083
1279782289
2382384252
3557050270
87237277
598960366
2859034841
3138101101
1885059735
3449162351
2876858747
3457417561
762007990
3627050610
956292045
185356286
3458026428
524936870
4110018004
2500963238
1965915794
3845354585
4125955534
332080659
2723095422
953360591
2455351801
2296088862
1708592453
1812410283
883834258
2213643396
2579245925
3569157654
3696477825
1779005241
1961732326
3257867862
2169807012
1283194019
1825791312
3997615728
862280459
350526628
3431169003
3883168283
496154641
91015038
3873716500
2376856146
3526230778
3687575258
3197175410
4215464860
1372710025
1819197924
3551183698
1450281211
1435355386
1552179831
919868617
3503126228
1963923675
2690510837
908707437
745447888
1894850444
533427733
1528243270
585357574
3471275940
2939481782
143664448
255407211
1225579548
3900266677
219042364
2374211002
3387343530
2503124652
1268072367
1925888007
3533057858
1849252691
1443493766
1854588142
822544696
795003511
2180736174
1732192420
2802265455
3623861913
3882602866
509776743
1936387187
4259774367
3233944255
1763485127
1591599695
2880997061
3078786444
2165167394
3074209284
1563424850
541909738
3142028053
3482904412
2923671291
4229873366
3188212201
2556903246
130451255
1082813289
1787447192
2648714830
1329547868
1746135087
2603344548
1034721653
2079394842
216262038
1729025351
4159427081
2662619342
2229861753
4076163177
3480973357
451840310
1541734996
2406911565
2329782698
2431092522
2119944919
3317209014
2848350472
113613840
3556532140
3627992650
3843152702
1749545134
4290438272
3554335715
2253691672
1398904158
4070782791
177178033
2298249372
2879496317
4194241302
4039679020
2809899017
1577434787
3627585802
1602283771
3487552469
2038629502
2066135865
1816510639
3311532865
4190318111
2696254095
1137120332
1778271747
2331955195
1656133296
189514566
624551980
2084925424
1120338390
2058331088
1348837120
1146901046
3401838766
3236959457
120804970
821771729
2405265515
3160389445
1826061647
3834177256
73463340
1930648253
1419219777
1977788872
3347972040
4201320100
2039790007
346666316
2435799658
1489528327
1419252673
3145414516
1102618594
3663848926
666089330
2653846926
355696027
662119077
3759244511
1559372181
3303913091
3335343344
3599131810
3303141316
4081044011
3970501300
841098068
4018395126
3884643902
371079199
524960909
2001850451
245280384
3267963578
3552637860
2249077260
2894532314
3232993029
2146868568
3680600098
2822100342
74489909
4144420902
2894878587
2293531947
2371245427
175688100
731297409
145001939
2017529296
4181417108
888316962
3561659532
1069527847
2580222252
1323137048
1204543460
2488945088
2488996432
4261994174
2722444629
4050040884
882112120
3720506509
576938053
1560804246
1193433552
1899892214
2485961936
1848556179
3377542591
3621174952
1676705382
944631006
3555650077
908697135
4110101704
849201705
1588341191
4289073473
3390683622
4139844082
289261717
1645143841
1748120740
2397049003
1849741129
1832217625
2697438576
2028783695
4107095241
2111076680
4201314544
1178862824
1515901489
1767632450
2420339430
1757513707
503256197
4025408681
1506743210
2247014709
684381673
2618425568
31594775
2877401930
3250200181
2033141620
3418168955
3572806845
2144417661
3672511064
1980125701
1272916776
1176543072
1215259729
2276232141
3621860384
430453962
1254180286
2164719199
2531981510
4247807150
724299423
1652918412
3412263736
2478928550
2272738065
2509528183
3627499515
1671302271
1252827387
3211633223
3684507076
4236825248
1274268270
693172813
3068951974
2518037595
3128131076
2185553862
3969497565
748360251
2174333213
2634479124
4115793603
1127677483
1871176009
3565228577
4094077035
3398157889
2985956661
3421498250
2665805218
836601924
3724268739
4013073889
2804015897
2377442019
3613237559
157662804
3410466730
2583625910
3898889707
265640684
1337187796
2146056552
3209521884
3872150459
3263081634
3450627315
233972252
2142415628
4258927557
1272542374
1256457643
3643381413
3348853208
204066724
2393803966
108833875
4050886649
2130552426
4120818047
2301369624
3336357958
2701240641
3113580204
931269992
1494394121
3259620037
4091282774
1497111443
255936676
1843045201
335718977
469957111
2315844004
42658529
1697171041
2877093493
1788556757
3064159314
1581337270
3137149377
4229202510
299425907
3426944316
1518483109
856417455
2517075964
2778586663
3834040634
2835311926
1834761452
30397892
3795923589
1828242674
875068209
3978698701
2393342972
3544471614
1819014976
4137660586
562232815
316092440
1208377305
3413352279
2801955658
2746203450
613951514
2700449650
379507001
2715468033
2577376744
1113813972
3896276050
390865384
1212214772
3636269471
158367056
1847404699
2432664367
3058470571
3059097310
3131917307
4125406204
4152543191
1353150941
3954316109
4244372759
2677095209
678003155
252085382
724786454
2973432358
2326809038
2781416800
1002889604
789888577
3669712690
3838555292
2587567524
3858929716
472691542
1687011590
3800381128
2552705751
27588244
1084605006
2244468391
3210488173
3998387810
541902309
2235969803
1114270296
1540790859
2154413971
3525606725
1021201495
1299176121
1770432377
1706092485
1216977918
486295783
3650651485
741860313
746049072
1026037375
3422083271
2287825457
2227492711
374383123
4247757054
1763830233
961893576
197782782
1566118955
4147125378
1282582772
1590568326
3736730317
2965399055
3277811877
523011348
464947435
2190848868
559513642
478064228
852695315
2378302919
2131345417
4169722234
1806447054
1105028169
3956309531
4190842746
2697521199
830427875
2220113232
2310286214
2079992270
1166000571
426013788
1559081106
49248203
2198203568
3180176272
1559469717
1020749852
3704746664
485771269
1146445824
3311667704
2078393272
2666680160
2452245273
3412209641
1920657800
4211999076
1939812588
2285012937
3960016171
4059855566
45116618
3515633458
1078853856
2309588559
843799748
1430025956
398551749
2791021544
3667469561
1894222183
3286347831
499295203
3735557891
4055532034
481140468
3435890333
2618169207
2618049283
566077226
3486116191
2660571687
622992582
1996181352
71516845
2094280498
1180552890
2343874263
3200830859
1238492255
1891657219
3688760746
1655597655
2287251662
4017219687
1440393978
4202490687
1286767229
3741626481
4261183581
109167620
2637726904
3826241468
756714806
2177246494
1575767687
751716553
3737501861
794421953
3446944837
3561399273
458771720
4085299866
387313095
40350000
4204104874
3514571316
2008217669
3259646657
1980106837
1494305132
2980633442
1645259505
1894975939
732268033
2573186581
2588738286
2724035612
3789846100
3940886269
527241752
1778951719
3877459762
3914767060
3477662653
3838801453
421002776
1905405224
3524172823
2714969114
1379792258
2563519858
1630069420
1449842775
1276629038
781319048
3862998145
2927189593
3232976003
902065460
4171941723
223062166
856780116
1653297267
2584625635
3197674929
2140612693
521775544
2130485759
3544572489
263205099
3939430262
3607562500
257498077
983198555
2655910909
4078911868
1423116590
3987785898
557954481
1753856872
1121141784
1367543765
1424667988
1159964173
309653516
3974004596
853318963
1195283452
2545531219
3063842390
2522006117
4170275034
1801937168
4059865029
1989846279
648158671
176372748
698772083
1791561854
1998030684
499246642
1168435153
1466899695
282111710
1047804932
3398296461
2233594216
2617440683
1771599504
2363434798
644877118
1595418586
3294727442
2325686999
1435310567
860695811
3852325505
2480950522
2548848962
3029455228
3078151444
1771769328
331344174
2158882698
3569107754
3499377478
143699432
2986427167
1501365174
1069273838
3487678859
1653105387
2444295293
2243920375
3094599329
972823822
1325575782
1788857598
992229549
231304424
4179505246
526996573
843920440
2981375652
1394052687
2458190608
346398776
1654215383
935574484
2984169751
2485562407
2618263351
844825168
737921225
1876442490
2051047194
3718810438
58528872
3027146273
2037445379
2991405276
2379645715
3434128509
1433966260
1580962230
798431603
3879218475
515372399
3061716901
1705197910
2918825178
758422941
2540022352
2323923574
1203799330
3714610218
4122866975
2674824410
161577709
158786062
3082802175
3430741971
1205584267
661030238
3876211642
321089857
3573610070
659724827
2876502771
1267902368
4268647912
4266746299
2216057299
35039014
3723543706
198646956
2668128245
1442066244
3258887263
2391295702
2049314789
3855020999
476305046
339469966
3308455330
3988700432
4089853316
3760018805
1950236931
2769938577
1332701748
1418514682
3307873702
3844800576
951053602
2450786072
1937888014
2432367432
2059176935
1998327667
2075923466
987835453
368820510
523544111
944878059
2067862346
1262108139
30877485
127320814
2220115487
816350662
3904550556
2646136172
1046412424
1848383985
2602054101
2533659932
25842407
2024688361
2290733271
2195745799
99576129
3036986588
1126363334
3998928639
4278189177
1351572082
3614967028
764318332
3314498226
419298723
528445410
3843121527
18229817
3693413772
117958197
2502736848
3820837047
2189002673
47583225
2927466091
2409141602
1737707763
3981677840
980962545
1595176803
2035860009
1960427127
979084862
691799314
922472185
47960736
2616711575
4044560947
3854088700
3397213215
2157242346
3280875852
2442765388
3020076194
2195997841
1093525300
321789150
2536748008
1934960765
1399044768
4030821045
1269179510
1509789714
2247617233
3808847733
2730658196
5294273
1915396343
1259948892
806351750
2689042797
332065354
3307205730
146229890
1577345907
1713906146
2103086217
291767077
3014468410
55795646
1306289311
111168110
363995975
1432657820
2804540921
2249566451
4169140957
2974948606
301838510
1479114738
983949764
3088117208
2804571064
439382841
2604622034
403089773
302130568
2199952862
78897572
2018107813
1451727030
251867645
3855478943
1709070522
1022503799
4289519263
1430311727
2944582804
590261033
3107711453
3411597413
3023981572
3569657438
2322291437
3161471282
1541387407
1785941424
586571137
2473027224
1159789322
683109464
293274089
17294775
2908996988
3752961514
4195316651
2528374132
3459071097
3993381122
896936825
1995112933
838880697
1844068851
578438283
3522382749
2816186249
3153392803
1980292944
2967962764
2382797887
3372591415
1366163035
600269880
497975302
3598058730
15585216
1830956762
2671883998
596681317
216653564
3276383389
1478832743
3437455991
1874325038
2307501437
736516850
3151278638
1286519110
3386194754
3924483340
604760339
4213998242
2169179256
653756551
2087731531
1793160526
4239936652
1786889958
167356599
3576054144
535464592
2503906402
2145360658
1894805764
2620718838
3020880992
1383995938
975644704
815388400
1048777075
1802493673
3954905328
3905031308
2797982659
2989559414
1405235429
702603713
3447451085
715826992
410184186
4068297372
1175617267
809952297
3195260367
150485092
2284218070
1054608247
1148134221
4283801516
2146126493
2123945805
2088354213
3392064247
1188639383
4170485886
2554501972
742922792
353265503
929906705
3122202371
1282849703
4286690050
2771063100
1542854579
1928294689
755407782
4171490575
2684897142
4283025220
167583941
4227652881
756761666
3189181013
3918556568
3383720176
4202401877
4114274247
1553869684
2561617686
1096515615
2237858061
804218396
630474913
2828656915
2577432279
3347145559
3991400366
4048619229
170861148
3826129090
2019632962
4280791522
274369063
2407367265
4193513925
3701022946
2785234304
4020194993
741178494
1647039353
1291095785
161412158
4113353694
1549275835
3632818032
725131981
3465676898
3944883284
3716309719
2875760539
1462510682
97087293
2791683468
154154461
4031794910
4046732515
76130641
1420009522
2735651939
11202176
2300214720
1167247504
3057612352
606224182
3664730755
2609787861
446205708
2189356404
3299034035
3708555025
2218130287
20429782
321463614
3604806764
3205678078
461962079
643846003
1123935293
3956001087
598028784
3951991785
3787522554
3781598407
1222870479
1878558814
451770458
2700679561
2226604469
2575962226
398229084
2827087115
440215451
725655105
1571868043
3063342364
4093153650
3741374788
1831243
3112666547
19326728
3858643052
1487059905
3612881077
2238210429
215648382
134443419
1823352064
1646348909
830826419
1760927305
3414801321
2246452803
540694495
2767207534
2501248546
1644897692
2897067372
1163708655
3097792478
462378671
3948257830
1000658838
1018427394
1641747931
1187222696
3763774555
2768147070
427593274
2687543289
2738792045
455752691
2348245956
4185486861
2942104967
1494794667
2857482663
3331572644
1347828925
252654725
480458918
3547649289
1396836930
2397353285
2346610145
625044798
1630131971
468595919
539601653
1430880332
1939267628
248182838
2024573832
1579690671
165768931
2191057366
4151112563
2673566265
3784399336
195404033
814981405
4024210049
4279854675
1107535470
1968842583
2736695359
4279696610
920689176
292001016
2728365833
2056740862
1867939177
3322409720
484249954
3025581300
2578497025
4281896987
2618631269
355670812
2698193491
618379767
2952041232
3712700614
276510839
1184628176
4207525800
3832627200
1553966974
3231240610
2656257934
3375251018
1317736142
3772058177
3124297021
1644494749
2653354929
4027445700
1633507359
758724174
292149467
2968208830
1560254010
3749155216
4215359416
287867952
3065144948
8601471
2093320107
2032266605
850803815
1495916474
761244889
2170304387
3479014836
4002743793
1670260572
1199315717
1575907521
2675233970
4057158652
3878536129
1209126737
3545012064
1198588902
3616103188
3697839641
3692357101
1716535161
484847064
3030900408
2795476120
3433476825
3781146562
875189379
3890981755
1368394330
1902345081
3763691040
3465193900
2664180804
3954780312
3286514457
3352726136
4251434842
2900951001
178478117
54790286
3365970585
448943950
1725199827
2750418009
336504198
3348826514
3177799548
3667131781
3658302250
931259003
856719375
3389056305
949541478
2101078259
3045974883
1034827621
2994150413
3702315430
2241431834
3649554340
823084949
2017198221
3899644305
1882158688
1726964669
1915872927
379043655
4075105981
1910422139
3100011985
2083944125
1443815139
3329426533
3765193130
463080490
1778444563
1412166430
1567820153
3668752188
650574910
3493381857
420818091
400252439
1796180118
3499080353
3555643430
2293863951
205023924
909800121
3003667874
2415902177
1367205868
1639890682
3950233005
1737137480
2280090241
2803511443
4109236131
2254430612
4244897425
390333357
1635447217
3714463185
3031759450
305195426
3795346469
1030809477
2494182011
2304732553
2776832141
55312553
219480471
3212510126
1991688564
2036655547
4096787627
3524455664
3243436419
1365765937
1629270439
1094447371
2632910180
3656427231
85758129
3314704487
847997487
2019930650
861360511
3361995141
2354204573
379627372
1492010798
2152004145
2356354919
1944110449
1774390097
2722842057
1993148843
1058047150
1602070325
3217533339
774514846
2419679627
1279790749
1714892117
2859622552
2566898675
1229175331
3950554643
3871451096
2108155165
1875870744
3202794657
2479483685
2841891235
1990505645
342245083
485283914
575740412
981160339
3757853848
3901420983
729106217
1621908393
2628136892
1196445830
2265453583
3339921403
1725330980
2123143715
888601174
2209095647
962119787
1489249023
4079635264
405391113
3582367212
2080735868
1860869667
2955736459
2177557233
2119100243
597871855
2146639957
727217246
3941190908
4188755707
151730513
698394041
4152647680
2152649827
3206196301
1146479808
1601103793
2426320010
2245066132
2350897244
262053616
2964914245
3048027560
4043275757
815693233
914698110
3902875960
1087242621
3232641806
20467286
1419369389
1281941627
1474798063
3653475389
4005829419
2270591352
2828304407
2546392738
1735710808
1631743895
986842066
1766133587
3728811193
884637840
3388512484
374741829
298217623
3913337773
1648316835
3224739633
1275336947
1464492971
59644262
1038074470
1689908007
4227032383
2929399068
1359935328
2528477712
3689768850
2057955284
1052137710
1235142584
3687684703
94874255
4127600953
2273309358
814458102
3423965937
39853802
2819394136
1420992045
461888621
2669602838
2033323999
3696263491
3626223796
2703278459
2374995165
4108851218
2286843393
530896112
3613980344
6436415
907143481
3694073593
1919923666
2815966983
2133979925
4267441397
2813531983
670844558
370906006
673150781
119726999
3603218718
1716918425
2737930387
501725853
965380658
2836004478
2817814617
1361157779
2147790690
662443119
1982330106
1502146452
310665691
1593227552
888933327
2714312784
1376738914
401672426
2459835118
1646110808
2748030611
2045944736
1673280062
11779393
4143232673
3595555541
1603542306
2234659084
1195448315
4229916364
993470113
883080120
1260110497
2883759714
1672830841
3649857479
1872646174
1654721526
2580418761
2670627756
2600857510
4017934593
2429661821
2900535351
2403466681
1963850436
1261790322
4087720459
2434174854
2523690735
1178288771
153431235
1033140010
3261358586
1953917988
671438670
1907748816
3334433045
1841181194
2072066893
2486846072
1018115998
2378878810
3988553008
2586761277
2557561024
462331300
489948729
3700637182
539956313
163384446
3332346236
2290973524
1100165654
1505791439
1900132455
3194222791
1504256237
501578032
1568416551
2309226456
2292131108
2969644452
3191235673
233973215
4000670398
850777615
845274774
1551401284
1465085458
989337434
3068598863
1361669156
1429381684
938100322
3488724119
344342593
3428247557
3577770379
2950680717
2431807754
844393793
1508349152
2844162952
2397738998
2327365359
3044955691
840952292
128955552
1924137507
1776055883
1056325217
2673304496
2975524309
1112211839
2468897917
2936512914
2427019136
2981662293
3998567348
875330323
3958257322
3060846634
2338160395
2078883904
75525514
3580510229
3972367632
1092215137
3775940195
3603940127
2245047193
4083742789
2171881912
2769298359
3426965615
2485403220
1771399701
3834642266
2490120318
1366027710
1616175568
454101465
3085140229
1799112677
2503769259
2676513432
2912455233
1958963508
3935874319
2325393397
2242731619
2517763936
1858943834
4213677015
3175114485
790579610
1688537175
1238598355
1601204822
2068961876
1336475071
2080439138
1671430743
2868012750
3387899228
3384868313
3257592972
1275015191
3892196986
1119974830
821252377
207131508
3115826884
468079984
2093767328
1905875241
3008531477
2015745968
2770826024
2396865840
262414037
1209464540
2328250235
3822734595
2368012539
3427615551
2389706325
1594472359
119447245
1213448552
190267359
1535624657
4069133562
1813177403
1333781499
4288137133
3483107676
2143523593
466331587
2556525426
123402077
2948142520
674903574
1393594781
1048088076
880545142
2418785075
100657500
92887645
3783643332
1307974144
883123983
4094251926
87498703
2761244666
1977333135
1494814471
2690101617
2587402155
1685394195
142880702
2676343683
1495213273
4007089513
859333105
3811570584
681740616
1383421667
853378360
1185614718
1057262531
553405519
3853877185
135670926
2579232529
124242403
2568770677
1150568745
3066492318
932069873
3598673197
720526897
4229092492
2556296616
1370836589
3327220406
4030722079
4212099788
2608533931
3913710129
2339479061
2942729389
1698222816
1458704271
2365559153
1891098546
4262181135
1677796592
3638451050
1321179507
2249017789
884705567
2190042720
3086452613
1714093961
4187194236
2024105305
993143684
3196316204
52616288
2467496452
1595889787
2629148257
853603723
807261464
4145259116
3378390266
1421688973
2114540923
1631120500
1234147930
1963698448
1476078688
1981660026
1929457743
1833025661
1566377567
1503087835
1722059647
1728759929
2966098903
1528870059
4242079287
502971751
2565006697
4012975503
2377800365
1545143632
872245552
3518008323
2500563075
306160695
3073803823
1767282190
409760105
3143116397
65858293
3510098759
9283826
2295051516
1922177495
2647747342
3786706385
3480346870
2004784603
4133687019
1804320108
1145451095
3586799722
1631484116
1390970514
913425558
1580657182
2754408306
3283693827
1038033607
818031163
3162075192
796448771
2007610765
3632708424
4268367696
185866357
1411044901
4043213707
793265198
3499392256
3049859616
4184198505
428912013
2188006426
2452189172
1990294011
232814681
3900586470
3579815696
3919489227
2887678955
3348078009
801881153
4265761966
2124822168
609649142
3948878862
3110563129
2390958957
1502401143
2349002382
30884796
3576412171
2969795054
2744665070
788009582
971396805
3114300411
3894013747
453029872
3439280129
2999503527
796271389
564824639
501568429
1816648675
3542623922
294885841
984619919
3399616054
1213165906
101381296
2096948230
2248153796
3832670583
169220323
1564250762
2021926463
2534431944
3491369031
1024673513
2172501874
2277695465
2628661057
1063474560
2029649444
3815516806
511276148
4213400894
682822632
1780009587
1332113711
850852416
2763782475
1003515135
4125426198
1683623753
172947811
1218740358
2656763225
2491325292
912979252
3247766541
3552219504
1632179233
1186656455
1738912213
3769443533
3882385177
332018303
3686487727
123098538
1430355192
3198650446
3797229640
3248348122
2080476266
2897580978
2191506591
784441552
116360235
4154590901
4279758227
4166900729
2709587205
1076094417
2491847483
996278586
3262437829
3581344481
1703168065
377044450
3758679919
1362083910
199783541
2558646483
1905349524
3168602575
4032134284
2556909053
2573934528
2672427889
3372397686
2213512528
2002673119
153413726
4144135570
1535229632
3139720346
168654971
2706507511
1730894492
2262148783
694414631
2060627819
2338087125
3511609604
4143166856
3475139517
2075129482
2332642139
3892037831
4237228123
1895207721
186121258
1417079783
2977103998
2442726753
2375001616
4153499148
3652164030
3116423562
1067708994
3006038995
2198724423
1957149606
1416881189
2950904460
1487903654
29597064
1375217413
1070482366
1802484972
2355857310
2578617573
3552471669
1055013839
1644840687
707390212
4258553915
2563980612
1563809438
3019326085
3827037510
2888852774
3352731601
2045623037
4141009195
3555180235
1936609481
289426136
666155074
2430207527
2168395656
407166301
2118371854
4043094335
4227117056
1372530629
2510798708
1846040561
3539330390
236533006
594129334
3417077353
4038093873
3819006668
1996194276
3071679746
2817704085
3292411696
2119265513
3475150058
1107044588
3445546252
83861262
2495027383
572927374
186095102
2201473858
2647251784
3298339773
148051057
880635204
1530109901
1539530592
3159571814
1585477104
4039094798
2497694913
1943578005
2927578208
3860696572
632757117
1250204494
1895347489
613868198
507565272
3559480140
431249487
3457125414
4202569637
3281330327
3604465593
1239978243
4250424764
908576892
1616102246
89720493
1700728276
2696938371
2874965729
2828644257
3848431910
1044621549
3965536113
1889308024
2436138070
3180641248
3630288508
3762168392
2425293422
732240577
729906104
2501489506
3430993612
3593945668
3824302442
2995319285
315971840
1119302005
4187282245
2766802885
1669622338
3382756232
44367808
1897078924
3307578141
3746081140
1895835449
2336690464
3523626389
2786010423
3467560754
2649683655
15563763
1748827343
565801846
4279398569
18838691
996986463
2769297834
2001595341
2178193251
3935960486
3026480421
537419246
3628383693
1181006289
3557773931
2818728114
3087334120
3042443844
807549185
1888681576
2995769739
1435402344
973029221
1536755371
651667824
3842641465
3868642101
967063010
2384595622
3344530871
1129384450
399629888
2841704982
378973957
350156327
3592166536
3127593616
4261748195
2943396996
3353796784
608021692
826000484
1061251769
3887909478
488402529
1223606966
1802224621
159707644
1223764611
3319767172
3792764099
3533387207
51675631
1703888115
2541216776
2300924732
124747851
1479950331
3499472354
806251538
2979354702
219175262
3000272625
1978729799
1428015127
15754802
3759142931
43309294
927437385
1617010451
2555804419
1099420736
1356996677
389050654
498455943
2829471973
2711215344
1804955695
2772829425
3647489516
1139541139
2993295921
3943524980
4079991867
2265838594
2313392672
3756440133
683873672
636577222
1387647865
266533061
1210859207
856208416
1207332221
1914821615
1412130245
1036218352
1690533193
2249480074
2512183069
2865769759
1855540806
3247026956
209495055
3442278457
3670771890
1578446288
3564744287
1606183986
3375774227
3564574763
1028486352
295716845
1929074511
4272622872
2431335371
2825511459
354644570
900324089
336853588
974282072
2547203920
3426433083
3780020532
465368824
1308117015
3524270612
2444154231
1616757693
3883275916
3893791529
3433566934
1432535202
3435898524
3771277020
3470666219
87108585
1484592852
1506491366
1172180954
3586996681
2253479080
1893766745
3538676726
2635351897
3947601259
1087381457
3765914137
2211657418
523275589
3337671469
2458142903
2520813929
2295348475
2119922756
3179612868
777755939
589378241
113456671
3902061977
2864639279
84860782
912135011
2683205214
3028846651
3502244249
3660974328
468296560
4064034998
415524853
1543809865
2441406298
285163623
2813203305
4049805100
3424930955
991544846
3907470873
3123302867
211321387
4253651812
2873570969
578805131
660012345
523382023
4167366415
3742538537
1932119274
325609563
1963425969
1979398339
1647976086
34844367
1661439203
1833247259
3505379077
2270265479
1273756661
2534394185
522531490
3676095880
2250460987
3265350851
1628206187
3496122051
2935517942
2277102485
1409777408
52251445
4278772760
1133227074
3904682399
1556648818
3277707739
671366817
824007359
1531371100
3171861943
3262436969
4135326483
2065856091
300585423
3779286083
1912775377
438626712
902749603
2613104440
1817101063
1555495029
2469568395
4284242145
3773620328
989745896
3594235690
656691222
3422231367
317852544
3052573088
1283511166
4200824982
2702509194
1437987907
2964884525
1893835095
1863017463
3556334248
1038842975
1282865029
3397308002
131773931
2742780153
1010691403
3237997621
1760737203
2665144049
92629113
3239875771
310586351
404694524
2306302605
655905958
1846373450
1783352786
685800438
1131713184
791147736
1268006589
4060327538
4208121872
40469257
2786080628
447652265
3462349033
3182754317
2410947808
3841465455
3680043818
2325488870
1470494320
811801493
3746535981
833724783
1867731376
3067406989
1449391442
3287758770
2600339819
89014665
2969646334
847507563
4041368151
1991489237
148418278
3018437637
236265182
3694010844
2876377603
2228202362
841932722
458186459
3201838585
3200521479
2429522006
3657756177
2191426643
4198126048
2977173108
3822399824
3712911655
2073421808
3850280370
2093681729
2559847109
3349331092
35107640
3273935259
1786208936
1381652163
3966077822
1712887562
2874487714
1277451982
4248790677
276974033
3037327007
3588354311
1249828976
2757057081
2171541495
794205658
2177400197
3861357003
1484067488
3997557587
2888746006
4071096949
3235110163
1626624517
2419116773
1271075833
2391825624
3126888567
732016924
2436563767
596571588
1767117936
2665346934
2141421553
4005349144
437118033
3756092268
1548081650
1899325377
1101799331
4057207153
4122988575
3026882044
844623979
3500087227
4168846133
144592756
2035557115
1191847656
2528271529
3373838868
969911058
1921579756
218938086
543731993
676763536
3612715209
4051694869
4237221954
2621011034
2883783321
3462859102
2245540569
4211325787
810444610
3565462837
3388447314
2040816549
2831462233
680407351
3538606756
33196177
1378009511
3028756336
4047225653
3877073275
846244880
1384059045
2199882244
1977221114
3144785514
3085764369
3747340554
2587324483
371918673
4010166656
174718093
1879023968
4151612074
1213078305
3111141854
4122676977
2208041253
1837318223
770322413
2943192400
377913160
1647377339
2940427242
1351457034
478341998
3946616635
2809226327
3817617909
455308778
4098203553
2060314791
2602965944
1146086376
845651700
2719219556
473513781
2939575857
1289919696
1652408476
4257268613
543412045
1056264032
3214743839
1809003826
2490188621
758708047
1750804260
4183313849
1769917638
1437501140
759753667
1150726070
152096146
704688090
2858832216
4160673741
2348948185
3747664635
4077457343
2114263932
3497293543
1447784948
102579877
3662508535
1793695011
1348620664
1362530214
3740765980
2805895436
566613272
3692346199
1703763635
2917788941
1736122386
538734371
3570555414
719504883
3699890972
157404786
3379191169
2424690645
950745411
340893199
2803763753
757324665
2450247974
2383322743
660283533
595522826
263662540
2808862225
797342937
599701905
3179118443
710732794
4139898705
828464626
1248691083
1025531204
1880252312
739984756
2309530269
3521181847
3439233491
3044024639
423957942
2513292752
2221351764
945946361
1643867261
246366366
26984878
1299556558
2110519305
1326023007
1146024569
1361072394
263178656
1746522744
2175313953
2627608260
3737592889
1420184418
818358312
216163353
2593073259
4131489109
3847952670
2237422486
1293290428
1803823394
3644655741
3875263925
2453297731
3009434962
2920108668
643471367
1135685674
3637632655
3210513061
1325268583
937452335
1563116674
4221080448
3592219627
700182052
981926895
3927078439
1418271912
3005826390
1728182961
1635790443
1594734873
1035841373
865332899
1240889527
4001021105
1687804396
1383178957
2702357856
3723714972
2610036144
1212104916
3861446004
2549132445
54169960
851372212
1787494226
548758258
3537939649
817720975
4065613669
4270040511
537129126
444992617
694469016
1931932304
212279399
3463013453
4109680063
1557529592
4040248347
2311775273
2689146069
2142085050
2956147798
3655182159
3120463923
4283871981
3361325262
2871701947
2928749551
2859989521
1681088854
80822896
1329627509
2871301526
3309708234
5399971
762236579
2965362217
1323528988
1397956427
116736064
564156907
2551266947
563470050
2120116153
2377897671
861566417
165925176
1329585922
2260916581
3281726655
849371799
2739021514
1990694614
917128735
3570694492
725005621
1132589058
1850786843
4290077371
1649592911
2662630296
1519138290
4118791803
753846859
3404670576
1401013161
1952535758
381340436
2376010835
1351670357
3619616008
3263045249
2920023860
2010166744
1632166799
2139589985
50995766
2120268632
3067067820
2804217948
2822371230
340313122
1501426928
1209631579
4158641945
2136022490
3010458363
2442946468
2194468193
4279964048
1394928339
126843781
772785436
381216721
920683261
2216123391
2940219889
4048970731
3422568450
2104887043
3466258909
119764261
2887363235
2133274717
1050688050
2481944015
3550057105
107390250
1684798975
3305738857
2342545627
1440614682
3395328163
620904843
2397512037
668308017
2195175777
75098944
3326253778
3690760588
1612894354
350436944
1852102060
2664236458
525038343
1614185447
2258702263
3219798336
1870569406
723769023
1924552904
2859980412
4160001280
4064010045
2453374096
1213345899
3109768063
616435854
361941251
2182513861
359921272
4068857845
939637371
1820912746
1801134553
2957491592
1471591398
2947371075
1188737097
1265068112
4035183343
394616239
2535662808
3388307222
1078230604
3612179002
892693484
1582676332
3456211650
580951189
2034804772
4093512194
1943835746
301270325
2722365889
1470712133
4279962454
3601659462
3111291211
492466601
664013841
3049538983
1618915037
159220819
4115932061
644356707
2421337030
4252962853
3515683823
2278866860
1836788756
2163771586
2271432747
1168656409
3138711285
4163075414
1116392370
4033541170
1605330882
4235857532
2443081012
3235815980
239090202
2208340905
794080602
3570264688
2689624919
177941296
3519019825
988843707
1749516896
3450129839
2129140127
1004554711
2332578875
2114913552
1733947740
2849624729
2365047137
763918776
1193651956
3445396196
3002071937
3013016218
87981457
340718971
3162563161
3743450713
687599801
2844331276
152249420
2764180500
4011440197
765938089
3195154266
3842013384
967473104
1139252934
4193932367
989215791
3148254543
3451043456
3493402796
2035982195
3381386831
2433719334
1185897288
983438899
3559898920
1687251984
3399404029
874330549
4292444853
4001183393
2091462724
1581516206
3702044157
1352081304
2883178019
384669257
2011114911
2000939563
2407240304
181291310
1960590455
1843548555
2341976751
307720657
1263874696
3303769266
1977551072
3316233016
2567774506
2975799924
4076221775
3800536919
1936989486
3790454589
223096040
3269802768
1311114615
4171320692
1683589964
478758022
2958138493
3941454554
890930271
2638778388
1988102871
3371716369
2407502075
2651319425
1638076950
875301616
1080397219
59062449
979014711
1787031791
1411306841
2039414919
2046889251
186601868
3946743534
1196772299
3553732134
3470970145
1677770363
885799729
1813256568
2220926717
3076458587
3429828196
2265011986
2205199950
892563728
2402941263
2279427653
285518974
865211219
2718144705
2561805926
1533827517
2311410241
1499814179
2100821541
2997891500
2209110257
595891653
1608454879
1558114610
2610898106
393045019
1554873046
4216978653
840267518
837942
1357179392
812718938
2620704648
2048408794
1813110580
430595353
1962280302
2920739212
2907903023
3090161036
407078283
2822781553
1245273763
3328092372
2210233125
3079282248
3224869241
3683326137
2182196274
1255890442
724915095
2783204463
1441542620
3699607331
728211073
3816419385
3858192450
4233679340
3871399277
3156810952
2975917250
3158428330
2407261395
3184608311
2849267770
2916498506
501347512
3541019527
3578016347
2102461397
2773790008
3327595044
3132647934
2084346771
3271696922
4035830878
424402819
4294124484
485804011
1148225975
1487315250
1317302101
308331804
2609559949
256684993
2453435554
1654954423
3400777875
823009242
3475693211
3272126613
3657654533
384390401
3870725386
3842742880
859176432
2294403438
1284150044
4113637726
4027264747
1509311837
3382363460
2963156534
1508234112
3457924194
668224874
899618614
1072337638
2900089770
2760918194
3065027305
1508285262
3498146840
2292442156
1632034524
2647869374
1841128068
765904682
1816406050
860770707
1656252617
2415973249
4060331579
234906633
1943033860
4242890096
1328135021
2763603439
4234504574
3411776635
3397624849
2250414206
3462496011
39933140
2964228506
55387455
2396873958
263831501
3297665852
1656920139
1804773605
2432463370
2079633612
1751271084
1624996460
30632794
2756650449
4293483251
1055928974
3363605647
1741469840
1328390498
262499271
1854320828
1985351859
4004508816
1700779292
1546132543
1272037756
1603644362
3928209778
4091354156
2078153412
2149088738
1010750974
1615979729
887252251
357218922
444950153
2684845132
3656649959
3631175916
2861154873
3407708166
1380827426
1240711712
3366807565
3354210596
1437582041
409831087
1357333404
1464919934
2418201919
2132106774
4180458692
3526784025
2761870592
2947678536
2514385865
1755307135
2489898393
1084159137
3063894701
3519092826
1515340367
3130660768
1661814595
1886018384
2812747378
2263194805
881978416
1172643343
2438870065
3670356481
2807106071
87343889
1147193939
3303984064
385281211
2070666164
3183142719
1405820307
3290299928
2508492382
3023479862
1805817145
1910579717
433844599
462066996
472275634
2018974368
3691451669
2888886137
3747649028
3526758505
67801480
4030918002
3471296007
3371346887
1205523447
2811329041
178110147
2335200270
3656566606
3859133874
765635023
3869301638
2865381266
281006849
882823356
1374650212
1517342787
1327972226
2552039300
3627503562
3187061265
4015627240
4245575240
4271367194
1750023361
2168124271
4173273048
506255899
4290968872
302428438
3341241997
1631101224
1709960885
2618023284
3052146091
1452633656
2710619218
3163678160
2210027085
1955043987
3689969200
592153197
1665036524
3071555806
411940511
3707510298
1963095027
2411694724
2323288697
3394853216
2363831942
1473959479
1605665465
3719083521
3240388303
3300807881
1066121036
3923740277
2747652278
2978687836
3612462828
4275485243
2576987436
1790199923
4082644729
3865774004
3209185469
2925853139
2605423667
3444107974
3595317525
3462976628
4162401127
1320223851
898012144
3003833588
4147959688
651692731
3047465757
930886476
1633604652
642272067
1376518375
1235323961
3631740407
2481864780
1399996555
2811209728
1603784266
3417583198
1272898179
3666872172
4038568400
3515200328
1345154791
1696968770
3624368715
2022194628
4270874506
2263010405
1541060425
4140148206
330022515
2219385386
2411373179
1958413158
2745815784
772139563
3665191125
1283003059
1466240394
3109721619
3863591859
1967564230
2125731065
2855349423
1116798283
2733713591
1944628094
3700386487
625831309
2577147341
784685815
1171618393
341759609
3243512314
3118293019
3418725844
855807391
2218152032
1004507606
3607883403
3664086467
454306408
1048865117
1588697892
4075631448
729690575
887514018
3059812585
1338016224
2803007944
1564134734
4043322047
1818714027
3633733382
161403561
1261105646
4036058127
1836211258
2818997785
1731140919
3805512456
3427435062
3640780305
687545584
1839848817
212529133
944300001
3646100326
1925964120
2315204276
2530413661
2232987964
1808968277
3276047556
1866370770
2351337825
1328185291
2563887825
206728431
291572589
1005735381
3768534111
3715567892
4007580768
3573467168
2671758234
2701298517
4173683854
2621250930
786605702
3824543120
2245470734
2656238461
1320893146
3919552854
1112016328
2140347603
3423365254
308911364
2890054314
1511213251
1864208059
1523605112
862435653
109491921
2139072292
455125329
1102168112
4294406503
2777779655
1329242919
1204141489
2002486306
3756638592
1004701247
332002941
356967848
4102441994
1322108110
2382924528
690277313
1478557014
3352056440
4049630859
2113413675
2831469643
1720339324
3750764618
1229030567
3140584775
2323670744
1660747551
2780461576
202512276
900813803
2311292815
961375742
1424410458
1660812084
229380753
2145157689
3476318617
4123329165
3392896677
653611009
408848463
3549236249
4104698323
3314923960
4030047158
3446685080
2878511576
1858339918
1600200191
2882959932
4224121432
4075633161
1106947233
2225087201
373726791
2920011332
381240503
858854868
829428977
2343845981
2444469404
2962370130
1271344642
2767618595
3642139778
3234584669
576010196
3245390754
232222779
3550737394
2294288418
2095445639
1618036873
1364211460
960646426
2358550707
118537173
4199611422
577941300
2170462604
2355279442
3400669005
1455770584
834972308
1701831160
961836511
1199510854
1644533235
3093270057
2101179497
2493327920
1455058145
622786073
3782487966
3241324315
2952764657
1305680342
3114358062
1034524779
296321913
2866766873
2986908173
10746882
621181408
1015541875
3808488903
3550842957
2377976368
186500836
2009334878
2989014065
1966169617
2428229117
4160262856
2000684702
1598276025
2751968262
2761677457
2720428688
180622829
2044091260
955655433
589529533
2619563170
631814577
1814831364
2389762317
4182547636
3748926426
354605430
4075096203
1191107005
2637210179
2376461376
2604505747
741275737
2146163214
3680725411
3596765698
4095206398
1499065207
1751698087
767139845
2611180462
853667958
1176497088
997556386
1391488927
4086382719
940001515
1479693837
730160608
3384180476
2125678307
4068235912
1454137721
3477016535
665393048
3352479781
936372599
2496693164
599644746
1246273315
748913387
896127330
1025808771
2556296285
897521906
2006565036
427003421
240401406
2371551786
2822420324
482366162
2923405993
1609014636
2161843286
3707100413
3765126570
1684717064
2815255762
3709080437
579431540
2814917604
765548839
779769995
3968830961
2317583289
3694836160
2694871566
160998125
2471523599
1937371600
3085092909
2377000376
1311532687
3974537736
856410362
1776279289
2037192535
3082107162
948632355
105614451
3760172360
198830916
3754437603
1109134055
574930532
1500709833
2287746767
2753833789
2918549587
1711848752
1433307506
930409501
2025318069
1819475486
3072416195
4269262743
1143988794
2527340542
2354405227
291866821
1324194074
3205903691
1285736339
4263004182
3363943468
3857471271
2415227484
1306416183
3160018336
2480184182
2228157553
1264226060
970790421
3404851970
267590867
1374665158
711347590
3530706792
2607996906
1628760509
3979829061
579240450
433885633
2807214237
317177392
2409222869
1271918214
2216487399
3982671287
3022328442
4294710917
3147583497
2140274705
492217441
3556592735
733018101
168583815
4128170528
3183848207
2628789439
2871587416
1961898728
2835720132
2193825619
614862481
674658588
2497001344
2081888728
4171684580
963119183
2396710690
3125838700
3716928993
1254069016
1291153212
1603965768
3503152391
3872554728
3967699661
191822951
1871207225
1342651246
321754534
775208226
2257364060
4105256652
2716096774
1926083909
1315971577
3480957235
1120034341
1383536057
2478493361
176391469
3611459236
1564849008
1630541593
4076703451
1253500222
3534324781
1683247877
2418642293
2095318627
3126746506
1547385644
3823638165
1596822764
149157782
647040684
533168745
2176211361
3001893835
2733785037
2721891148
1001271424
1485519244
677937181
340356209
481840323
1240440565
555143034
2475764774
1483054944
802360707
1855413713
1014768560
1943040557
3015004947
3477212058
1405542541
3823845079
3104532850
751227274
2522077133
2621595715
2040507371
1588477950
834808498
4138109678
305714365
1063009473
4187626434
2835873983
620159606
2677276996
738915058
1193134763
3432310414
2805903717
3585269367
1752084564
632331077
2526301873
3583205895
1899441107
2348122661
1339039551
789852987
1768410673
791914874
2446905179
4098635162
3128751476
2535724048
914176294
509854905
3202563271
3955106182
3992595252
4241977289
1559280775
2792790942
1430002181
4023670136
1419781363
3196139591
2016542861
3046152561
3509151110
3763084564
56425693
3076507532
1761977111
1743662460
2782986618
3957314560
1809268946
5799673
2576504724
742202191
2220871953
3353197263
2110990810
325190867
535883863
606178840
1192055716
2761548610
172113468
22171898
1763893970
3030608048
3980153495
4174245135
285770063
717049634
3305201813
152796718
2933008787
3298446218
4226681446
765366793
1675083366
3563626973
3723026630
4145412062
989727379
1687702439
3401018925
1805843430
2748443327
1001320253
3924426959
1412407691
2583418865
1630829075
2364849889
3311068505
908333185
2788304870
3212045076
517361680
1779426767
2151965786
2349160866
3029277140
2561024140
2523416311
3369850608
1950697071
2385731691
2219803929
1308677088
3883392346
15862461
219163519
2003756049
2067149701
3014976250
4169529064
3540535706
3974424665
3575792671
543842896
616472085
2246671522
1991874527
3675049961
4088433905
2331874319
1572214441
2161511563
3840405140
1589592534
3129298051
4063222124
2757583851
3288036577
1316237733
3560721513
2172589411
1804350608
1732638160
3511147122
737552116
798331552
3063089890
580451926
3333804409
4203009155
1901289953
2172031262
3568305706
3483034238
3988572043
2623617603
1595465203
2017476380
486981122
1474351626
3776359242
1786894376
50507602
2022322004
3932304946
1840251217
3763987488
973624407
2065745579
4101938047
1791163329
2761415255
1313508533
286483140
2539487978
175726718
2793942134
4185647088
3097160603
911835920
70987664
2986596641
966449750
4213833670
1378484433
3433469682
4280173495
2851594398
1301784068
485789326
941700287
4149432119
1755553191
1569181794
780113245
2742211338
1561771799
2533648987
409593096
248853031
3112898659
1158140686
2590643242
1381956112
4217533277
3314409275
1839974265
779417522
456791846
2608253906
639386241
2924162875
3496202364
1856706114
2455826919
3658764546
2216579359
4283899284
2747640941
1234707753
1251835723
2682345699
3027866894
571610308
3835353916
2894809868
2079858909
2249456798
3259601382
970066942
4183987593
3653714607
380853976
402503147
1417130896
3004572619
2353020117
1552657133
1796956979
1603908021
4191350189
100887229
1257587767
1133176194
1596041300
2186796456
1940468522
2724039673
3157526467
2344311678
3934445353
2949709082
621257417
2129150029
2644267125
11278583
1691610943
1445886975
1222338037
297870620
1436509578
3463057763
3163413113
3359394381
1754152665
3549130108
663826029
1657999467
3855526235
775146176
4041511390
3490440282
3825289009
3006501427
2651752585
4083625898
3857592392
3572481797
2366821868
4185663185
3339816487
2221027336
3548210147
3123382443
2980935385
4015576261
4087266073
260256713
4076537928
3644589913
1830542320
2465273298
3653520463
361173378
672733939
2120180495
1922730536
1099926602
549224259
2097554234
317717065
1906319376
1386337337
172672441
400991457
618127007
3765090256
2565846762
1314437969
3567987994
3135307915
2681682415
3610462409
2928422013
2145193274
3605747462
668267307
3487400335
2474917430
182338504
1335688465
3288067246
3332833798
3108362177
90666082
436662695
1730738883
405927283
2936664754
3033384680
2513252884
1958070131
1373601468
3690214463
2745900499
1573851294
3391716714
1379796311
37477662
3150185468
4069746558
1055959780
4012005468
135703147
576571645
2171756840
4165134172
2416526495
1887423081
2806747284
1320702165
808617869
1659684826
455449783
3897465754
765567947
391809487
802088705
511383118
2126671632
4161577146
2268008447
3971327625
1081002502
2350236534
1174192709
444728974
756514748
3576504556
900800521
1443443917
3087485112
3076716192
1407691972
2398429660
1542094370
3808461223
2459965037
2032904159
3907133540
2776832691
1982508041
3280392924
1046301642
2972596012
3364865070
1215081841
4093810533
720549565
1429588191
2257668940
707746982
2340690688
2137191422
2921991999
1180047356
3089802865
2369987406
183430737
1355533826
2571830351
3965689229
3840997365
1712522827
4237343405
512954733
3332968559
2124645677
4069965896
1046630479
3879909912
1993757044
1955070211
501591644
2892475735
3067257874
2001675297
2136586395
1169707086
1246897101
2166793370
200997053
839647579
3907919293
2804054069
3179471195
1336262017
2153977901
1750029912
1428685070
1867495117
2698827237
4146822887
1521168794
1607528821
3906922300
2771184626
1488051506
1634366263
1008182749
1822802888
1245043067
1122926717
25472286
254031683
828396388
1528721101
4002418872
3449185494
2954839893
2741388245
2991926941
2930327836
1794926068
1485908258
3088851423
2022106638
3219362550
1693320841
958886932
1058164332
3754461576
863420591
1044398628
1373696493
2187827558
1216230012
422937917
4111421935
4206078566
3471957317
3098513327
2917762277
2359285029
2438711958
226781029
1421825567
2041614964
1595324364
2769199704
560727849
2548038529
3613628931
4146084128
1226664858
3537647862
731635227
2678503704
1816984109
1999645968
1217134043
3070019276
2032458087
33049049
1726372982
665544387
2074091485
3696494977
3800101435
2441524597
1680124908
3356151894
1688248779
645706673
2052428875
1020207575
488831118
962526776
2963521981
2991668025
79414957
2967000379
443211662
1424121814
2280865042
2474538676
1988339255
142213294
2702719750
3515972483
2792332177
2093036318
1509389796
470265774
811826965
1645280089
3567672644
3746757176
4073757522
1633656457
776165640
3047210347
3368956972
3395358550
1643712631
1676383846
1126687060
3088637233
3672140210
216295439
2760405644
2017100605
1789369196
3949758520
1433969105
1836942971
3343890815
1121435482
2920148255
2562204803
2584161609
4252975250
641383329
4059731902
4292967204
891258620
1346779387
1304280733
666196786
1644634905
1062902586
459886789
292431356
2646683610
3584023306
2787509656
694069825
2691971278
3128636760
1769717840
2859802900
2811143648
1742593940
1123745119
467240988
3980888472
1745940949
4089143466
2395309193
2488516362
4270053868
3681531680
959114134
562341490
1340335057
3343474925
1309335972
2050160783
851302603
4080194434
2493966927
9625438
820577923
1790851977
2206006617
2517723150
2182304047
3410581573
3812599240
51553958
2924937471
3098931144
2996167345
2222511519
3921732365
2529618908
3778663034
998644423
3801905011
3126230306
2880206734
2849937647
3510431948
311779545
548411048
3311526124
1577678059
2823290563
1030899430
3831112667
2245988142
3678478016
3617554937
2554725436
3814381392
3478372003
441323983
3114687261
2459364528
1262026093
2046960302
1587899658
2105317382
416657074
1145578764
2393506352
1935971106
4087915570
2237492590
2460637556
2616700365
3895122065
1659732048
2854003419
3526240219
2389886847
2731286482
4292317216
2350660904
1569066012
2886937981
633241583
3360806333
1375564680
3178173290
2385206004
4002833229
3267550971
2303546961
1469031089
82727935
175254001
3424156531
2735928160
275953347
1512701835
2462496879
2006550826
2836673408
2478993023
3924704519
1947084070
975119096
1472336767
172375337
2817270314
882288829
2833044922
2507001320
2770211435
950228948
141274285
2801974840
2312107670
1797992024
2482407832
1699627979
4079328061
805057037
3005656321
262694693
2800561713
2468846817
2955498660
2589963874
2797012461
3698840064
466820738
1338003954
1734101986
605523066
1424741161
560101386
2641538603
3120784102
531539234
2045516682
983369483
2134048887
537557382
3243515325
4007971876
519322363
3072010462
3642980507
353825889
3189780573
3341857403
1413208786
3973452476
2729716429
2690774554
1089451502
4187090229
470912587
480491100
502039690
2429285903
1135113477
4283600165
206172618
3371793155
3987924407
3033148103
3741761634
1302038211
581712332
3244880601
3188125265
2861050522
912577690
206462262
414807336
2475565201
3987725602
1171495446
1132362397
2429849890
2123119656
3918897284
1886148072
4196001164
1785859609
2103169936
3964737646
2326131344
739495919
2891563039
2909147241
4216354300
2924581269
1683544394
1160851370
1166729768
3481856812
1610566652
2419213730
2457246782
30089379
1361532847
1086009596
2344126018
1960454346
5864224
4120689385
1847362840
577164209
3939661326
2978380936
446299347
3393461662
395341145
581672040
3097755596
56801575
2581743598
1049063682
1913549811
2947440042
607505201
829286802
1902487237
925286305
2022945482
30127512
1345518800
2479208694
1542366124
848431575
842754126
4061888889
3758201204
2343543720
4143604896
36367966
3266638221
3673558309
2799510623
2348328232
1755580548
2880272713
2986846993
2843571065
2011867662
2884941830
3005577898
1384558055
2983512507
510854596
638818013
1179808767
1571531436
2081402560
2538400568
264006870
2729869554
1894173912
3864884607
3051018998
3551408182
2696830512
1634886812
1275141987
1056134338
329011100
3062586381
1907470639
234441060
698731250
229112806
2024725303
3075462169
980115456
3664026118
829347469
2086702762
2219765943
1852719183
3570771122
195974253
2435217696
180663748
3057828514
2238789544
1101064947
3704085207
3782533053
573518826
2624769777
